[0m22:06:43.992447 [debug] [MainThread]: Sending event: {'category': 'dbt', 'action': 'invocation', 'label': 'start', 'context': [<snowplow_tracker.self_describing_json.SelfDescribingJson object at 0x7fab10811eb0>, <snowplow_tracker.self_describing_json.SelfDescribingJson object at 0x7faaf01bb3a0>, <snowplow_tracker.self_describing_json.SelfDescribingJson object at 0x7fab109fd6d0>]}


============================== 22:06:43.997444 | d6d7b475-e030-4910-9327-85c081d2238f ==============================
[0m22:06:43.997444 [info ] [MainThread]: Running with dbt=1.9.0-b2
[0m22:06:43.997985 [debug] [MainThread]: running dbt with arguments {'printer_width': '80', 'indirect_selection': 'eager', 'write_json': 'True', 'log_cache_events': 'False', 'partial_parse': 'True', 'cache_selected_only': 'False', 'warn_error': 'None', 'debug': 'False', 'fail_fast': 'False', 'log_path': '/Users/lbaba/job_market_pipeline/dbt_project/logs', 'version_check': 'True', 'profiles_dir': '/Users/lbaba/job_market_pipeline/dbt_project', 'use_colors': 'True', 'use_experimental_parser': 'False', 'no_print': 'None', 'quiet': 'False', 'empty': 'None', 'warn_error_options': 'WarnErrorOptions(include=[], exclude=[])', 'invocation_command': 'dbt debug', 'static_parser': 'True', 'introspect': 'True', 'target_path': 'None', 'log_format': 'default', 'send_anonymous_usage_stats': 'True'}
[0m22:06:44.010018 [info ] [MainThread]: dbt version: 1.9.0-b2
[0m22:06:44.010514 [info ] [MainThread]: python version: 3.8.8
[0m22:06:44.010797 [info ] [MainThread]: python path: /Users/lbaba/job_market_pipeline/venv/bin/python3
[0m22:06:44.011125 [info ] [MainThread]: os info: macOS-26.3.1-x86_64-i386-64bit
[0m22:06:48.930061 [info ] [MainThread]: Using profiles dir at /Users/lbaba/job_market_pipeline/dbt_project
[0m22:06:48.930485 [info ] [MainThread]: Using profiles.yml file at /Users/lbaba/job_market_pipeline/dbt_project/profiles.yml
[0m22:06:48.930758 [info ] [MainThread]: Using dbt_project.yml file at /Users/lbaba/job_market_pipeline/dbt_project/dbt_project.yml
[0m22:06:48.931199 [info ] [MainThread]: adapter type: postgres
[0m22:06:48.931478 [info ] [MainThread]: adapter version: 1.8.2
[0m22:06:49.007346 [info ] [MainThread]: Configuration:
[0m22:06:49.007773 [info ] [MainThread]:   profiles.yml file [[32mOK found and valid[0m]
[0m22:06:49.008038 [info ] [MainThread]:   dbt_project.yml file [[32mOK found and valid[0m]
[0m22:06:49.008298 [info ] [MainThread]: Required dependencies:
[0m22:06:49.008662 [debug] [MainThread]: Executing "git --help"
[0m22:06:49.118473 [debug] [MainThread]: STDOUT: "b"usage: git [-v | --version] [-h | --help] [-C <path>] [-c <name>=<value>]\n           [--exec-path[=<path>]] [--html-path] [--man-path] [--info-path]\n           [-p | --paginate | -P | --no-pager] [--no-replace-objects] [--no-lazy-fetch]\n           [--no-optional-locks] [--no-advice] [--bare] [--git-dir=<path>]\n           [--work-tree=<path>] [--namespace=<name>] [--config-env=<name>=<envvar>]\n           <command> [<args>]\n\nThese are common Git commands used in various situations:\n\nstart a working area (see also: git help tutorial)\n   clone      Clone a repository into a new directory\n   init       Create an empty Git repository or reinitialize an existing one\n\nwork on the current change (see also: git help everyday)\n   add        Add file contents to the index\n   mv         Move or rename a file, a directory, or a symlink\n   restore    Restore working tree files\n   rm         Remove files from the working tree and from the index\n\nexamine the history and state (see also: git help revisions)\n   bisect     Use binary search to find the commit that introduced a bug\n   diff       Show changes between commits, commit and working tree, etc\n   grep       Print lines matching a pattern\n   log        Show commit logs\n   show       Show various types of objects\n   status     Show the working tree status\n\ngrow, mark and tweak your common history\n   backfill   Download missing objects in a partial clone\n   branch     List, create, or delete branches\n   commit     Record changes to the repository\n   merge      Join two or more development histories together\n   rebase     Reapply commits on top of another base tip\n   reset      Reset current HEAD to the specified state\n   switch     Switch branches\n   tag        Create, list, delete or verify a tag object signed with GPG\n\ncollaborate (see also: git help workflows)\n   fetch      Download objects and refs from another repository\n   pull       Fetch from and integrate with another repository or a local branch\n   push       Update remote refs along with associated objects\n\n'git help -a' and 'git help -g' list available subcommands and some\nconcept guides. See 'git help <command>' or 'git help <concept>'\nto read about a specific subcommand or concept.\nSee 'git help git' for an overview of the system.\n""
[0m22:06:49.119392 [debug] [MainThread]: STDERR: "b''"
[0m22:06:49.119733 [info ] [MainThread]:  - git [[32mOK found[0m]

[0m22:06:49.120044 [info ] [MainThread]: Connection:
[0m22:06:49.120389 [info ] [MainThread]:   host: localhost
[0m22:06:49.120635 [info ] [MainThread]:   port: 5432
[0m22:06:49.120880 [info ] [MainThread]:   user: postgres
[0m22:06:49.121118 [info ] [MainThread]:   database: job_pipeline
[0m22:06:49.121366 [info ] [MainThread]:   schema: public
[0m22:06:49.121608 [info ] [MainThread]:   connect_timeout: 10
[0m22:06:49.121848 [info ] [MainThread]:   role: None
[0m22:06:49.122085 [info ] [MainThread]:   search_path: None
[0m22:06:49.122328 [info ] [MainThread]:   keepalives_idle: 0
[0m22:06:49.122568 [info ] [MainThread]:   sslmode: None
[0m22:06:49.122805 [info ] [MainThread]:   sslcert: None
[0m22:06:49.123043 [info ] [MainThread]:   sslkey: None
[0m22:06:49.123280 [info ] [MainThread]:   sslrootcert: None
[0m22:06:49.123518 [info ] [MainThread]:   application_name: dbt
[0m22:06:49.123754 [info ] [MainThread]:   retries: 1
[0m22:06:49.124377 [info ] [MainThread]: Registered adapter: postgres=1.8.2
[0m22:06:49.136668 [debug] [MainThread]: Acquiring new postgres connection 'debug'
[0m22:06:49.177677 [debug] [MainThread]: Using postgres connection "debug"
[0m22:06:49.178136 [debug] [MainThread]: On debug: select 1 as id
[0m22:06:49.178443 [debug] [MainThread]: Opening a new connection, currently in state init
[0m22:06:49.421842 [debug] [MainThread]: Postgres adapter: Got a retryable error when attempting to open a postgres connection.
1 attempts remaining. Retrying in 0 seconds.
Error:
connection to server at "localhost" (::1), port 5432 failed: FATAL:  password authentication failed for user "postgres"

[0m22:06:49.435053 [debug] [MainThread]: Postgres adapter: Error running SQL: select 1 as id
[0m22:06:49.435432 [debug] [MainThread]: Postgres adapter: Rolling back transaction.
[0m22:06:49.435764 [debug] [MainThread]: On debug: No close available on handle
[0m22:06:49.436120 [info ] [MainThread]:   Connection test: [[31mERROR[0m]

[0m22:06:49.436444 [info ] [MainThread]: [31m1 check failed:[0m
[0m22:06:49.436734 [info ] [MainThread]: dbt was unable to connect to the specified database.
The database returned the following error:

  >Database Error
  connection to server at "localhost" (::1), port 5432 failed: FATAL:  password authentication failed for user "postgres"
  

Check your database credentials and try again. For more information, visit:
https://docs.getdbt.com/docs/configure-your-profile


[0m22:06:49.449291 [debug] [MainThread]: Resource report: {"command_name": "debug", "command_wall_clock_time": 5.5592422, "process_user_time": 1.108851, "process_kernel_time": 0.564191, "process_mem_max_rss": "97943552", "command_success": false, "process_in_blocks": "0", "process_out_blocks": "0"}
[0m22:06:49.450117 [debug] [MainThread]: Command `dbt debug` failed at 22:06:49.449845 after 5.56 seconds
[0m22:06:49.450563 [debug] [MainThread]: Connection 'debug' was properly closed.
[0m22:06:49.450956 [debug] [MainThread]: Sending event: {'category': 'dbt', 'action': 'invocation', 'label': 'end', 'context': [<snowplow_tracker.self_describing_json.SelfDescribingJson object at 0x7fab10811eb0>, <snowplow_tracker.self_describing_json.SelfDescribingJson object at 0x7fab109d62e0>, <snowplow_tracker.self_describing_json.SelfDescribingJson object at 0x7fab227b9ee0>]}
[0m22:06:49.451445 [debug] [MainThread]: Flushing usage events
[0m22:06:50.190621 [debug] [MainThread]: An error was encountered while trying to flush usage events
[0m22:17:12.236395 [debug] [MainThread]: Sending event: {'category': 'dbt', 'action': 'invocation', 'label': 'start', 'context': [<snowplow_tracker.self_describing_json.SelfDescribingJson object at 0x7fdb999b0ca0>, <snowplow_tracker.self_describing_json.SelfDescribingJson object at 0x7fdb9a04f700>, <snowplow_tracker.self_describing_json.SelfDescribingJson object at 0x7fdb9a0c9100>]}


============================== 22:17:12.241567 | 0f2c8f52-b077-4b0e-a004-21b5698f5677 ==============================
[0m22:17:12.241567 [info ] [MainThread]: Running with dbt=1.9.0-b2
[0m22:17:12.242099 [debug] [MainThread]: running dbt with arguments {'printer_width': '80', 'indirect_selection': 'eager', 'write_json': 'True', 'log_cache_events': 'False', 'partial_parse': 'True', 'cache_selected_only': 'False', 'profiles_dir': '/Users/lbaba/job_market_pipeline/dbt_project', 'fail_fast': 'False', 'warn_error': 'None', 'log_path': '/Users/lbaba/job_market_pipeline/dbt_project/logs', 'version_check': 'True', 'debug': 'False', 'use_colors': 'True', 'use_experimental_parser': 'False', 'empty': 'None', 'quiet': 'False', 'no_print': 'None', 'log_format': 'default', 'introspect': 'True', 'warn_error_options': 'WarnErrorOptions(include=[], exclude=[])', 'static_parser': 'True', 'target_path': 'None', 'invocation_command': 'dbt debug', 'send_anonymous_usage_stats': 'True'}
[0m22:17:12.253655 [info ] [MainThread]: dbt version: 1.9.0-b2
[0m22:17:12.253969 [info ] [MainThread]: python version: 3.8.8
[0m22:17:12.254198 [info ] [MainThread]: python path: /Users/lbaba/job_market_pipeline/venv/bin/python3
[0m22:17:12.254416 [info ] [MainThread]: os info: macOS-26.3.1-x86_64-i386-64bit
[0m22:17:12.327256 [info ] [MainThread]: Using profiles dir at /Users/lbaba/job_market_pipeline/dbt_project
[0m22:17:12.327625 [info ] [MainThread]: Using profiles.yml file at /Users/lbaba/job_market_pipeline/dbt_project/profiles.yml
[0m22:17:12.327857 [info ] [MainThread]: Using dbt_project.yml file at /Users/lbaba/job_market_pipeline/dbt_project/dbt_project.yml
[0m22:17:12.328340 [info ] [MainThread]: adapter type: postgres
[0m22:17:12.328610 [info ] [MainThread]: adapter version: 1.8.2
[0m22:17:12.403052 [info ] [MainThread]: Configuration:
[0m22:17:12.403419 [info ] [MainThread]:   profiles.yml file [[32mOK found and valid[0m]
[0m22:17:12.403647 [info ] [MainThread]:   dbt_project.yml file [[32mOK found and valid[0m]
[0m22:17:12.403865 [info ] [MainThread]: Required dependencies:
[0m22:17:12.404164 [debug] [MainThread]: Executing "git --help"
[0m22:17:12.634166 [debug] [MainThread]: STDOUT: "b"usage: git [-v | --version] [-h | --help] [-C <path>] [-c <name>=<value>]\n           [--exec-path[=<path>]] [--html-path] [--man-path] [--info-path]\n           [-p | --paginate | -P | --no-pager] [--no-replace-objects] [--no-lazy-fetch]\n           [--no-optional-locks] [--no-advice] [--bare] [--git-dir=<path>]\n           [--work-tree=<path>] [--namespace=<name>] [--config-env=<name>=<envvar>]\n           <command> [<args>]\n\nThese are common Git commands used in various situations:\n\nstart a working area (see also: git help tutorial)\n   clone      Clone a repository into a new directory\n   init       Create an empty Git repository or reinitialize an existing one\n\nwork on the current change (see also: git help everyday)\n   add        Add file contents to the index\n   mv         Move or rename a file, a directory, or a symlink\n   restore    Restore working tree files\n   rm         Remove files from the working tree and from the index\n\nexamine the history and state (see also: git help revisions)\n   bisect     Use binary search to find the commit that introduced a bug\n   diff       Show changes between commits, commit and working tree, etc\n   grep       Print lines matching a pattern\n   log        Show commit logs\n   show       Show various types of objects\n   status     Show the working tree status\n\ngrow, mark and tweak your common history\n   backfill   Download missing objects in a partial clone\n   branch     List, create, or delete branches\n   commit     Record changes to the repository\n   merge      Join two or more development histories together\n   rebase     Reapply commits on top of another base tip\n   reset      Reset current HEAD to the specified state\n   switch     Switch branches\n   tag        Create, list, delete or verify a tag object signed with GPG\n\ncollaborate (see also: git help workflows)\n   fetch      Download objects and refs from another repository\n   pull       Fetch from and integrate with another repository or a local branch\n   push       Update remote refs along with associated objects\n\n'git help -a' and 'git help -g' list available subcommands and some\nconcept guides. See 'git help <command>' or 'git help <concept>'\nto read about a specific subcommand or concept.\nSee 'git help git' for an overview of the system.\n""
[0m22:17:12.635206 [debug] [MainThread]: STDERR: "b''"
[0m22:17:12.635553 [info ] [MainThread]:  - git [[32mOK found[0m]

[0m22:17:12.635858 [info ] [MainThread]: Connection:
[0m22:17:12.636205 [info ] [MainThread]:   host: localhost
[0m22:17:12.636450 [info ] [MainThread]:   port: 5432
[0m22:17:12.636681 [info ] [MainThread]:   user: postgres
[0m22:17:12.636906 [info ] [MainThread]:   database: job_pipeline
[0m22:17:12.637127 [info ] [MainThread]:   schema: public
[0m22:17:12.637355 [info ] [MainThread]:   connect_timeout: 10
[0m22:17:12.637577 [info ] [MainThread]:   role: None
[0m22:17:12.637800 [info ] [MainThread]:   search_path: None
[0m22:17:12.638017 [info ] [MainThread]:   keepalives_idle: 0
[0m22:17:12.638238 [info ] [MainThread]:   sslmode: None
[0m22:17:12.638451 [info ] [MainThread]:   sslcert: None
[0m22:17:12.638673 [info ] [MainThread]:   sslkey: None
[0m22:17:12.638893 [info ] [MainThread]:   sslrootcert: None
[0m22:17:12.639118 [info ] [MainThread]:   application_name: dbt
[0m22:17:12.639338 [info ] [MainThread]:   retries: 1
[0m22:17:12.639939 [info ] [MainThread]: Registered adapter: postgres=1.8.2
[0m22:17:12.651186 [debug] [MainThread]: Acquiring new postgres connection 'debug'
[0m22:17:12.695811 [debug] [MainThread]: Using postgres connection "debug"
[0m22:17:12.696265 [debug] [MainThread]: On debug: select 1 as id
[0m22:17:12.696635 [debug] [MainThread]: Opening a new connection, currently in state init
[0m22:17:12.941757 [debug] [MainThread]: Postgres adapter: Got a retryable error when attempting to open a postgres connection.
1 attempts remaining. Retrying in 0 seconds.
Error:
connection to server at "localhost" (::1), port 5432 failed: FATAL:  password authentication failed for user "postgres"

[0m22:17:12.953971 [debug] [MainThread]: Postgres adapter: Error running SQL: select 1 as id
[0m22:17:12.954262 [debug] [MainThread]: Postgres adapter: Rolling back transaction.
[0m22:17:12.954535 [debug] [MainThread]: On debug: No close available on handle
[0m22:17:12.954836 [info ] [MainThread]:   Connection test: [[31mERROR[0m]

[0m22:17:12.955124 [info ] [MainThread]: [31m1 check failed:[0m
[0m22:17:12.955382 [info ] [MainThread]: dbt was unable to connect to the specified database.
The database returned the following error:

  >Database Error
  connection to server at "localhost" (::1), port 5432 failed: FATAL:  password authentication failed for user "postgres"
  

Check your database credentials and try again. For more information, visit:
https://docs.getdbt.com/docs/configure-your-profile


[0m22:17:12.958993 [debug] [MainThread]: Resource report: {"command_name": "debug", "command_wall_clock_time": 0.8296726, "process_user_time": 1.086023, "process_kernel_time": 0.626573, "process_mem_max_rss": "104001536", "command_success": false, "process_in_blocks": "0", "process_out_blocks": "0"}
[0m22:17:12.959601 [debug] [MainThread]: Command `dbt debug` failed at 22:17:12.959366 after 0.83 seconds
[0m22:17:12.959951 [debug] [MainThread]: Connection 'debug' was properly closed.
[0m22:17:12.960282 [debug] [MainThread]: Sending event: {'category': 'dbt', 'action': 'invocation', 'label': 'end', 'context': [<snowplow_tracker.self_describing_json.SelfDescribingJson object at 0x7fdb999b0ca0>, <snowplow_tracker.self_describing_json.SelfDescribingJson object at 0x7fdb680def40>, <snowplow_tracker.self_describing_json.SelfDescribingJson object at 0x7fdb883a3250>]}
[0m22:17:12.960681 [debug] [MainThread]: Flushing usage events
[0m22:17:13.513176 [debug] [MainThread]: An error was encountered while trying to flush usage events
[0m22:17:49.044370 [debug] [MainThread]: Sending event: {'category': 'dbt', 'action': 'invocation', 'label': 'start', 'context': [<snowplow_tracker.self_describing_json.SelfDescribingJson object at 0x7fe3c9240c70>, <snowplow_tracker.self_describing_json.SelfDescribingJson object at 0x7fe3c99deb50>, <snowplow_tracker.self_describing_json.SelfDescribingJson object at 0x7fe3c9a8a0d0>]}


============================== 22:17:49.049487 | 84c0a0f5-97c4-448b-89fe-c2a086622ceb ==============================
[0m22:17:49.049487 [info ] [MainThread]: Running with dbt=1.9.0-b2
[0m22:17:49.049979 [debug] [MainThread]: running dbt with arguments {'printer_width': '80', 'indirect_selection': 'eager', 'write_json': 'True', 'log_cache_events': 'False', 'partial_parse': 'True', 'cache_selected_only': 'False', 'profiles_dir': '.', 'version_check': 'True', 'fail_fast': 'False', 'log_path': '/Users/lbaba/job_market_pipeline/dbt_project/logs', 'warn_error': 'None', 'debug': 'False', 'use_colors': 'True', 'use_experimental_parser': 'False', 'empty': 'None', 'quiet': 'False', 'no_print': 'None', 'warn_error_options': 'WarnErrorOptions(include=[], exclude=[])', 'static_parser': 'True', 'invocation_command': 'dbt debug --profiles-dir .', 'introspect': 'True', 'target_path': 'None', 'log_format': 'default', 'send_anonymous_usage_stats': 'True'}
[0m22:17:49.061538 [info ] [MainThread]: dbt version: 1.9.0-b2
[0m22:17:49.061845 [info ] [MainThread]: python version: 3.8.8
[0m22:17:49.062078 [info ] [MainThread]: python path: /Users/lbaba/job_market_pipeline/venv/bin/python3
[0m22:17:49.062300 [info ] [MainThread]: os info: macOS-26.3.1-x86_64-i386-64bit
[0m22:17:49.131531 [info ] [MainThread]: Using profiles dir at .
[0m22:17:49.131888 [info ] [MainThread]: Using profiles.yml file at ./profiles.yml
[0m22:17:49.132120 [info ] [MainThread]: Using dbt_project.yml file at /Users/lbaba/job_market_pipeline/dbt_project/dbt_project.yml
[0m22:17:49.132534 [info ] [MainThread]: adapter type: postgres
[0m22:17:49.132764 [info ] [MainThread]: adapter version: 1.8.2
[0m22:17:49.204715 [info ] [MainThread]: Configuration:
[0m22:17:49.205074 [info ] [MainThread]:   profiles.yml file [[32mOK found and valid[0m]
[0m22:17:49.205304 [info ] [MainThread]:   dbt_project.yml file [[32mOK found and valid[0m]
[0m22:17:49.205515 [info ] [MainThread]: Required dependencies:
[0m22:17:49.205814 [debug] [MainThread]: Executing "git --help"
[0m22:17:49.301056 [debug] [MainThread]: STDOUT: "b"usage: git [-v | --version] [-h | --help] [-C <path>] [-c <name>=<value>]\n           [--exec-path[=<path>]] [--html-path] [--man-path] [--info-path]\n           [-p | --paginate | -P | --no-pager] [--no-replace-objects] [--no-lazy-fetch]\n           [--no-optional-locks] [--no-advice] [--bare] [--git-dir=<path>]\n           [--work-tree=<path>] [--namespace=<name>] [--config-env=<name>=<envvar>]\n           <command> [<args>]\n\nThese are common Git commands used in various situations:\n\nstart a working area (see also: git help tutorial)\n   clone      Clone a repository into a new directory\n   init       Create an empty Git repository or reinitialize an existing one\n\nwork on the current change (see also: git help everyday)\n   add        Add file contents to the index\n   mv         Move or rename a file, a directory, or a symlink\n   restore    Restore working tree files\n   rm         Remove files from the working tree and from the index\n\nexamine the history and state (see also: git help revisions)\n   bisect     Use binary search to find the commit that introduced a bug\n   diff       Show changes between commits, commit and working tree, etc\n   grep       Print lines matching a pattern\n   log        Show commit logs\n   show       Show various types of objects\n   status     Show the working tree status\n\ngrow, mark and tweak your common history\n   backfill   Download missing objects in a partial clone\n   branch     List, create, or delete branches\n   commit     Record changes to the repository\n   merge      Join two or more development histories together\n   rebase     Reapply commits on top of another base tip\n   reset      Reset current HEAD to the specified state\n   switch     Switch branches\n   tag        Create, list, delete or verify a tag object signed with GPG\n\ncollaborate (see also: git help workflows)\n   fetch      Download objects and refs from another repository\n   pull       Fetch from and integrate with another repository or a local branch\n   push       Update remote refs along with associated objects\n\n'git help -a' and 'git help -g' list available subcommands and some\nconcept guides. See 'git help <command>' or 'git help <concept>'\nto read about a specific subcommand or concept.\nSee 'git help git' for an overview of the system.\n""
[0m22:17:49.301938 [debug] [MainThread]: STDERR: "b''"
[0m22:17:49.302242 [info ] [MainThread]:  - git [[32mOK found[0m]

[0m22:17:49.302518 [info ] [MainThread]: Connection:
[0m22:17:49.302815 [info ] [MainThread]:   host: localhost
[0m22:17:49.303027 [info ] [MainThread]:   port: 5432
[0m22:17:49.303240 [info ] [MainThread]:   user: postgres
[0m22:17:49.303446 [info ] [MainThread]:   database: job_pipeline
[0m22:17:49.303649 [info ] [MainThread]:   schema: public
[0m22:17:49.303858 [info ] [MainThread]:   connect_timeout: 10
[0m22:17:49.304064 [info ] [MainThread]:   role: None
[0m22:17:49.304264 [info ] [MainThread]:   search_path: None
[0m22:17:49.304463 [info ] [MainThread]:   keepalives_idle: 0
[0m22:17:49.304663 [info ] [MainThread]:   sslmode: None
[0m22:17:49.304867 [info ] [MainThread]:   sslcert: None
[0m22:17:49.305065 [info ] [MainThread]:   sslkey: None
[0m22:17:49.305268 [info ] [MainThread]:   sslrootcert: None
[0m22:17:49.305466 [info ] [MainThread]:   application_name: dbt
[0m22:17:49.305663 [info ] [MainThread]:   retries: 1
[0m22:17:49.306225 [info ] [MainThread]: Registered adapter: postgres=1.8.2
[0m22:17:49.316849 [debug] [MainThread]: Acquiring new postgres connection 'debug'
[0m22:17:49.360174 [debug] [MainThread]: Using postgres connection "debug"
[0m22:17:49.360537 [debug] [MainThread]: On debug: select 1 as id
[0m22:17:49.360792 [debug] [MainThread]: Opening a new connection, currently in state init
[0m22:17:49.420950 [debug] [MainThread]: Postgres adapter: Got a retryable error when attempting to open a postgres connection.
1 attempts remaining. Retrying in 0 seconds.
Error:
connection to server at "localhost" (::1), port 5432 failed: FATAL:  password authentication failed for user "postgres"

[0m22:17:49.432354 [debug] [MainThread]: Postgres adapter: Error running SQL: select 1 as id
[0m22:17:49.432634 [debug] [MainThread]: Postgres adapter: Rolling back transaction.
[0m22:17:49.432904 [debug] [MainThread]: On debug: No close available on handle
[0m22:17:49.433196 [info ] [MainThread]:   Connection test: [[31mERROR[0m]

[0m22:17:49.433462 [info ] [MainThread]: [31m1 check failed:[0m
[0m22:17:49.433696 [info ] [MainThread]: dbt was unable to connect to the specified database.
The database returned the following error:

  >Database Error
  connection to server at "localhost" (::1), port 5432 failed: FATAL:  password authentication failed for user "postgres"
  

Check your database credentials and try again. For more information, visit:
https://docs.getdbt.com/docs/configure-your-profile


[0m22:17:49.437461 [debug] [MainThread]: Resource report: {"command_name": "debug", "command_wall_clock_time": 0.48614964, "process_user_time": 1.093071, "process_kernel_time": 0.225325, "process_mem_max_rss": "105611264", "command_success": false, "process_in_blocks": "0", "process_out_blocks": "0"}
[0m22:17:49.438026 [debug] [MainThread]: Command `dbt debug` failed at 22:17:49.437801 after 0.49 seconds
[0m22:17:49.438358 [debug] [MainThread]: Connection 'debug' was properly closed.
[0m22:17:49.438678 [debug] [MainThread]: Sending event: {'category': 'dbt', 'action': 'invocation', 'label': 'end', 'context': [<snowplow_tracker.self_describing_json.SelfDescribingJson object at 0x7fe3c9240c70>, <snowplow_tracker.self_describing_json.SelfDescribingJson object at 0x7fe3b8683490>, <snowplow_tracker.self_describing_json.SelfDescribingJson object at 0x7fe3b8684a00>]}
[0m22:17:49.439059 [debug] [MainThread]: Flushing usage events
[0m22:17:49.644220 [debug] [MainThread]: An error was encountered while trying to flush usage events
[0m22:46:39.801680 [debug] [MainThread]: Sending event: {'category': 'dbt', 'action': 'invocation', 'label': 'start', 'context': [<snowplow_tracker.self_describing_json.SelfDescribingJson object at 0x7fe8d1560ca0>, <snowplow_tracker.self_describing_json.SelfDescribingJson object at 0x7fe8d1cd6df0>, <snowplow_tracker.self_describing_json.SelfDescribingJson object at 0x7fe8c054a100>]}


============================== 22:46:39.806760 | f2ef8c26-1285-4972-83de-38272568dae4 ==============================
[0m22:46:39.806760 [info ] [MainThread]: Running with dbt=1.9.0-b2
[0m22:46:39.807251 [debug] [MainThread]: running dbt with arguments {'printer_width': '80', 'indirect_selection': 'eager', 'log_cache_events': 'False', 'write_json': 'True', 'partial_parse': 'True', 'cache_selected_only': 'False', 'warn_error': 'None', 'version_check': 'True', 'fail_fast': 'False', 'log_path': '/Users/lbaba/job_market_pipeline/dbt_project/logs', 'debug': 'False', 'profiles_dir': '.', 'use_colors': 'True', 'use_experimental_parser': 'False', 'no_print': 'None', 'quiet': 'False', 'empty': 'None', 'warn_error_options': 'WarnErrorOptions(include=[], exclude=[])', 'invocation_command': 'dbt debug --profiles-dir .', 'log_format': 'default', 'introspect': 'True', 'target_path': 'None', 'static_parser': 'True', 'send_anonymous_usage_stats': 'True'}
[0m22:46:39.818719 [info ] [MainThread]: dbt version: 1.9.0-b2
[0m22:46:39.819014 [info ] [MainThread]: python version: 3.8.8
[0m22:46:39.819242 [info ] [MainThread]: python path: /Users/lbaba/job_market_pipeline/venv/bin/python3
[0m22:46:39.819462 [info ] [MainThread]: os info: macOS-26.3.1-x86_64-i386-64bit
[0m22:46:39.891787 [info ] [MainThread]: Using profiles dir at .
[0m22:46:39.892142 [info ] [MainThread]: Using profiles.yml file at ./profiles.yml
[0m22:46:39.892385 [info ] [MainThread]: Using dbt_project.yml file at /Users/lbaba/job_market_pipeline/dbt_project/dbt_project.yml
[0m22:46:39.892816 [info ] [MainThread]: adapter type: postgres
[0m22:46:39.893042 [info ] [MainThread]: adapter version: 1.8.2
[0m22:46:39.964394 [info ] [MainThread]: Configuration:
[0m22:46:39.964752 [info ] [MainThread]:   profiles.yml file [[32mOK found and valid[0m]
[0m22:46:39.964980 [info ] [MainThread]:   dbt_project.yml file [[32mOK found and valid[0m]
[0m22:46:39.965191 [info ] [MainThread]: Required dependencies:
[0m22:46:39.965483 [debug] [MainThread]: Executing "git --help"
[0m22:46:40.099867 [debug] [MainThread]: STDOUT: "b"usage: git [-v | --version] [-h | --help] [-C <path>] [-c <name>=<value>]\n           [--exec-path[=<path>]] [--html-path] [--man-path] [--info-path]\n           [-p | --paginate | -P | --no-pager] [--no-replace-objects] [--no-lazy-fetch]\n           [--no-optional-locks] [--no-advice] [--bare] [--git-dir=<path>]\n           [--work-tree=<path>] [--namespace=<name>] [--config-env=<name>=<envvar>]\n           <command> [<args>]\n\nThese are common Git commands used in various situations:\n\nstart a working area (see also: git help tutorial)\n   clone      Clone a repository into a new directory\n   init       Create an empty Git repository or reinitialize an existing one\n\nwork on the current change (see also: git help everyday)\n   add        Add file contents to the index\n   mv         Move or rename a file, a directory, or a symlink\n   restore    Restore working tree files\n   rm         Remove files from the working tree and from the index\n\nexamine the history and state (see also: git help revisions)\n   bisect     Use binary search to find the commit that introduced a bug\n   diff       Show changes between commits, commit and working tree, etc\n   grep       Print lines matching a pattern\n   log        Show commit logs\n   show       Show various types of objects\n   status     Show the working tree status\n\ngrow, mark and tweak your common history\n   backfill   Download missing objects in a partial clone\n   branch     List, create, or delete branches\n   commit     Record changes to the repository\n   merge      Join two or more development histories together\n   rebase     Reapply commits on top of another base tip\n   reset      Reset current HEAD to the specified state\n   switch     Switch branches\n   tag        Create, list, delete or verify a tag object signed with GPG\n\ncollaborate (see also: git help workflows)\n   fetch      Download objects and refs from another repository\n   pull       Fetch from and integrate with another repository or a local branch\n   push       Update remote refs along with associated objects\n\n'git help -a' and 'git help -g' list available subcommands and some\nconcept guides. See 'git help <command>' or 'git help <concept>'\nto read about a specific subcommand or concept.\nSee 'git help git' for an overview of the system.\n""
[0m22:46:40.100743 [debug] [MainThread]: STDERR: "b''"
[0m22:46:40.101038 [info ] [MainThread]:  - git [[32mOK found[0m]

[0m22:46:40.101295 [info ] [MainThread]: Connection:
[0m22:46:40.101610 [info ] [MainThread]:   host: localhost
[0m22:46:40.101829 [info ] [MainThread]:   port: 5432
[0m22:46:40.102036 [info ] [MainThread]:   user: postgres
[0m22:46:40.102240 [info ] [MainThread]:   database: job_pipeline
[0m22:46:40.102450 [info ] [MainThread]:   schema: public
[0m22:46:40.102651 [info ] [MainThread]:   connect_timeout: 10
[0m22:46:40.102860 [info ] [MainThread]:   role: None
[0m22:46:40.103067 [info ] [MainThread]:   search_path: None
[0m22:46:40.103269 [info ] [MainThread]:   keepalives_idle: 0
[0m22:46:40.103474 [info ] [MainThread]:   sslmode: None
[0m22:46:40.103675 [info ] [MainThread]:   sslcert: None
[0m22:46:40.103872 [info ] [MainThread]:   sslkey: None
[0m22:46:40.104074 [info ] [MainThread]:   sslrootcert: None
[0m22:46:40.104272 [info ] [MainThread]:   application_name: dbt
[0m22:46:40.104472 [info ] [MainThread]:   retries: 1
[0m22:46:40.105026 [info ] [MainThread]: Registered adapter: postgres=1.8.2
[0m22:46:40.115649 [debug] [MainThread]: Acquiring new postgres connection 'debug'
[0m22:46:40.158046 [debug] [MainThread]: Using postgres connection "debug"
[0m22:46:40.158418 [debug] [MainThread]: On debug: select 1 as id
[0m22:46:40.158670 [debug] [MainThread]: Opening a new connection, currently in state init
[0m22:46:40.409239 [debug] [MainThread]: SQL status: SELECT 1 in 0.250 seconds
[0m22:46:40.410187 [debug] [MainThread]: On debug: Close
[0m22:46:40.410519 [info ] [MainThread]:   Connection test: [[32mOK connection ok[0m]

[0m22:46:40.410799 [info ] [MainThread]: [32mAll checks passed![0m
[0m22:46:40.416196 [debug] [MainThread]: Resource report: {"command_name": "debug", "command_success": true, "command_wall_clock_time": 0.716354, "process_user_time": 1.064962, "process_kernel_time": 0.615762, "process_mem_max_rss": "104271872", "process_in_blocks": "0", "process_out_blocks": "0"}
[0m22:46:40.416645 [debug] [MainThread]: Command `dbt debug` succeeded at 22:46:40.416546 after 0.72 seconds
[0m22:46:40.416981 [debug] [MainThread]: Connection 'debug' was properly closed.
[0m22:46:40.417325 [debug] [MainThread]: Sending event: {'category': 'dbt', 'action': 'invocation', 'label': 'end', 'context': [<snowplow_tracker.self_describing_json.SelfDescribingJson object at 0x7fe8d1560ca0>, <snowplow_tracker.self_describing_json.SelfDescribingJson object at 0x7fe8b0d493d0>, <snowplow_tracker.self_describing_json.SelfDescribingJson object at 0x7fe8c04f97f0>]}
[0m22:46:40.417778 [debug] [MainThread]: Flushing usage events
[0m22:46:41.977375 [debug] [MainThread]: An error was encountered while trying to flush usage events
[0m22:46:52.492665 [debug] [MainThread]: Sending event: {'category': 'dbt', 'action': 'invocation', 'label': 'start', 'context': [<snowplow_tracker.self_describing_json.SelfDescribingJson object at 0x7f9631e51df0>, <snowplow_tracker.self_describing_json.SelfDescribingJson object at 0x7f9632830ac0>, <snowplow_tracker.self_describing_json.SelfDescribingJson object at 0x7f9632859700>]}


============================== 22:46:52.497049 | 7f079275-33f3-4ab3-938f-16b86311f6e9 ==============================
[0m22:46:52.497049 [info ] [MainThread]: Running with dbt=1.9.0-b2
[0m22:46:52.497578 [debug] [MainThread]: running dbt with arguments {'printer_width': '80', 'indirect_selection': 'eager', 'log_cache_events': 'False', 'write_json': 'True', 'partial_parse': 'True', 'cache_selected_only': 'False', 'warn_error': 'None', 'debug': 'False', 'fail_fast': 'False', 'log_path': '/Users/lbaba/job_market_pipeline/dbt_project/logs', 'version_check': 'True', 'profiles_dir': '.', 'use_colors': 'True', 'use_experimental_parser': 'False', 'empty': 'None', 'quiet': 'False', 'no_print': 'None', 'warn_error_options': 'WarnErrorOptions(include=[], exclude=[])', 'invocation_command': 'dbt debug --profiles-dir .', 'log_format': 'default', 'introspect': 'True', 'target_path': 'None', 'static_parser': 'True', 'send_anonymous_usage_stats': 'True'}
[0m22:46:52.509205 [info ] [MainThread]: dbt version: 1.9.0-b2
[0m22:46:52.509676 [info ] [MainThread]: python version: 3.8.8
[0m22:46:52.509988 [info ] [MainThread]: python path: /Users/lbaba/job_market_pipeline/venv/bin/python3
[0m22:46:52.510265 [info ] [MainThread]: os info: macOS-26.3.1-x86_64-i386-64bit
[0m22:46:52.585502 [info ] [MainThread]: Using profiles dir at .
[0m22:46:52.585901 [info ] [MainThread]: Using profiles.yml file at ./profiles.yml
[0m22:46:52.586169 [info ] [MainThread]: Using dbt_project.yml file at /Users/lbaba/job_market_pipeline/dbt_project/dbt_project.yml
[0m22:46:52.586622 [info ] [MainThread]: adapter type: postgres
[0m22:46:52.586881 [info ] [MainThread]: adapter version: 1.8.2
[0m22:46:52.659423 [info ] [MainThread]: Configuration:
[0m22:46:52.659841 [info ] [MainThread]:   profiles.yml file [[32mOK found and valid[0m]
[0m22:46:52.660115 [info ] [MainThread]:   dbt_project.yml file [[32mOK found and valid[0m]
[0m22:46:52.660371 [info ] [MainThread]: Required dependencies:
[0m22:46:52.660710 [debug] [MainThread]: Executing "git --help"
[0m22:46:52.724797 [debug] [MainThread]: STDOUT: "b"usage: git [-v | --version] [-h | --help] [-C <path>] [-c <name>=<value>]\n           [--exec-path[=<path>]] [--html-path] [--man-path] [--info-path]\n           [-p | --paginate | -P | --no-pager] [--no-replace-objects] [--no-lazy-fetch]\n           [--no-optional-locks] [--no-advice] [--bare] [--git-dir=<path>]\n           [--work-tree=<path>] [--namespace=<name>] [--config-env=<name>=<envvar>]\n           <command> [<args>]\n\nThese are common Git commands used in various situations:\n\nstart a working area (see also: git help tutorial)\n   clone      Clone a repository into a new directory\n   init       Create an empty Git repository or reinitialize an existing one\n\nwork on the current change (see also: git help everyday)\n   add        Add file contents to the index\n   mv         Move or rename a file, a directory, or a symlink\n   restore    Restore working tree files\n   rm         Remove files from the working tree and from the index\n\nexamine the history and state (see also: git help revisions)\n   bisect     Use binary search to find the commit that introduced a bug\n   diff       Show changes between commits, commit and working tree, etc\n   grep       Print lines matching a pattern\n   log        Show commit logs\n   show       Show various types of objects\n   status     Show the working tree status\n\ngrow, mark and tweak your common history\n   backfill   Download missing objects in a partial clone\n   branch     List, create, or delete branches\n   commit     Record changes to the repository\n   merge      Join two or more development histories together\n   rebase     Reapply commits on top of another base tip\n   reset      Reset current HEAD to the specified state\n   switch     Switch branches\n   tag        Create, list, delete or verify a tag object signed with GPG\n\ncollaborate (see also: git help workflows)\n   fetch      Download objects and refs from another repository\n   pull       Fetch from and integrate with another repository or a local branch\n   push       Update remote refs along with associated objects\n\n'git help -a' and 'git help -g' list available subcommands and some\nconcept guides. See 'git help <command>' or 'git help <concept>'\nto read about a specific subcommand or concept.\nSee 'git help git' for an overview of the system.\n""
[0m22:46:52.725701 [debug] [MainThread]: STDERR: "b''"
[0m22:46:52.726042 [info ] [MainThread]:  - git [[32mOK found[0m]

[0m22:46:52.726357 [info ] [MainThread]: Connection:
[0m22:46:52.726712 [info ] [MainThread]:   host: localhost
[0m22:46:52.726977 [info ] [MainThread]:   port: 5432
[0m22:46:52.727231 [info ] [MainThread]:   user: postgres
[0m22:46:52.727480 [info ] [MainThread]:   database: job_pipeline
[0m22:46:52.727732 [info ] [MainThread]:   schema: public
[0m22:46:52.727977 [info ] [MainThread]:   connect_timeout: 10
[0m22:46:52.728234 [info ] [MainThread]:   role: None
[0m22:46:52.728477 [info ] [MainThread]:   search_path: None
[0m22:46:52.728726 [info ] [MainThread]:   keepalives_idle: 0
[0m22:46:52.728968 [info ] [MainThread]:   sslmode: None
[0m22:46:52.729214 [info ] [MainThread]:   sslcert: None
[0m22:46:52.729454 [info ] [MainThread]:   sslkey: None
[0m22:46:52.729694 [info ] [MainThread]:   sslrootcert: None
[0m22:46:52.729940 [info ] [MainThread]:   application_name: dbt
[0m22:46:52.730183 [info ] [MainThread]:   retries: 1
[0m22:46:52.730769 [info ] [MainThread]: Registered adapter: postgres=1.8.2
[0m22:46:52.741798 [debug] [MainThread]: Acquiring new postgres connection 'debug'
[0m22:46:52.782193 [debug] [MainThread]: Using postgres connection "debug"
[0m22:46:52.782618 [debug] [MainThread]: On debug: select 1 as id
[0m22:46:52.782899 [debug] [MainThread]: Opening a new connection, currently in state init
[0m22:46:52.849093 [debug] [MainThread]: SQL status: SELECT 1 in 0.066 seconds
[0m22:46:52.849993 [debug] [MainThread]: On debug: Close
[0m22:46:52.850348 [info ] [MainThread]:   Connection test: [[32mOK connection ok[0m]

[0m22:46:52.850661 [info ] [MainThread]: [32mAll checks passed![0m
[0m22:46:52.853900 [debug] [MainThread]: Resource report: {"command_name": "debug", "command_success": true, "command_wall_clock_time": 0.44546783, "process_user_time": 1.068443, "process_kernel_time": 0.199482, "process_mem_max_rss": "105910272", "process_in_blocks": "0", "process_out_blocks": "0"}
[0m22:46:52.854338 [debug] [MainThread]: Command `dbt debug` succeeded at 22:46:52.854251 after 0.45 seconds
[0m22:46:52.854674 [debug] [MainThread]: Connection 'debug' was properly closed.
[0m22:46:52.855023 [debug] [MainThread]: Sending event: {'category': 'dbt', 'action': 'invocation', 'label': 'end', 'context': [<snowplow_tracker.self_describing_json.SelfDescribingJson object at 0x7f9631e51df0>, <snowplow_tracker.self_describing_json.SelfDescribingJson object at 0x7f96202986d0>, <snowplow_tracker.self_describing_json.SelfDescribingJson object at 0x7f96205888e0>]}
[0m22:46:52.855446 [debug] [MainThread]: Flushing usage events
[0m22:46:53.121845 [debug] [MainThread]: An error was encountered while trying to flush usage events
[0m22:56:35.395904 [debug] [MainThread]: Sending event: {'category': 'dbt', 'action': 'invocation', 'label': 'start', 'context': [<snowplow_tracker.self_describing_json.SelfDescribingJson object at 0x7fe949f51ee0>, <snowplow_tracker.self_describing_json.SelfDescribingJson object at 0x7fe94a978a90>, <snowplow_tracker.self_describing_json.SelfDescribingJson object at 0x7fe94a9a8760>]}


============================== 22:56:35.400902 | 784db8a1-f99e-4779-92a8-e212d1dc5dcd ==============================
[0m22:56:35.400902 [info ] [MainThread]: Running with dbt=1.9.0-b2
[0m22:56:35.401429 [debug] [MainThread]: running dbt with arguments {'printer_width': '80', 'indirect_selection': 'eager', 'log_cache_events': 'False', 'write_json': 'True', 'partial_parse': 'True', 'cache_selected_only': 'False', 'warn_error': 'None', 'debug': 'False', 'fail_fast': 'False', 'log_path': '/Users/lbaba/job_market_pipeline/dbt_project/logs', 'profiles_dir': '.', 'version_check': 'True', 'use_colors': 'True', 'use_experimental_parser': 'False', 'empty': 'False', 'quiet': 'False', 'no_print': 'None', 'log_format': 'default', 'invocation_command': 'dbt run --select stg_job_postings --profiles-dir .', 'static_parser': 'True', 'introspect': 'True', 'target_path': 'None', 'warn_error_options': 'WarnErrorOptions(include=[], exclude=[])', 'send_anonymous_usage_stats': 'True'}
[0m22:56:35.564100 [debug] [MainThread]: Sending event: {'category': 'dbt', 'action': 'project_id', 'label': '784db8a1-f99e-4779-92a8-e212d1dc5dcd', 'context': [<snowplow_tracker.self_describing_json.SelfDescribingJson object at 0x7fe948eb9040>]}
[0m22:56:35.605714 [debug] [MainThread]: Sending event: {'category': 'dbt', 'action': 'adapter_info', 'label': '784db8a1-f99e-4779-92a8-e212d1dc5dcd', 'context': [<snowplow_tracker.self_describing_json.SelfDescribingJson object at 0x7fe94a94ce20>]}
[0m22:56:35.606561 [info ] [MainThread]: Registered adapter: postgres=1.8.2
[0m22:56:35.627849 [debug] [MainThread]: checksum: 4cfbbe2a671212f062e88a43cba5322b30b7e3e8e91b953aa4de249eeaade60f, vars: {}, profile: , target: , version: 1.9.0b2
[0m22:56:35.628716 [info ] [MainThread]: Unable to do partial parsing because saved manifest not found. Starting full parse.
[0m22:56:35.629181 [debug] [MainThread]: Sending event: {'category': 'dbt', 'action': 'partial_parser', 'label': '784db8a1-f99e-4779-92a8-e212d1dc5dcd', 'context': [<snowplow_tracker.self_describing_json.SelfDescribingJson object at 0x7fe9491c9910>]}
[0m22:56:36.379354 [error] [MainThread]: Encountered an error:
Compilation Error
  Model 'model.job_market_pipeline.stg_job_postings' (models/staging/stg_job_postings.sql) depends on a source named 'postgres_raw.job_postings' which was not found
[0m22:56:36.383032 [debug] [MainThread]: Resource report: {"command_name": "run", "command_wall_clock_time": 1.0824593, "process_user_time": 1.774821, "process_kernel_time": 0.538692, "process_mem_max_rss": "103559168", "command_success": false, "process_in_blocks": "0", "process_out_blocks": "0"}
[0m22:56:36.383585 [debug] [MainThread]: Command `dbt run` failed at 22:56:36.383361 after 1.08 seconds
[0m22:56:36.383959 [debug] [MainThread]: Sending event: {'category': 'dbt', 'action': 'invocation', 'label': 'end', 'context': [<snowplow_tracker.self_describing_json.SelfDescribingJson object at 0x7fe949f51ee0>, <snowplow_tracker.self_describing_json.SelfDescribingJson object at 0x7fe9587b7fd0>, <snowplow_tracker.self_describing_json.SelfDescribingJson object at 0x7fe9587624f0>]}
[0m22:56:36.384291 [debug] [MainThread]: Flushing usage events
[0m22:56:36.951673 [debug] [MainThread]: An error was encountered while trying to flush usage events
[0m22:59:00.241007 [debug] [MainThread]: Sending event: {'category': 'dbt', 'action': 'invocation', 'label': 'start', 'context': [<snowplow_tracker.self_describing_json.SelfDescribingJson object at 0x7f9181d99f10>, <snowplow_tracker.self_describing_json.SelfDescribingJson object at 0x7f91707c1be0>, <snowplow_tracker.self_describing_json.SelfDescribingJson object at 0x7f91708415e0>]}


============================== 22:59:00.246067 | 5478bad2-cb0a-41b3-ab6f-24c697ef1f32 ==============================
[0m22:59:00.246067 [info ] [MainThread]: Running with dbt=1.9.0-b2
[0m22:59:00.246732 [debug] [MainThread]: running dbt with arguments {'printer_width': '80', 'indirect_selection': 'eager', 'log_cache_events': 'False', 'write_json': 'True', 'partial_parse': 'True', 'cache_selected_only': 'False', 'profiles_dir': '.', 'debug': 'False', 'fail_fast': 'False', 'log_path': '/Users/lbaba/job_market_pipeline/dbt_project/logs', 'warn_error': 'None', 'version_check': 'True', 'use_colors': 'True', 'use_experimental_parser': 'False', 'empty': 'False', 'quiet': 'False', 'no_print': 'None', 'log_format': 'default', 'invocation_command': 'dbt run --select stg_job_postings --profiles-dir .', 'warn_error_options': 'WarnErrorOptions(include=[], exclude=[])', 'static_parser': 'True', 'target_path': 'None', 'introspect': 'True', 'send_anonymous_usage_stats': 'True'}
[0m22:59:00.406804 [debug] [MainThread]: Sending event: {'category': 'dbt', 'action': 'project_id', 'label': '5478bad2-cb0a-41b3-ab6f-24c697ef1f32', 'context': [<snowplow_tracker.self_describing_json.SelfDescribingJson object at 0x7f9180f4da90>]}
[0m22:59:00.450073 [debug] [MainThread]: Sending event: {'category': 'dbt', 'action': 'adapter_info', 'label': '5478bad2-cb0a-41b3-ab6f-24c697ef1f32', 'context': [<snowplow_tracker.self_describing_json.SelfDescribingJson object at 0x7f91826bccd0>]}
[0m22:59:00.450991 [info ] [MainThread]: Registered adapter: postgres=1.8.2
[0m22:59:00.482795 [debug] [MainThread]: checksum: 4cfbbe2a671212f062e88a43cba5322b30b7e3e8e91b953aa4de249eeaade60f, vars: {}, profile: , target: , version: 1.9.0b2
[0m22:59:00.484261 [info ] [MainThread]: Unable to do partial parsing because saved manifest not found. Starting full parse.
[0m22:59:00.484861 [debug] [MainThread]: Sending event: {'category': 'dbt', 'action': 'partial_parser', 'label': '5478bad2-cb0a-41b3-ab6f-24c697ef1f32', 'context': [<snowplow_tracker.self_describing_json.SelfDescribingJson object at 0x7f91812bf5b0>]}
[0m22:59:01.422107 [warn ] [MainThread]: [[33mWARNING[0m]: Configuration paths exist in your dbt_project.yml file which do not apply to any resources.
There are 1 unused configuration paths:
- models.job_market_pipeline.marts
[0m22:59:01.432500 [debug] [MainThread]: Sending event: {'category': 'dbt', 'action': 'load_project', 'label': '5478bad2-cb0a-41b3-ab6f-24c697ef1f32', 'context': [<snowplow_tracker.self_describing_json.SelfDescribingJson object at 0x7f915003ffa0>]}
[0m22:59:01.512383 [debug] [MainThread]: Sending event: {'category': 'dbt', 'action': 'resource_counts', 'label': '5478bad2-cb0a-41b3-ab6f-24c697ef1f32', 'context': [<snowplow_tracker.self_describing_json.SelfDescribingJson object at 0x7f91826aca30>]}
[0m22:59:01.512850 [info ] [MainThread]: Found 1 model, 3 sources, 423 macros
[0m22:59:01.513154 [debug] [MainThread]: Sending event: {'category': 'dbt', 'action': 'runnable_timing', 'label': '5478bad2-cb0a-41b3-ab6f-24c697ef1f32', 'context': [<snowplow_tracker.self_describing_json.SelfDescribingJson object at 0x7f91812f61f0>]}
[0m22:59:01.514016 [info ] [MainThread]: 
[0m22:59:01.514314 [info ] [MainThread]: Concurrency: 4 threads (target='dev')
[0m22:59:01.514570 [info ] [MainThread]: 
[0m22:59:01.514968 [debug] [MainThread]: Acquiring new postgres connection 'master'
[0m22:59:01.515845 [debug] [ThreadPool]: Acquiring new postgres connection 'list_job_pipeline'
[0m22:59:01.561033 [debug] [ThreadPool]: Using postgres connection "list_job_pipeline"
[0m22:59:01.561403 [debug] [ThreadPool]: On list_job_pipeline: /* {"app": "dbt", "dbt_version": "1.9.0b2", "profile_name": "job_market_pipeline", "target_name": "dev", "connection_name": "list_job_pipeline"} */

    select distinct nspname from pg_namespace
  
[0m22:59:01.561659 [debug] [ThreadPool]: Opening a new connection, currently in state init
[0m22:59:01.869799 [debug] [ThreadPool]: SQL status: SELECT 7 in 0.308 seconds
[0m22:59:01.871232 [debug] [ThreadPool]: On list_job_pipeline: Close
[0m22:59:01.871970 [debug] [ThreadPool]: Re-using an available connection from the pool (formerly list_job_pipeline, now create_job_pipeline_public_staging)
[0m22:59:01.872533 [debug] [ThreadPool]: Creating schema "database: "job_pipeline"
schema: "public_staging"
"
[0m22:59:01.878058 [debug] [ThreadPool]: Using postgres connection "create_job_pipeline_public_staging"
[0m22:59:01.878419 [debug] [ThreadPool]: On create_job_pipeline_public_staging: BEGIN
[0m22:59:01.878727 [debug] [ThreadPool]: Opening a new connection, currently in state closed
[0m22:59:01.895146 [debug] [ThreadPool]: SQL status: BEGIN in 0.016 seconds
[0m22:59:01.895488 [debug] [ThreadPool]: Using postgres connection "create_job_pipeline_public_staging"
[0m22:59:01.895797 [debug] [ThreadPool]: On create_job_pipeline_public_staging: /* {"app": "dbt", "dbt_version": "1.9.0b2", "profile_name": "job_market_pipeline", "target_name": "dev", "connection_name": "create_job_pipeline_public_staging"} */
create schema if not exists "public_staging"
[0m22:59:01.898912 [debug] [ThreadPool]: SQL status: CREATE SCHEMA in 0.003 seconds
[0m22:59:01.899690 [debug] [ThreadPool]: On create_job_pipeline_public_staging: COMMIT
[0m22:59:01.900000 [debug] [ThreadPool]: Using postgres connection "create_job_pipeline_public_staging"
[0m22:59:01.900283 [debug] [ThreadPool]: On create_job_pipeline_public_staging: COMMIT
[0m22:59:01.902069 [debug] [ThreadPool]: SQL status: COMMIT in 0.002 seconds
[0m22:59:01.902370 [debug] [ThreadPool]: On create_job_pipeline_public_staging: Close
[0m22:59:01.903329 [debug] [ThreadPool]: Acquiring new postgres connection 'list_job_pipeline_public_staging'
[0m22:59:01.909052 [debug] [ThreadPool]: Using postgres connection "list_job_pipeline_public_staging"
[0m22:59:01.909390 [debug] [ThreadPool]: On list_job_pipeline_public_staging: BEGIN
[0m22:59:01.909668 [debug] [ThreadPool]: Opening a new connection, currently in state init
[0m22:59:01.927570 [debug] [ThreadPool]: SQL status: BEGIN in 0.018 seconds
[0m22:59:01.927944 [debug] [ThreadPool]: Using postgres connection "list_job_pipeline_public_staging"
[0m22:59:01.928252 [debug] [ThreadPool]: On list_job_pipeline_public_staging: /* {"app": "dbt", "dbt_version": "1.9.0b2", "profile_name": "job_market_pipeline", "target_name": "dev", "connection_name": "list_job_pipeline_public_staging"} */
select
      'job_pipeline' as database,
      tablename as name,
      schemaname as schema,
      'table' as type
    from pg_tables
    where schemaname ilike 'public_staging'
    union all
    select
      'job_pipeline' as database,
      viewname as name,
      schemaname as schema,
      'view' as type
    from pg_views
    where schemaname ilike 'public_staging'
    union all
    select
      'job_pipeline' as database,
      matviewname as name,
      schemaname as schema,
      'materialized_view' as type
    from pg_matviews
    where schemaname ilike 'public_staging'
  
[0m22:59:01.941533 [debug] [ThreadPool]: SQL status: SELECT 0 in 0.013 seconds
[0m22:59:01.942613 [debug] [ThreadPool]: On list_job_pipeline_public_staging: ROLLBACK
[0m22:59:01.943225 [debug] [ThreadPool]: On list_job_pipeline_public_staging: Close
[0m22:59:01.947431 [debug] [MainThread]: Using postgres connection "master"
[0m22:59:01.947771 [debug] [MainThread]: On master: BEGIN
[0m22:59:01.948061 [debug] [MainThread]: Opening a new connection, currently in state init
[0m22:59:01.966088 [debug] [MainThread]: SQL status: BEGIN in 0.018 seconds
[0m22:59:01.966409 [debug] [MainThread]: Using postgres connection "master"
[0m22:59:01.966800 [debug] [MainThread]: On master: /* {"app": "dbt", "dbt_version": "1.9.0b2", "profile_name": "job_market_pipeline", "target_name": "dev", "connection_name": "master"} */
with relation as (
        select
            pg_rewrite.ev_class as class,
            pg_rewrite.oid as id
        from pg_rewrite
    ),
    class as (
        select
            oid as id,
            relname as name,
            relnamespace as schema,
            relkind as kind
        from pg_class
    ),
    dependency as (
        select distinct
            pg_depend.objid as id,
            pg_depend.refobjid as ref
        from pg_depend
    ),
    schema as (
        select
            pg_namespace.oid as id,
            pg_namespace.nspname as name
        from pg_namespace
        where nspname != 'information_schema' and nspname not like 'pg\_%'
    ),
    referenced as (
        select
            relation.id AS id,
            referenced_class.name ,
            referenced_class.schema ,
            referenced_class.kind
        from relation
        join class as referenced_class on relation.class=referenced_class.id
        where referenced_class.kind in ('r', 'v', 'm')
    ),
    relationships as (
        select
            referenced.name as referenced_name,
            referenced.schema as referenced_schema_id,
            dependent_class.name as dependent_name,
            dependent_class.schema as dependent_schema_id,
            referenced.kind as kind
        from referenced
        join dependency on referenced.id=dependency.id
        join class as dependent_class on dependency.ref=dependent_class.id
        where
            (referenced.name != dependent_class.name or
             referenced.schema != dependent_class.schema)
    )

    select
        referenced_schema.name as referenced_schema,
        relationships.referenced_name as referenced_name,
        dependent_schema.name as dependent_schema,
        relationships.dependent_name as dependent_name
    from relationships
    join schema as dependent_schema on relationships.dependent_schema_id=dependent_schema.id
    join schema as referenced_schema on relationships.referenced_schema_id=referenced_schema.id
    group by referenced_schema, referenced_name, dependent_schema, dependent_name
    order by referenced_schema, referenced_name, dependent_schema, dependent_name;
[0m22:59:01.977983 [debug] [MainThread]: SQL status: SELECT 0 in 0.011 seconds
[0m22:59:01.979011 [debug] [MainThread]: Sending event: {'category': 'dbt', 'action': 'runnable_timing', 'label': '5478bad2-cb0a-41b3-ab6f-24c697ef1f32', 'context': [<snowplow_tracker.self_describing_json.SelfDescribingJson object at 0x7f91600f0850>]}
[0m22:59:01.979469 [debug] [MainThread]: On master: ROLLBACK
[0m22:59:01.980113 [debug] [MainThread]: Using postgres connection "master"
[0m22:59:01.980430 [debug] [MainThread]: On master: BEGIN
[0m22:59:01.981377 [debug] [MainThread]: SQL status: BEGIN in 0.001 seconds
[0m22:59:01.981698 [debug] [MainThread]: On master: COMMIT
[0m22:59:01.981999 [debug] [MainThread]: Using postgres connection "master"
[0m22:59:01.982297 [debug] [MainThread]: On master: COMMIT
[0m22:59:01.982893 [debug] [MainThread]: SQL status: COMMIT in 0.000 seconds
[0m22:59:01.983216 [debug] [MainThread]: On master: Close
[0m22:59:01.985672 [debug] [Thread-1  ]: Began running node model.job_market_pipeline.stg_job_postings
[0m22:59:01.986220 [info ] [Thread-1  ]: 1 of 1 START sql view model public_staging.stg_job_postings .................... [RUN]
[0m22:59:01.986684 [debug] [Thread-1  ]: Re-using an available connection from the pool (formerly create_job_pipeline_public_staging, now model.job_market_pipeline.stg_job_postings)
[0m22:59:01.987065 [debug] [Thread-1  ]: Began compiling node model.job_market_pipeline.stg_job_postings
[0m22:59:01.995660 [debug] [Thread-1  ]: Writing injected SQL for node "model.job_market_pipeline.stg_job_postings"
[0m22:59:01.996899 [debug] [Thread-1  ]: Began executing node model.job_market_pipeline.stg_job_postings
[0m22:59:02.027336 [debug] [Thread-1  ]: Writing runtime sql for node "model.job_market_pipeline.stg_job_postings"
[0m22:59:02.028111 [debug] [Thread-1  ]: Using postgres connection "model.job_market_pipeline.stg_job_postings"
[0m22:59:02.028410 [debug] [Thread-1  ]: On model.job_market_pipeline.stg_job_postings: BEGIN
[0m22:59:02.028681 [debug] [Thread-1  ]: Opening a new connection, currently in state closed
[0m22:59:02.044150 [debug] [Thread-1  ]: SQL status: BEGIN in 0.015 seconds
[0m22:59:02.044591 [debug] [Thread-1  ]: Using postgres connection "model.job_market_pipeline.stg_job_postings"
[0m22:59:02.044935 [debug] [Thread-1  ]: On model.job_market_pipeline.stg_job_postings: /* {"app": "dbt", "dbt_version": "1.9.0b2", "profile_name": "job_market_pipeline", "target_name": "dev", "node_id": "model.job_market_pipeline.stg_job_postings"} */

  create view "job_pipeline"."public_staging"."stg_job_postings__dbt_tmp"
    
    
  as (
    

WITH raw_data AS (
    SELECT * FROM "job_pipeline"."raw"."job_postings"
),

cleaned_data AS (
    SELECT
        job_id,
        TRIM(title) AS job_title,
        TRIM(company_name) AS company_name,
        TRIM(location) AS job_location,
        experience_level,
        -- Handle potential empty strings or bad data in numeric columns
        CAST(NULLIF(TRIM(CAST(salary_min AS TEXT)), '') AS NUMERIC) AS salary_min,
        CAST(NULLIF(TRIM(CAST(salary_max AS TEXT)), '') AS NUMERIC) AS salary_max,
        CAST(posted_date AS DATE) AS posted_date,
        TRIM(skills) AS skills_raw,
        -- Create a boolean flag for remote roles
        CASE 
            WHEN LOWER(location) LIKE '%remote%' THEN TRUE 
            ELSE FALSE 
        END AS is_remote
    FROM raw_data
)

SELECT * FROM cleaned_data
  );
[0m22:59:02.058611 [debug] [Thread-1  ]: SQL status: CREATE VIEW in 0.013 seconds
[0m22:59:02.092807 [debug] [Thread-1  ]: Using postgres connection "model.job_market_pipeline.stg_job_postings"
[0m22:59:02.093344 [debug] [Thread-1  ]: On model.job_market_pipeline.stg_job_postings: /* {"app": "dbt", "dbt_version": "1.9.0b2", "profile_name": "job_market_pipeline", "target_name": "dev", "node_id": "model.job_market_pipeline.stg_job_postings"} */
alter table "job_pipeline"."public_staging"."stg_job_postings__dbt_tmp" rename to "stg_job_postings"
[0m22:59:02.094983 [debug] [Thread-1  ]: SQL status: ALTER TABLE in 0.001 seconds
[0m22:59:02.107327 [debug] [Thread-1  ]: On model.job_market_pipeline.stg_job_postings: COMMIT
[0m22:59:02.107733 [debug] [Thread-1  ]: Using postgres connection "model.job_market_pipeline.stg_job_postings"
[0m22:59:02.108020 [debug] [Thread-1  ]: On model.job_market_pipeline.stg_job_postings: COMMIT
[0m22:59:02.109331 [debug] [Thread-1  ]: SQL status: COMMIT in 0.001 seconds
[0m22:59:02.114360 [debug] [Thread-1  ]: Applying DROP to: "job_pipeline"."public_staging"."stg_job_postings__dbt_backup"
[0m22:59:02.117650 [debug] [Thread-1  ]: Using postgres connection "model.job_market_pipeline.stg_job_postings"
[0m22:59:02.117967 [debug] [Thread-1  ]: On model.job_market_pipeline.stg_job_postings: /* {"app": "dbt", "dbt_version": "1.9.0b2", "profile_name": "job_market_pipeline", "target_name": "dev", "node_id": "model.job_market_pipeline.stg_job_postings"} */
drop view if exists "job_pipeline"."public_staging"."stg_job_postings__dbt_backup" cascade
[0m22:59:02.118986 [debug] [Thread-1  ]: SQL status: DROP VIEW in 0.001 seconds
[0m22:59:02.120677 [debug] [Thread-1  ]: On model.job_market_pipeline.stg_job_postings: Close
[0m22:59:02.121791 [debug] [Thread-1  ]: Sending event: {'category': 'dbt', 'action': 'run_model', 'label': '5478bad2-cb0a-41b3-ab6f-24c697ef1f32', 'context': [<snowplow_tracker.self_describing_json.SelfDescribingJson object at 0x7f9170b5dd60>]}
[0m22:59:02.122300 [info ] [Thread-1  ]: 1 of 1 OK created sql view model public_staging.stg_job_postings ............... [[32mCREATE VIEW[0m in 0.13s]
[0m22:59:02.122772 [debug] [Thread-1  ]: Finished running node model.job_market_pipeline.stg_job_postings
[0m22:59:02.123897 [debug] [MainThread]: Using postgres connection "master"
[0m22:59:02.124158 [debug] [MainThread]: On master: BEGIN
[0m22:59:02.124391 [debug] [MainThread]: Opening a new connection, currently in state closed
[0m22:59:02.139612 [debug] [MainThread]: SQL status: BEGIN in 0.015 seconds
[0m22:59:02.139985 [debug] [MainThread]: On master: COMMIT
[0m22:59:02.140229 [debug] [MainThread]: Using postgres connection "master"
[0m22:59:02.140463 [debug] [MainThread]: On master: COMMIT
[0m22:59:02.141052 [debug] [MainThread]: SQL status: COMMIT in 0.000 seconds
[0m22:59:02.141296 [debug] [MainThread]: On master: Close
[0m22:59:02.141649 [debug] [MainThread]: Connection 'master' was properly closed.
[0m22:59:02.141958 [debug] [MainThread]: Connection 'model.job_market_pipeline.stg_job_postings' was properly closed.
[0m22:59:02.142231 [debug] [MainThread]: Connection 'list_job_pipeline_public_staging' was properly closed.
[0m22:59:02.142509 [info ] [MainThread]: 
[0m22:59:02.142838 [info ] [MainThread]: Finished running 1 view model in 0 hours 0 minutes and 0.63 seconds (0.63s).
[0m22:59:02.143420 [debug] [MainThread]: Command end result
[0m22:59:02.166593 [info ] [MainThread]: 
[0m22:59:02.167058 [info ] [MainThread]: [32mCompleted successfully[0m
[0m22:59:02.167335 [info ] [MainThread]: 
[0m22:59:02.167630 [info ] [MainThread]: Done. PASS=1 WARN=0 ERROR=0 SKIP=0 TOTAL=1
[0m22:59:02.171308 [debug] [MainThread]: Resource report: {"command_name": "run", "command_success": true, "command_wall_clock_time": 2.0313425, "process_user_time": 2.281707, "process_kernel_time": 0.639042, "process_mem_max_rss": "113958912", "process_in_blocks": "0", "process_out_blocks": "0"}
[0m22:59:02.171704 [debug] [MainThread]: Command `dbt run` succeeded at 22:59:02.171620 after 2.03 seconds
[0m22:59:02.172037 [debug] [MainThread]: Sending event: {'category': 'dbt', 'action': 'invocation', 'label': 'end', 'context': [<snowplow_tracker.self_describing_json.SelfDescribingJson object at 0x7f9181d99f10>, <snowplow_tracker.self_describing_json.SelfDescribingJson object at 0x7f9170679460>, <snowplow_tracker.self_describing_json.SelfDescribingJson object at 0x7f918077caf0>]}
[0m22:59:02.172359 [debug] [MainThread]: Flushing usage events
[0m22:59:02.873938 [debug] [MainThread]: An error was encountered while trying to flush usage events
[0m23:03:09.795115 [debug] [MainThread]: Sending event: {'category': 'dbt', 'action': 'invocation', 'label': 'start', 'context': [<snowplow_tracker.self_describing_json.SelfDescribingJson object at 0x7fbbda0b1df0>, <snowplow_tracker.self_describing_json.SelfDescribingJson object at 0x7fbbdab16760>, <snowplow_tracker.self_describing_json.SelfDescribingJson object at 0x7fbbdab48790>]}


============================== 23:03:09.800279 | 066d8a63-faef-4e8e-a4b3-30bb98e428b8 ==============================
[0m23:03:09.800279 [info ] [MainThread]: Running with dbt=1.9.0-b2
[0m23:03:09.800794 [debug] [MainThread]: running dbt with arguments {'printer_width': '80', 'indirect_selection': 'eager', 'write_json': 'True', 'log_cache_events': 'False', 'partial_parse': 'True', 'cache_selected_only': 'False', 'profiles_dir': '.', 'fail_fast': 'False', 'warn_error': 'None', 'log_path': '/Users/lbaba/job_market_pipeline/dbt_project/logs', 'debug': 'False', 'version_check': 'True', 'use_colors': 'True', 'use_experimental_parser': 'False', 'empty': 'False', 'quiet': 'False', 'no_print': 'None', 'warn_error_options': 'WarnErrorOptions(include=[], exclude=[])', 'invocation_command': 'dbt run --select int_job_skills_exploded --profiles-dir .', 'introspect': 'True', 'log_format': 'default', 'target_path': 'None', 'static_parser': 'True', 'send_anonymous_usage_stats': 'True'}
[0m23:03:09.967252 [debug] [MainThread]: Sending event: {'category': 'dbt', 'action': 'project_id', 'label': '066d8a63-faef-4e8e-a4b3-30bb98e428b8', 'context': [<snowplow_tracker.self_describing_json.SelfDescribingJson object at 0x7fbbdab36730>]}
[0m23:03:10.009203 [debug] [MainThread]: Sending event: {'category': 'dbt', 'action': 'adapter_info', 'label': '066d8a63-faef-4e8e-a4b3-30bb98e428b8', 'context': [<snowplow_tracker.self_describing_json.SelfDescribingJson object at 0x7fbbdab911f0>]}
[0m23:03:10.010123 [info ] [MainThread]: Registered adapter: postgres=1.8.2
[0m23:03:10.034089 [debug] [MainThread]: checksum: 4cfbbe2a671212f062e88a43cba5322b30b7e3e8e91b953aa4de249eeaade60f, vars: {}, profile: , target: , version: 1.9.0b2
[0m23:03:10.153401 [debug] [MainThread]: Partial parsing enabled: 0 files deleted, 1 files added, 0 files changed.
[0m23:03:10.153893 [debug] [MainThread]: Partial parsing: added file: job_market_pipeline://models/intermediate/int_job_skills_exploded.sql
[0m23:03:10.331301 [warn ] [MainThread]: [[33mWARNING[0m]: Configuration paths exist in your dbt_project.yml file which do not apply to any resources.
There are 1 unused configuration paths:
- models.job_market_pipeline.marts
[0m23:03:10.343192 [debug] [MainThread]: Sending event: {'category': 'dbt', 'action': 'load_project', 'label': '066d8a63-faef-4e8e-a4b3-30bb98e428b8', 'context': [<snowplow_tracker.self_describing_json.SelfDescribingJson object at 0x7fbbc875df40>]}
[0m23:03:10.424166 [debug] [MainThread]: Sending event: {'category': 'dbt', 'action': 'resource_counts', 'label': '066d8a63-faef-4e8e-a4b3-30bb98e428b8', 'context': [<snowplow_tracker.self_describing_json.SelfDescribingJson object at 0x7fbbc88096a0>]}
[0m23:03:10.424711 [info ] [MainThread]: Found 2 models, 3 sources, 423 macros
[0m23:03:10.425083 [debug] [MainThread]: Sending event: {'category': 'dbt', 'action': 'runnable_timing', 'label': '066d8a63-faef-4e8e-a4b3-30bb98e428b8', 'context': [<snowplow_tracker.self_describing_json.SelfDescribingJson object at 0x7fbbc876ee80>]}
[0m23:03:10.426190 [info ] [MainThread]: 
[0m23:03:10.426531 [info ] [MainThread]: Concurrency: 4 threads (target='dev')
[0m23:03:10.426795 [info ] [MainThread]: 
[0m23:03:10.427265 [debug] [MainThread]: Acquiring new postgres connection 'master'
[0m23:03:10.428350 [debug] [ThreadPool]: Acquiring new postgres connection 'list_job_pipeline'
[0m23:03:10.474487 [debug] [ThreadPool]: Using postgres connection "list_job_pipeline"
[0m23:03:10.474864 [debug] [ThreadPool]: On list_job_pipeline: /* {"app": "dbt", "dbt_version": "1.9.0b2", "profile_name": "job_market_pipeline", "target_name": "dev", "connection_name": "list_job_pipeline"} */

    select distinct nspname from pg_namespace
  
[0m23:03:10.475127 [debug] [ThreadPool]: Opening a new connection, currently in state init
[0m23:03:10.754996 [debug] [ThreadPool]: SQL status: SELECT 8 in 0.279 seconds
[0m23:03:10.756367 [debug] [ThreadPool]: On list_job_pipeline: Close
[0m23:03:10.757561 [debug] [ThreadPool]: Acquiring new postgres connection 'list_job_pipeline_public_staging'
[0m23:03:10.763648 [debug] [ThreadPool]: Using postgres connection "list_job_pipeline_public_staging"
[0m23:03:10.764125 [debug] [ThreadPool]: Re-using an available connection from the pool (formerly list_job_pipeline, now list_job_pipeline_public)
[0m23:03:10.764469 [debug] [ThreadPool]: On list_job_pipeline_public_staging: BEGIN
[0m23:03:10.766428 [debug] [ThreadPool]: Using postgres connection "list_job_pipeline_public"
[0m23:03:10.766756 [debug] [ThreadPool]: Opening a new connection, currently in state init
[0m23:03:10.767063 [debug] [ThreadPool]: On list_job_pipeline_public: BEGIN
[0m23:03:10.767488 [debug] [ThreadPool]: Opening a new connection, currently in state closed
[0m23:03:10.785848 [debug] [ThreadPool]: SQL status: BEGIN in 0.019 seconds
[0m23:03:10.786211 [debug] [ThreadPool]: Using postgres connection "list_job_pipeline_public_staging"
[0m23:03:10.786609 [debug] [ThreadPool]: SQL status: BEGIN in 0.019 seconds
[0m23:03:10.786965 [debug] [ThreadPool]: On list_job_pipeline_public_staging: /* {"app": "dbt", "dbt_version": "1.9.0b2", "profile_name": "job_market_pipeline", "target_name": "dev", "connection_name": "list_job_pipeline_public_staging"} */
select
      'job_pipeline' as database,
      tablename as name,
      schemaname as schema,
      'table' as type
    from pg_tables
    where schemaname ilike 'public_staging'
    union all
    select
      'job_pipeline' as database,
      viewname as name,
      schemaname as schema,
      'view' as type
    from pg_views
    where schemaname ilike 'public_staging'
    union all
    select
      'job_pipeline' as database,
      matviewname as name,
      schemaname as schema,
      'materialized_view' as type
    from pg_matviews
    where schemaname ilike 'public_staging'
  
[0m23:03:10.787317 [debug] [ThreadPool]: Using postgres connection "list_job_pipeline_public"
[0m23:03:10.787686 [debug] [ThreadPool]: On list_job_pipeline_public: /* {"app": "dbt", "dbt_version": "1.9.0b2", "profile_name": "job_market_pipeline", "target_name": "dev", "connection_name": "list_job_pipeline_public"} */
select
      'job_pipeline' as database,
      tablename as name,
      schemaname as schema,
      'table' as type
    from pg_tables
    where schemaname ilike 'public'
    union all
    select
      'job_pipeline' as database,
      viewname as name,
      schemaname as schema,
      'view' as type
    from pg_views
    where schemaname ilike 'public'
    union all
    select
      'job_pipeline' as database,
      matviewname as name,
      schemaname as schema,
      'materialized_view' as type
    from pg_matviews
    where schemaname ilike 'public'
  
[0m23:03:10.800890 [debug] [ThreadPool]: SQL status: SELECT 0 in 0.013 seconds
[0m23:03:10.801985 [debug] [ThreadPool]: On list_job_pipeline_public: ROLLBACK
[0m23:03:10.802374 [debug] [ThreadPool]: SQL status: SELECT 1 in 0.015 seconds
[0m23:03:10.802692 [debug] [ThreadPool]: On list_job_pipeline_public: Close
[0m23:03:10.803659 [debug] [ThreadPool]: On list_job_pipeline_public_staging: ROLLBACK
[0m23:03:10.804356 [debug] [ThreadPool]: On list_job_pipeline_public_staging: Close
[0m23:03:10.808535 [debug] [MainThread]: Using postgres connection "master"
[0m23:03:10.808885 [debug] [MainThread]: On master: BEGIN
[0m23:03:10.809179 [debug] [MainThread]: Opening a new connection, currently in state init
[0m23:03:10.825959 [debug] [MainThread]: SQL status: BEGIN in 0.017 seconds
[0m23:03:10.826287 [debug] [MainThread]: Using postgres connection "master"
[0m23:03:10.826727 [debug] [MainThread]: On master: /* {"app": "dbt", "dbt_version": "1.9.0b2", "profile_name": "job_market_pipeline", "target_name": "dev", "connection_name": "master"} */
with relation as (
        select
            pg_rewrite.ev_class as class,
            pg_rewrite.oid as id
        from pg_rewrite
    ),
    class as (
        select
            oid as id,
            relname as name,
            relnamespace as schema,
            relkind as kind
        from pg_class
    ),
    dependency as (
        select distinct
            pg_depend.objid as id,
            pg_depend.refobjid as ref
        from pg_depend
    ),
    schema as (
        select
            pg_namespace.oid as id,
            pg_namespace.nspname as name
        from pg_namespace
        where nspname != 'information_schema' and nspname not like 'pg\_%'
    ),
    referenced as (
        select
            relation.id AS id,
            referenced_class.name ,
            referenced_class.schema ,
            referenced_class.kind
        from relation
        join class as referenced_class on relation.class=referenced_class.id
        where referenced_class.kind in ('r', 'v', 'm')
    ),
    relationships as (
        select
            referenced.name as referenced_name,
            referenced.schema as referenced_schema_id,
            dependent_class.name as dependent_name,
            dependent_class.schema as dependent_schema_id,
            referenced.kind as kind
        from referenced
        join dependency on referenced.id=dependency.id
        join class as dependent_class on dependency.ref=dependent_class.id
        where
            (referenced.name != dependent_class.name or
             referenced.schema != dependent_class.schema)
    )

    select
        referenced_schema.name as referenced_schema,
        relationships.referenced_name as referenced_name,
        dependent_schema.name as dependent_schema,
        relationships.dependent_name as dependent_name
    from relationships
    join schema as dependent_schema on relationships.dependent_schema_id=dependent_schema.id
    join schema as referenced_schema on relationships.referenced_schema_id=referenced_schema.id
    group by referenced_schema, referenced_name, dependent_schema, dependent_name
    order by referenced_schema, referenced_name, dependent_schema, dependent_name;
[0m23:03:10.838709 [debug] [MainThread]: SQL status: SELECT 1 in 0.012 seconds
[0m23:03:10.839841 [debug] [MainThread]: Sending event: {'category': 'dbt', 'action': 'runnable_timing', 'label': '066d8a63-faef-4e8e-a4b3-30bb98e428b8', 'context': [<snowplow_tracker.self_describing_json.SelfDescribingJson object at 0x7fbbc8b82160>]}
[0m23:03:10.840311 [debug] [MainThread]: On master: ROLLBACK
[0m23:03:10.841276 [debug] [MainThread]: Using postgres connection "master"
[0m23:03:10.841601 [debug] [MainThread]: On master: BEGIN
[0m23:03:10.842449 [debug] [MainThread]: SQL status: BEGIN in 0.001 seconds
[0m23:03:10.842771 [debug] [MainThread]: On master: COMMIT
[0m23:03:10.843079 [debug] [MainThread]: Using postgres connection "master"
[0m23:03:10.843384 [debug] [MainThread]: On master: COMMIT
[0m23:03:10.844270 [debug] [MainThread]: SQL status: COMMIT in 0.001 seconds
[0m23:03:10.844601 [debug] [MainThread]: On master: Close
[0m23:03:10.847224 [debug] [Thread-1  ]: Began running node model.job_market_pipeline.int_job_skills_exploded
[0m23:03:10.847810 [info ] [Thread-1  ]: 1 of 1 START sql table model public.int_job_skills_exploded .................... [RUN]
[0m23:03:10.848301 [debug] [Thread-1  ]: Re-using an available connection from the pool (formerly list_job_pipeline_public, now model.job_market_pipeline.int_job_skills_exploded)
[0m23:03:10.848706 [debug] [Thread-1  ]: Began compiling node model.job_market_pipeline.int_job_skills_exploded
[0m23:03:10.865214 [debug] [Thread-1  ]: Compilation Error in model int_job_skills_exploded (models/intermediate/int_job_skills_exploded.sql)
  'dbt_utils' is undefined. This can happen when calling a macro that does not exist. Check for typos and/or install package dependencies with "dbt deps".
[0m23:03:10.866668 [debug] [Thread-1  ]: Sending event: {'category': 'dbt', 'action': 'run_model', 'label': '066d8a63-faef-4e8e-a4b3-30bb98e428b8', 'context': [<snowplow_tracker.self_describing_json.SelfDescribingJson object at 0x7fbbc8bb8ee0>]}
[0m23:03:10.867232 [error] [Thread-1  ]: 1 of 1 ERROR creating sql table model public.int_job_skills_exploded ........... [[31mERROR[0m in 0.02s]
[0m23:03:10.867691 [debug] [Thread-1  ]: Finished running node model.job_market_pipeline.int_job_skills_exploded
[0m23:03:10.868081 [debug] [Thread-7  ]: Marking all children of 'model.job_market_pipeline.int_job_skills_exploded' to be skipped because of status 'error'.  Reason: Compilation Error in model int_job_skills_exploded (models/intermediate/int_job_skills_exploded.sql)
  'dbt_utils' is undefined. This can happen when calling a macro that does not exist. Check for typos and/or install package dependencies with "dbt deps"..
[0m23:03:10.869132 [debug] [MainThread]: Using postgres connection "master"
[0m23:03:10.869404 [debug] [MainThread]: On master: BEGIN
[0m23:03:10.869648 [debug] [MainThread]: Opening a new connection, currently in state closed
[0m23:03:10.886026 [debug] [MainThread]: SQL status: BEGIN in 0.016 seconds
[0m23:03:10.886400 [debug] [MainThread]: On master: COMMIT
[0m23:03:10.886641 [debug] [MainThread]: Using postgres connection "master"
[0m23:03:10.886874 [debug] [MainThread]: On master: COMMIT
[0m23:03:10.887414 [debug] [MainThread]: SQL status: COMMIT in 0.000 seconds
[0m23:03:10.887659 [debug] [MainThread]: On master: Close
[0m23:03:10.888010 [debug] [MainThread]: Connection 'master' was properly closed.
[0m23:03:10.888240 [debug] [MainThread]: Connection 'model.job_market_pipeline.int_job_skills_exploded' was properly closed.
[0m23:03:10.888457 [debug] [MainThread]: Connection 'list_job_pipeline_public_staging' was properly closed.
[0m23:03:10.888707 [info ] [MainThread]: 
[0m23:03:10.888986 [info ] [MainThread]: Finished running 1 table model in 0 hours 0 minutes and 0.46 seconds (0.46s).
[0m23:03:10.889486 [debug] [MainThread]: Command end result
[0m23:03:10.911986 [info ] [MainThread]: 
[0m23:03:10.912423 [info ] [MainThread]: [31mCompleted with 1 error, 0 partial successs, and 0 warnings:[0m
[0m23:03:10.912744 [info ] [MainThread]: 
[0m23:03:10.913122 [error] [MainThread]:   Compilation Error in model int_job_skills_exploded (models/intermediate/int_job_skills_exploded.sql)
  'dbt_utils' is undefined. This can happen when calling a macro that does not exist. Check for typos and/or install package dependencies with "dbt deps".
[0m23:03:10.913518 [info ] [MainThread]: 
[0m23:03:10.913909 [info ] [MainThread]: Done. PASS=0 WARN=0 ERROR=1 SKIP=0 TOTAL=1
[0m23:03:10.917300 [debug] [MainThread]: Resource report: {"command_name": "run", "command_wall_clock_time": 1.2188247, "process_user_time": 1.566082, "process_kernel_time": 0.652086, "process_mem_max_rss": "114782208", "command_success": false, "process_in_blocks": "0", "process_out_blocks": "0"}
[0m23:03:10.917709 [debug] [MainThread]: Command `dbt run` failed at 23:03:10.917625 after 1.22 seconds
[0m23:03:10.918115 [debug] [MainThread]: Sending event: {'category': 'dbt', 'action': 'invocation', 'label': 'end', 'context': [<snowplow_tracker.self_describing_json.SelfDescribingJson object at 0x7fbbda0b1df0>, <snowplow_tracker.self_describing_json.SelfDescribingJson object at 0x7fbbdab911f0>, <snowplow_tracker.self_describing_json.SelfDescribingJson object at 0x7fbbd93deb20>]}
[0m23:03:10.918477 [debug] [MainThread]: Flushing usage events
[0m23:03:11.399705 [debug] [MainThread]: An error was encountered while trying to flush usage events
[0m23:05:02.535104 [debug] [MainThread]: Sending event: {'category': 'dbt', 'action': 'invocation', 'label': 'start', 'context': [<snowplow_tracker.self_describing_json.SelfDescribingJson object at 0x7fa7a98f1e80>, <snowplow_tracker.self_describing_json.SelfDescribingJson object at 0x7fa7aa116b50>, <snowplow_tracker.self_describing_json.SelfDescribingJson object at 0x7fa7aa145460>]}


============================== 23:05:02.540644 | 12c977d0-6dd7-4a63-b178-1a3c594f8e99 ==============================
[0m23:05:02.540644 [info ] [MainThread]: Running with dbt=1.9.0-b2
[0m23:05:02.541247 [debug] [MainThread]: running dbt with arguments {'printer_width': '80', 'indirect_selection': 'eager', 'write_json': 'True', 'log_cache_events': 'False', 'partial_parse': 'True', 'cache_selected_only': 'False', 'warn_error': 'None', 'version_check': 'True', 'profiles_dir': '/Users/lbaba/job_market_pipeline/dbt_project', 'log_path': '/Users/lbaba/job_market_pipeline/dbt_project/logs', 'fail_fast': 'False', 'debug': 'False', 'use_colors': 'True', 'use_experimental_parser': 'False', 'no_print': 'None', 'quiet': 'False', 'empty': 'None', 'warn_error_options': 'WarnErrorOptions(include=[], exclude=[])', 'introspect': 'True', 'invocation_command': 'dbt deps', 'static_parser': 'True', 'target_path': 'None', 'log_format': 'default', 'send_anonymous_usage_stats': 'True'}
[0m23:05:02.652139 [debug] [MainThread]: Sending event: {'category': 'dbt', 'action': 'project_id', 'label': '12c977d0-6dd7-4a63-b178-1a3c594f8e99', 'context': [<snowplow_tracker.self_describing_json.SelfDescribingJson object at 0x7fa7a8aaee80>]}
[0m23:05:02.669551 [debug] [MainThread]: Set downloads directory='/var/folders/bw/8q0mpdln5pz7n5zwj5j1_7jr0000gn/T/dbt-downloads-ujm09ke5'
[0m23:05:02.670141 [debug] [MainThread]: Making package index registry request: GET https://hub.getdbt.com/api/v1/index.json
[0m23:05:05.214939 [debug] [MainThread]: Response from registry index: GET https://hub.getdbt.com/api/v1/index.json 200
[0m23:05:05.216884 [debug] [MainThread]: Making package registry request: GET https://hub.getdbt.com/api/v1/dbt-labs/dbt_utils.json
[0m23:05:05.300477 [debug] [MainThread]: Response from registry: GET https://hub.getdbt.com/api/v1/dbt-labs/dbt_utils.json 200
[0m23:05:05.332671 [info ] [MainThread]: Updating lock file in file path: /Users/lbaba/job_market_pipeline/dbt_project/package-lock.yml
[0m23:05:05.335876 [debug] [MainThread]: Set downloads directory='/var/folders/bw/8q0mpdln5pz7n5zwj5j1_7jr0000gn/T/dbt-downloads-nfp0fss1'
[0m23:05:05.343641 [info ] [MainThread]: Installing dbt-labs/dbt_utils
[0m23:05:06.939531 [info ] [MainThread]: Installed from version 1.1.1
[0m23:05:06.940018 [info ] [MainThread]: Updated version available: 1.3.3
[0m23:05:06.940375 [debug] [MainThread]: Sending event: {'category': 'dbt', 'action': 'package', 'label': '12c977d0-6dd7-4a63-b178-1a3c594f8e99', 'property_': 'install', 'context': [<snowplow_tracker.self_describing_json.SelfDescribingJson object at 0x7fa7aa171a90>, <snowplow_tracker.self_describing_json.SelfDescribingJson object at 0x7fa7aa44fa00>]}
[0m23:05:06.940799 [info ] [MainThread]: 
[0m23:05:06.941121 [info ] [MainThread]: Updates available for packages: ['dbt-labs/dbt_utils']                 
Update your versions in packages.yml, then run dbt deps
[0m23:05:06.948079 [debug] [MainThread]: Resource report: {"command_name": "deps", "command_success": true, "command_wall_clock_time": 4.5152497, "process_user_time": 1.196949, "process_kernel_time": 0.608865, "process_mem_max_rss": "95281152", "process_in_blocks": "0", "process_out_blocks": "0"}
[0m23:05:06.948876 [debug] [MainThread]: Command `dbt deps` succeeded at 23:05:06.948622 after 4.52 seconds
[0m23:05:06.949286 [debug] [MainThread]: Sending event: {'category': 'dbt', 'action': 'invocation', 'label': 'end', 'context': [<snowplow_tracker.self_describing_json.SelfDescribingJson object at 0x7fa7a98f1e80>, <snowplow_tracker.self_describing_json.SelfDescribingJson object at 0x7fa7aa4124f0>, <snowplow_tracker.self_describing_json.SelfDescribingJson object at 0x7fa7a8aaee80>]}
[0m23:05:06.949664 [debug] [MainThread]: Flushing usage events
[0m23:05:08.813366 [debug] [MainThread]: An error was encountered while trying to flush usage events
[0m23:05:14.962375 [debug] [MainThread]: Sending event: {'category': 'dbt', 'action': 'invocation', 'label': 'start', 'context': [<snowplow_tracker.self_describing_json.SelfDescribingJson object at 0x7fe8114e1ee0>, <snowplow_tracker.self_describing_json.SelfDescribingJson object at 0x7fe800d2aa30>, <snowplow_tracker.self_describing_json.SelfDescribingJson object at 0x7fe800d60760>]}


============================== 23:05:14.967121 | 61cd9120-31df-451a-8b75-e6a473ae3088 ==============================
[0m23:05:14.967121 [info ] [MainThread]: Running with dbt=1.9.0-b2
[0m23:05:14.967669 [debug] [MainThread]: running dbt with arguments {'printer_width': '80', 'indirect_selection': 'eager', 'write_json': 'True', 'log_cache_events': 'False', 'partial_parse': 'True', 'cache_selected_only': 'False', 'profiles_dir': '.', 'version_check': 'True', 'fail_fast': 'False', 'log_path': '/Users/lbaba/job_market_pipeline/dbt_project/logs', 'debug': 'False', 'warn_error': 'None', 'use_colors': 'True', 'use_experimental_parser': 'False', 'no_print': 'None', 'quiet': 'False', 'empty': 'False', 'warn_error_options': 'WarnErrorOptions(include=[], exclude=[])', 'introspect': 'True', 'invocation_command': 'dbt run --select int_job_skills_exploded --profiles-dir .', 'static_parser': 'True', 'target_path': 'None', 'log_format': 'default', 'send_anonymous_usage_stats': 'True'}
[0m23:05:15.138095 [debug] [MainThread]: Sending event: {'category': 'dbt', 'action': 'project_id', 'label': '61cd9120-31df-451a-8b75-e6a473ae3088', 'context': [<snowplow_tracker.self_describing_json.SelfDescribingJson object at 0x7fe8120ebd60>]}
[0m23:05:15.181690 [debug] [MainThread]: Sending event: {'category': 'dbt', 'action': 'adapter_info', 'label': '61cd9120-31df-451a-8b75-e6a473ae3088', 'context': [<snowplow_tracker.self_describing_json.SelfDescribingJson object at 0x7fe800daea30>]}
[0m23:05:15.182555 [info ] [MainThread]: Registered adapter: postgres=1.8.2
[0m23:05:15.209328 [debug] [MainThread]: checksum: 4cfbbe2a671212f062e88a43cba5322b30b7e3e8e91b953aa4de249eeaade60f, vars: {}, profile: , target: , version: 1.9.0b2
[0m23:05:15.293241 [info ] [MainThread]: Unable to do partial parsing because a project dependency has been added
[0m23:05:15.293708 [debug] [MainThread]: Sending event: {'category': 'dbt', 'action': 'partial_parser', 'label': '61cd9120-31df-451a-8b75-e6a473ae3088', 'context': [<snowplow_tracker.self_describing_json.SelfDescribingJson object at 0x7fe800b3c880>]}
[0m23:05:16.484840 [warn ] [MainThread]: [[33mWARNING[0m]: Configuration paths exist in your dbt_project.yml file which do not apply to any resources.
There are 1 unused configuration paths:
- models.job_market_pipeline.marts
[0m23:05:16.495418 [debug] [MainThread]: Sending event: {'category': 'dbt', 'action': 'load_project', 'label': '61cd9120-31df-451a-8b75-e6a473ae3088', 'context': [<snowplow_tracker.self_describing_json.SelfDescribingJson object at 0x7fe7f023fd00>]}
[0m23:05:16.582798 [debug] [MainThread]: Sending event: {'category': 'dbt', 'action': 'resource_counts', 'label': '61cd9120-31df-451a-8b75-e6a473ae3088', 'context': [<snowplow_tracker.self_describing_json.SelfDescribingJson object at 0x7fe8010f9c70>]}
[0m23:05:16.583406 [info ] [MainThread]: Found 2 models, 3 sources, 537 macros
[0m23:05:16.583883 [debug] [MainThread]: Sending event: {'category': 'dbt', 'action': 'runnable_timing', 'label': '61cd9120-31df-451a-8b75-e6a473ae3088', 'context': [<snowplow_tracker.self_describing_json.SelfDescribingJson object at 0x7fe800f09340>]}
[0m23:05:16.584960 [info ] [MainThread]: 
[0m23:05:16.585292 [info ] [MainThread]: Concurrency: 4 threads (target='dev')
[0m23:05:16.585566 [info ] [MainThread]: 
[0m23:05:16.586093 [debug] [MainThread]: Acquiring new postgres connection 'master'
[0m23:05:16.587241 [debug] [ThreadPool]: Acquiring new postgres connection 'list_job_pipeline'
[0m23:05:16.638009 [debug] [ThreadPool]: Using postgres connection "list_job_pipeline"
[0m23:05:16.638413 [debug] [ThreadPool]: On list_job_pipeline: /* {"app": "dbt", "dbt_version": "1.9.0b2", "profile_name": "job_market_pipeline", "target_name": "dev", "connection_name": "list_job_pipeline"} */

    select distinct nspname from pg_namespace
  
[0m23:05:16.638749 [debug] [ThreadPool]: Opening a new connection, currently in state init
[0m23:05:16.970529 [debug] [ThreadPool]: SQL status: SELECT 8 in 0.331 seconds
[0m23:05:16.972144 [debug] [ThreadPool]: On list_job_pipeline: Close
[0m23:05:16.973384 [debug] [ThreadPool]: Acquiring new postgres connection 'list_job_pipeline_public'
[0m23:05:16.979210 [debug] [ThreadPool]: Re-using an available connection from the pool (formerly list_job_pipeline, now list_job_pipeline_public_staging)
[0m23:05:16.980873 [debug] [ThreadPool]: Using postgres connection "list_job_pipeline_public"
[0m23:05:16.983302 [debug] [ThreadPool]: Using postgres connection "list_job_pipeline_public_staging"
[0m23:05:16.983679 [debug] [ThreadPool]: On list_job_pipeline_public: BEGIN
[0m23:05:16.984017 [debug] [ThreadPool]: On list_job_pipeline_public_staging: BEGIN
[0m23:05:16.984339 [debug] [ThreadPool]: Opening a new connection, currently in state init
[0m23:05:16.984653 [debug] [ThreadPool]: Opening a new connection, currently in state closed
[0m23:05:17.003323 [debug] [ThreadPool]: SQL status: BEGIN in 0.019 seconds
[0m23:05:17.003736 [debug] [ThreadPool]: SQL status: BEGIN in 0.019 seconds
[0m23:05:17.004066 [debug] [ThreadPool]: Using postgres connection "list_job_pipeline_public"
[0m23:05:17.004384 [debug] [ThreadPool]: Using postgres connection "list_job_pipeline_public_staging"
[0m23:05:17.004721 [debug] [ThreadPool]: On list_job_pipeline_public: /* {"app": "dbt", "dbt_version": "1.9.0b2", "profile_name": "job_market_pipeline", "target_name": "dev", "connection_name": "list_job_pipeline_public"} */
select
      'job_pipeline' as database,
      tablename as name,
      schemaname as schema,
      'table' as type
    from pg_tables
    where schemaname ilike 'public'
    union all
    select
      'job_pipeline' as database,
      viewname as name,
      schemaname as schema,
      'view' as type
    from pg_views
    where schemaname ilike 'public'
    union all
    select
      'job_pipeline' as database,
      matviewname as name,
      schemaname as schema,
      'materialized_view' as type
    from pg_matviews
    where schemaname ilike 'public'
  
[0m23:05:17.005092 [debug] [ThreadPool]: On list_job_pipeline_public_staging: /* {"app": "dbt", "dbt_version": "1.9.0b2", "profile_name": "job_market_pipeline", "target_name": "dev", "connection_name": "list_job_pipeline_public_staging"} */
select
      'job_pipeline' as database,
      tablename as name,
      schemaname as schema,
      'table' as type
    from pg_tables
    where schemaname ilike 'public_staging'
    union all
    select
      'job_pipeline' as database,
      viewname as name,
      schemaname as schema,
      'view' as type
    from pg_views
    where schemaname ilike 'public_staging'
    union all
    select
      'job_pipeline' as database,
      matviewname as name,
      schemaname as schema,
      'materialized_view' as type
    from pg_matviews
    where schemaname ilike 'public_staging'
  
[0m23:05:17.030584 [debug] [ThreadPool]: SQL status: SELECT 0 in 0.025 seconds
[0m23:05:17.031008 [debug] [ThreadPool]: SQL status: SELECT 1 in 0.026 seconds
[0m23:05:17.032134 [debug] [ThreadPool]: On list_job_pipeline_public: ROLLBACK
[0m23:05:17.033195 [debug] [ThreadPool]: On list_job_pipeline_public_staging: ROLLBACK
[0m23:05:17.033830 [debug] [ThreadPool]: On list_job_pipeline_public: Close
[0m23:05:17.034150 [debug] [ThreadPool]: On list_job_pipeline_public_staging: Close
[0m23:05:17.039079 [debug] [MainThread]: Using postgres connection "master"
[0m23:05:17.039476 [debug] [MainThread]: On master: BEGIN
[0m23:05:17.039799 [debug] [MainThread]: Opening a new connection, currently in state init
[0m23:05:17.056938 [debug] [MainThread]: SQL status: BEGIN in 0.017 seconds
[0m23:05:17.057329 [debug] [MainThread]: Using postgres connection "master"
[0m23:05:17.057737 [debug] [MainThread]: On master: /* {"app": "dbt", "dbt_version": "1.9.0b2", "profile_name": "job_market_pipeline", "target_name": "dev", "connection_name": "master"} */
with relation as (
        select
            pg_rewrite.ev_class as class,
            pg_rewrite.oid as id
        from pg_rewrite
    ),
    class as (
        select
            oid as id,
            relname as name,
            relnamespace as schema,
            relkind as kind
        from pg_class
    ),
    dependency as (
        select distinct
            pg_depend.objid as id,
            pg_depend.refobjid as ref
        from pg_depend
    ),
    schema as (
        select
            pg_namespace.oid as id,
            pg_namespace.nspname as name
        from pg_namespace
        where nspname != 'information_schema' and nspname not like 'pg\_%'
    ),
    referenced as (
        select
            relation.id AS id,
            referenced_class.name ,
            referenced_class.schema ,
            referenced_class.kind
        from relation
        join class as referenced_class on relation.class=referenced_class.id
        where referenced_class.kind in ('r', 'v', 'm')
    ),
    relationships as (
        select
            referenced.name as referenced_name,
            referenced.schema as referenced_schema_id,
            dependent_class.name as dependent_name,
            dependent_class.schema as dependent_schema_id,
            referenced.kind as kind
        from referenced
        join dependency on referenced.id=dependency.id
        join class as dependent_class on dependency.ref=dependent_class.id
        where
            (referenced.name != dependent_class.name or
             referenced.schema != dependent_class.schema)
    )

    select
        referenced_schema.name as referenced_schema,
        relationships.referenced_name as referenced_name,
        dependent_schema.name as dependent_schema,
        relationships.dependent_name as dependent_name
    from relationships
    join schema as dependent_schema on relationships.dependent_schema_id=dependent_schema.id
    join schema as referenced_schema on relationships.referenced_schema_id=referenced_schema.id
    group by referenced_schema, referenced_name, dependent_schema, dependent_name
    order by referenced_schema, referenced_name, dependent_schema, dependent_name;
[0m23:05:17.070032 [debug] [MainThread]: SQL status: SELECT 1 in 0.012 seconds
[0m23:05:17.071168 [debug] [MainThread]: Sending event: {'category': 'dbt', 'action': 'runnable_timing', 'label': '61cd9120-31df-451a-8b75-e6a473ae3088', 'context': [<snowplow_tracker.self_describing_json.SelfDescribingJson object at 0x7fe7f04faeb0>]}
[0m23:05:17.071645 [debug] [MainThread]: On master: ROLLBACK
[0m23:05:17.072416 [debug] [MainThread]: Using postgres connection "master"
[0m23:05:17.072744 [debug] [MainThread]: On master: BEGIN
[0m23:05:17.073768 [debug] [MainThread]: SQL status: BEGIN in 0.001 seconds
[0m23:05:17.074090 [debug] [MainThread]: On master: COMMIT
[0m23:05:17.074401 [debug] [MainThread]: Using postgres connection "master"
[0m23:05:17.074710 [debug] [MainThread]: On master: COMMIT
[0m23:05:17.075658 [debug] [MainThread]: SQL status: COMMIT in 0.001 seconds
[0m23:05:17.075987 [debug] [MainThread]: On master: Close
[0m23:05:17.078479 [debug] [Thread-1  ]: Began running node model.job_market_pipeline.int_job_skills_exploded
[0m23:05:17.079091 [info ] [Thread-1  ]: 1 of 1 START sql table model public.int_job_skills_exploded .................... [RUN]
[0m23:05:17.079567 [debug] [Thread-1  ]: Re-using an available connection from the pool (formerly list_job_pipeline_public_staging, now model.job_market_pipeline.int_job_skills_exploded)
[0m23:05:17.079960 [debug] [Thread-1  ]: Began compiling node model.job_market_pipeline.int_job_skills_exploded
[0m23:05:17.091304 [debug] [Thread-1  ]: Writing injected SQL for node "model.job_market_pipeline.int_job_skills_exploded"
[0m23:05:17.092103 [debug] [Thread-1  ]: Began executing node model.job_market_pipeline.int_job_skills_exploded
[0m23:05:17.125057 [debug] [Thread-1  ]: Writing runtime sql for node "model.job_market_pipeline.int_job_skills_exploded"
[0m23:05:17.125780 [debug] [Thread-1  ]: Using postgres connection "model.job_market_pipeline.int_job_skills_exploded"
[0m23:05:17.126091 [debug] [Thread-1  ]: On model.job_market_pipeline.int_job_skills_exploded: BEGIN
[0m23:05:17.126372 [debug] [Thread-1  ]: Opening a new connection, currently in state closed
[0m23:05:17.142761 [debug] [Thread-1  ]: SQL status: BEGIN in 0.016 seconds
[0m23:05:17.143117 [debug] [Thread-1  ]: Using postgres connection "model.job_market_pipeline.int_job_skills_exploded"
[0m23:05:17.143449 [debug] [Thread-1  ]: On model.job_market_pipeline.int_job_skills_exploded: /* {"app": "dbt", "dbt_version": "1.9.0b2", "profile_name": "job_market_pipeline", "target_name": "dev", "node_id": "model.job_market_pipeline.int_job_skills_exploded"} */

  
    

  create  table "job_pipeline"."public"."int_job_skills_exploded__dbt_tmp"
  
  
    as
  
  (
    

WITH staging_data AS (
    SELECT 
        job_id,
        job_title,
        skills_raw
    FROM "job_pipeline"."public_staging"."stg_job_postings"
    -- Filter out any rows that have no skills listed
    WHERE skills_raw IS NOT NULL
),

exploded_skills AS (
    SELECT
        job_id,
        job_title,
        -- This PostgreSQL function splits the string and turns it into rows
        TRIM(UNNEST(STRING_TO_ARRAY(skills_raw, ','))) AS skill_name
    FROM staging_data
)

SELECT 
    -- Generate a unique hash for this combination of job and skill
    md5(cast(coalesce(cast(job_id as TEXT), '_dbt_utils_surrogate_key_null_') || '-' || coalesce(cast(skill_name as TEXT), '_dbt_utils_surrogate_key_null_') as TEXT)) AS job_skill_id,
    job_id,
    job_title,
    skill_name
FROM exploded_skills
  );
  
[0m23:05:21.329058 [debug] [Thread-1  ]: SQL status: SELECT 1251358 in 4.183 seconds
[0m23:05:21.349196 [debug] [Thread-1  ]: Using postgres connection "model.job_market_pipeline.int_job_skills_exploded"
[0m23:05:21.350350 [debug] [Thread-1  ]: On model.job_market_pipeline.int_job_skills_exploded: /* {"app": "dbt", "dbt_version": "1.9.0b2", "profile_name": "job_market_pipeline", "target_name": "dev", "node_id": "model.job_market_pipeline.int_job_skills_exploded"} */
alter table "job_pipeline"."public"."int_job_skills_exploded__dbt_tmp" rename to "int_job_skills_exploded"
[0m23:05:21.477720 [debug] [Thread-1  ]: SQL status: ALTER TABLE in 0.126 seconds
[0m23:05:21.517611 [debug] [Thread-1  ]: On model.job_market_pipeline.int_job_skills_exploded: COMMIT
[0m23:05:21.518470 [debug] [Thread-1  ]: Using postgres connection "model.job_market_pipeline.int_job_skills_exploded"
[0m23:05:21.519010 [debug] [Thread-1  ]: On model.job_market_pipeline.int_job_skills_exploded: COMMIT
[0m23:05:21.521734 [debug] [Thread-1  ]: SQL status: COMMIT in 0.002 seconds
[0m23:05:21.531084 [debug] [Thread-1  ]: Applying DROP to: "job_pipeline"."public"."int_job_skills_exploded__dbt_backup"
[0m23:05:21.536625 [debug] [Thread-1  ]: Using postgres connection "model.job_market_pipeline.int_job_skills_exploded"
[0m23:05:21.537139 [debug] [Thread-1  ]: On model.job_market_pipeline.int_job_skills_exploded: /* {"app": "dbt", "dbt_version": "1.9.0b2", "profile_name": "job_market_pipeline", "target_name": "dev", "node_id": "model.job_market_pipeline.int_job_skills_exploded"} */
drop table if exists "job_pipeline"."public"."int_job_skills_exploded__dbt_backup" cascade
[0m23:05:21.538080 [debug] [Thread-1  ]: SQL status: DROP TABLE in 0.000 seconds
[0m23:05:21.541141 [debug] [Thread-1  ]: On model.job_market_pipeline.int_job_skills_exploded: Close
[0m23:05:21.543015 [debug] [Thread-1  ]: Sending event: {'category': 'dbt', 'action': 'run_model', 'label': '61cd9120-31df-451a-8b75-e6a473ae3088', 'context': [<snowplow_tracker.self_describing_json.SelfDescribingJson object at 0x7fe8011aa100>]}
[0m23:05:21.543840 [info ] [Thread-1  ]: 1 of 1 OK created sql table model public.int_job_skills_exploded ............... [[32mSELECT 1251358[0m in 4.46s]
[0m23:05:21.544580 [debug] [Thread-1  ]: Finished running node model.job_market_pipeline.int_job_skills_exploded
[0m23:05:21.546291 [debug] [MainThread]: Using postgres connection "master"
[0m23:05:21.546670 [debug] [MainThread]: On master: BEGIN
[0m23:05:21.547013 [debug] [MainThread]: Opening a new connection, currently in state closed
[0m23:05:21.564534 [debug] [MainThread]: SQL status: BEGIN in 0.017 seconds
[0m23:05:21.565016 [debug] [MainThread]: On master: COMMIT
[0m23:05:21.565338 [debug] [MainThread]: Using postgres connection "master"
[0m23:05:21.565782 [debug] [MainThread]: On master: COMMIT
[0m23:05:21.566543 [debug] [MainThread]: SQL status: COMMIT in 0.000 seconds
[0m23:05:21.566966 [debug] [MainThread]: On master: Close
[0m23:05:21.567483 [debug] [MainThread]: Connection 'master' was properly closed.
[0m23:05:21.567866 [debug] [MainThread]: Connection 'model.job_market_pipeline.int_job_skills_exploded' was properly closed.
[0m23:05:21.568175 [debug] [MainThread]: Connection 'list_job_pipeline_public' was properly closed.
[0m23:05:21.568519 [info ] [MainThread]: 
[0m23:05:21.568858 [info ] [MainThread]: Finished running 1 table model in 0 hours 0 minutes and 4.98 seconds (4.98s).
[0m23:05:21.569525 [debug] [MainThread]: Command end result
[0m23:05:21.598788 [info ] [MainThread]: 
[0m23:05:21.599257 [info ] [MainThread]: [32mCompleted successfully[0m
[0m23:05:21.599542 [info ] [MainThread]: 
[0m23:05:21.599848 [info ] [MainThread]: Done. PASS=1 WARN=0 ERROR=0 SKIP=0 TOTAL=1
[0m23:05:21.603665 [debug] [MainThread]: Resource report: {"command_name": "run", "command_success": true, "command_wall_clock_time": 6.7391233, "process_user_time": 2.725517, "process_kernel_time": 0.620176, "process_mem_max_rss": "114241536", "process_in_blocks": "0", "process_out_blocks": "0"}
[0m23:05:21.604137 [debug] [MainThread]: Command `dbt run` succeeded at 23:05:21.604012 after 6.74 seconds
[0m23:05:21.604781 [debug] [MainThread]: Sending event: {'category': 'dbt', 'action': 'invocation', 'label': 'end', 'context': [<snowplow_tracker.self_describing_json.SelfDescribingJson object at 0x7fe8114e1ee0>, <snowplow_tracker.self_describing_json.SelfDescribingJson object at 0x7fe8112aa4f0>, <snowplow_tracker.self_describing_json.SelfDescribingJson object at 0x7fe8120ebd60>]}
[0m23:05:21.605151 [debug] [MainThread]: Flushing usage events
[0m23:05:21.833755 [debug] [MainThread]: An error was encountered while trying to flush usage events
[0m23:07:04.250222 [debug] [MainThread]: Sending event: {'category': 'dbt', 'action': 'invocation', 'label': 'start', 'context': [<snowplow_tracker.self_describing_json.SelfDescribingJson object at 0x7ff2d1be1dc0>, <snowplow_tracker.self_describing_json.SelfDescribingJson object at 0x7ff2d26f6cd0>, <snowplow_tracker.self_describing_json.SelfDescribingJson object at 0x7ff2d26f8730>]}


============================== 23:07:04.255234 | 45cf622e-6f6d-4f65-8eeb-54d1da64b2c5 ==============================
[0m23:07:04.255234 [info ] [MainThread]: Running with dbt=1.9.0-b2
[0m23:07:04.255764 [debug] [MainThread]: running dbt with arguments {'printer_width': '80', 'indirect_selection': 'eager', 'write_json': 'True', 'log_cache_events': 'False', 'partial_parse': 'True', 'cache_selected_only': 'False', 'profiles_dir': '.', 'version_check': 'True', 'warn_error': 'None', 'log_path': '/Users/lbaba/job_market_pipeline/dbt_project/logs', 'fail_fast': 'False', 'debug': 'False', 'use_colors': 'True', 'use_experimental_parser': 'False', 'empty': 'False', 'quiet': 'False', 'no_print': 'None', 'warn_error_options': 'WarnErrorOptions(include=[], exclude=[])', 'introspect': 'True', 'log_format': 'default', 'static_parser': 'True', 'target_path': 'None', 'invocation_command': 'dbt run --profiles-dir .', 'send_anonymous_usage_stats': 'True'}
[0m23:07:04.419889 [debug] [MainThread]: Sending event: {'category': 'dbt', 'action': 'project_id', 'label': '45cf622e-6f6d-4f65-8eeb-54d1da64b2c5', 'context': [<snowplow_tracker.self_describing_json.SelfDescribingJson object at 0x7ff2d0c4d2b0>]}
[0m23:07:04.463303 [debug] [MainThread]: Sending event: {'category': 'dbt', 'action': 'adapter_info', 'label': '45cf622e-6f6d-4f65-8eeb-54d1da64b2c5', 'context': [<snowplow_tracker.self_describing_json.SelfDescribingJson object at 0x7ff2d26e5820>]}
[0m23:07:04.464022 [info ] [MainThread]: Registered adapter: postgres=1.8.2
[0m23:07:04.491496 [debug] [MainThread]: checksum: 4cfbbe2a671212f062e88a43cba5322b30b7e3e8e91b953aa4de249eeaade60f, vars: {}, profile: , target: , version: 1.9.0b2
[0m23:07:04.624932 [debug] [MainThread]: Partial parsing enabled: 0 files deleted, 1 files added, 0 files changed.
[0m23:07:04.625444 [debug] [MainThread]: Partial parsing: added file: job_market_pipeline://models/marts/mart_job_market_insights.sql
[0m23:07:04.817611 [debug] [MainThread]: Sending event: {'category': 'dbt', 'action': 'load_project', 'label': '45cf622e-6f6d-4f65-8eeb-54d1da64b2c5', 'context': [<snowplow_tracker.self_describing_json.SelfDescribingJson object at 0x7ff2b8183f40>]}
[0m23:07:04.901008 [debug] [MainThread]: Sending event: {'category': 'dbt', 'action': 'resource_counts', 'label': '45cf622e-6f6d-4f65-8eeb-54d1da64b2c5', 'context': [<snowplow_tracker.self_describing_json.SelfDescribingJson object at 0x7ff2d2c9f2e0>]}
[0m23:07:04.901495 [info ] [MainThread]: Found 3 models, 3 sources, 537 macros
[0m23:07:04.901800 [debug] [MainThread]: Sending event: {'category': 'dbt', 'action': 'runnable_timing', 'label': '45cf622e-6f6d-4f65-8eeb-54d1da64b2c5', 'context': [<snowplow_tracker.self_describing_json.SelfDescribingJson object at 0x7ff2b81ef1f0>]}
[0m23:07:04.902963 [info ] [MainThread]: 
[0m23:07:04.903278 [info ] [MainThread]: Concurrency: 4 threads (target='dev')
[0m23:07:04.903536 [info ] [MainThread]: 
[0m23:07:04.903952 [debug] [MainThread]: Acquiring new postgres connection 'master'
[0m23:07:04.907183 [debug] [ThreadPool]: Acquiring new postgres connection 'list_job_pipeline'
[0m23:07:04.913619 [debug] [ThreadPool]: Acquiring new postgres connection 'list_job_pipeline'
[0m23:07:04.917036 [debug] [ThreadPool]: Acquiring new postgres connection 'list_job_pipeline'
[0m23:07:04.956876 [debug] [ThreadPool]: Using postgres connection "list_job_pipeline"
[0m23:07:04.957261 [debug] [ThreadPool]: Using postgres connection "list_job_pipeline"
[0m23:07:04.957564 [debug] [ThreadPool]: On list_job_pipeline: /* {"app": "dbt", "dbt_version": "1.9.0b2", "profile_name": "job_market_pipeline", "target_name": "dev", "connection_name": "list_job_pipeline"} */

    select distinct nspname from pg_namespace
  
[0m23:07:04.957824 [debug] [ThreadPool]: Using postgres connection "list_job_pipeline"
[0m23:07:04.958102 [debug] [ThreadPool]: On list_job_pipeline: /* {"app": "dbt", "dbt_version": "1.9.0b2", "profile_name": "job_market_pipeline", "target_name": "dev", "connection_name": "list_job_pipeline"} */

    select distinct nspname from pg_namespace
  
[0m23:07:04.958380 [debug] [ThreadPool]: Opening a new connection, currently in state init
[0m23:07:04.958636 [debug] [ThreadPool]: On list_job_pipeline: /* {"app": "dbt", "dbt_version": "1.9.0b2", "profile_name": "job_market_pipeline", "target_name": "dev", "connection_name": "list_job_pipeline"} */

    select distinct nspname from pg_namespace
  
[0m23:07:04.958883 [debug] [ThreadPool]: Opening a new connection, currently in state init
[0m23:07:04.960432 [debug] [ThreadPool]: Opening a new connection, currently in state init
[0m23:07:05.249896 [debug] [ThreadPool]: SQL status: SELECT 8 in 0.291 seconds
[0m23:07:05.251380 [debug] [ThreadPool]: On list_job_pipeline: Close
[0m23:07:05.251789 [debug] [ThreadPool]: SQL status: SELECT 8 in 0.291 seconds
[0m23:07:05.252153 [debug] [ThreadPool]: SQL status: SELECT 8 in 0.293 seconds
[0m23:07:05.253234 [debug] [ThreadPool]: On list_job_pipeline: Close
[0m23:07:05.254461 [debug] [ThreadPool]: On list_job_pipeline: Close
[0m23:07:05.255220 [debug] [ThreadPool]: Re-using an available connection from the pool (formerly list_job_pipeline, now create_job_pipeline_public_marts)
[0m23:07:05.255941 [debug] [ThreadPool]: Creating schema "database: "job_pipeline"
schema: "public_marts"
"
[0m23:07:05.261532 [debug] [ThreadPool]: Using postgres connection "create_job_pipeline_public_marts"
[0m23:07:05.261920 [debug] [ThreadPool]: On create_job_pipeline_public_marts: BEGIN
[0m23:07:05.262231 [debug] [ThreadPool]: Opening a new connection, currently in state closed
[0m23:07:05.277054 [debug] [ThreadPool]: SQL status: BEGIN in 0.015 seconds
[0m23:07:05.277380 [debug] [ThreadPool]: Using postgres connection "create_job_pipeline_public_marts"
[0m23:07:05.277667 [debug] [ThreadPool]: On create_job_pipeline_public_marts: /* {"app": "dbt", "dbt_version": "1.9.0b2", "profile_name": "job_market_pipeline", "target_name": "dev", "connection_name": "create_job_pipeline_public_marts"} */
create schema if not exists "public_marts"
[0m23:07:05.280106 [debug] [ThreadPool]: SQL status: CREATE SCHEMA in 0.002 seconds
[0m23:07:05.280878 [debug] [ThreadPool]: On create_job_pipeline_public_marts: COMMIT
[0m23:07:05.281198 [debug] [ThreadPool]: Using postgres connection "create_job_pipeline_public_marts"
[0m23:07:05.281493 [debug] [ThreadPool]: On create_job_pipeline_public_marts: COMMIT
[0m23:07:05.282839 [debug] [ThreadPool]: SQL status: COMMIT in 0.001 seconds
[0m23:07:05.283145 [debug] [ThreadPool]: On create_job_pipeline_public_marts: Close
[0m23:07:05.284251 [debug] [ThreadPool]: Re-using an available connection from the pool (formerly list_job_pipeline, now list_job_pipeline_public_staging)
[0m23:07:05.289954 [debug] [ThreadPool]: Using postgres connection "list_job_pipeline_public_staging"
[0m23:07:05.290375 [debug] [ThreadPool]: Re-using an available connection from the pool (formerly create_job_pipeline_public_marts, now list_job_pipeline_public_marts)
[0m23:07:05.290667 [debug] [ThreadPool]: On list_job_pipeline_public_staging: BEGIN
[0m23:07:05.291077 [debug] [ThreadPool]: Re-using an available connection from the pool (formerly list_job_pipeline, now list_job_pipeline_public)
[0m23:07:05.293168 [debug] [ThreadPool]: Using postgres connection "list_job_pipeline_public_marts"
[0m23:07:05.293504 [debug] [ThreadPool]: Opening a new connection, currently in state closed
[0m23:07:05.295478 [debug] [ThreadPool]: Using postgres connection "list_job_pipeline_public"
[0m23:07:05.295778 [debug] [ThreadPool]: On list_job_pipeline_public_marts: BEGIN
[0m23:07:05.296178 [debug] [ThreadPool]: On list_job_pipeline_public: BEGIN
[0m23:07:05.296465 [debug] [ThreadPool]: Opening a new connection, currently in state closed
[0m23:07:05.296733 [debug] [ThreadPool]: Opening a new connection, currently in state closed
[0m23:07:05.312854 [debug] [ThreadPool]: SQL status: BEGIN in 0.019 seconds
[0m23:07:05.313205 [debug] [ThreadPool]: SQL status: BEGIN in 0.017 seconds
[0m23:07:05.313483 [debug] [ThreadPool]: Using postgres connection "list_job_pipeline_public_staging"
[0m23:07:05.313793 [debug] [ThreadPool]: Using postgres connection "list_job_pipeline_public_marts"
[0m23:07:05.314135 [debug] [ThreadPool]: On list_job_pipeline_public_staging: /* {"app": "dbt", "dbt_version": "1.9.0b2", "profile_name": "job_market_pipeline", "target_name": "dev", "connection_name": "list_job_pipeline_public_staging"} */
select
      'job_pipeline' as database,
      tablename as name,
      schemaname as schema,
      'table' as type
    from pg_tables
    where schemaname ilike 'public_staging'
    union all
    select
      'job_pipeline' as database,
      viewname as name,
      schemaname as schema,
      'view' as type
    from pg_views
    where schemaname ilike 'public_staging'
    union all
    select
      'job_pipeline' as database,
      matviewname as name,
      schemaname as schema,
      'materialized_view' as type
    from pg_matviews
    where schemaname ilike 'public_staging'
  
[0m23:07:05.314435 [debug] [ThreadPool]: SQL status: BEGIN in 0.018 seconds
[0m23:07:05.314714 [debug] [ThreadPool]: On list_job_pipeline_public_marts: /* {"app": "dbt", "dbt_version": "1.9.0b2", "profile_name": "job_market_pipeline", "target_name": "dev", "connection_name": "list_job_pipeline_public_marts"} */
select
      'job_pipeline' as database,
      tablename as name,
      schemaname as schema,
      'table' as type
    from pg_tables
    where schemaname ilike 'public_marts'
    union all
    select
      'job_pipeline' as database,
      viewname as name,
      schemaname as schema,
      'view' as type
    from pg_views
    where schemaname ilike 'public_marts'
    union all
    select
      'job_pipeline' as database,
      matviewname as name,
      schemaname as schema,
      'materialized_view' as type
    from pg_matviews
    where schemaname ilike 'public_marts'
  
[0m23:07:05.315045 [debug] [ThreadPool]: Using postgres connection "list_job_pipeline_public"
[0m23:07:05.315372 [debug] [ThreadPool]: On list_job_pipeline_public: /* {"app": "dbt", "dbt_version": "1.9.0b2", "profile_name": "job_market_pipeline", "target_name": "dev", "connection_name": "list_job_pipeline_public"} */
select
      'job_pipeline' as database,
      tablename as name,
      schemaname as schema,
      'table' as type
    from pg_tables
    where schemaname ilike 'public'
    union all
    select
      'job_pipeline' as database,
      viewname as name,
      schemaname as schema,
      'view' as type
    from pg_views
    where schemaname ilike 'public'
    union all
    select
      'job_pipeline' as database,
      matviewname as name,
      schemaname as schema,
      'materialized_view' as type
    from pg_matviews
    where schemaname ilike 'public'
  
[0m23:07:05.328584 [debug] [ThreadPool]: SQL status: SELECT 1 in 0.013 seconds
[0m23:07:05.329679 [debug] [ThreadPool]: On list_job_pipeline_public: ROLLBACK
[0m23:07:05.330033 [debug] [ThreadPool]: SQL status: SELECT 1 in 0.015 seconds
[0m23:07:05.330362 [debug] [ThreadPool]: SQL status: SELECT 0 in 0.015 seconds
[0m23:07:05.331347 [debug] [ThreadPool]: On list_job_pipeline_public_staging: ROLLBACK
[0m23:07:05.331644 [debug] [ThreadPool]: On list_job_pipeline_public: Close
[0m23:07:05.332544 [debug] [ThreadPool]: On list_job_pipeline_public_marts: ROLLBACK
[0m23:07:05.333279 [debug] [ThreadPool]: On list_job_pipeline_public_staging: Close
[0m23:07:05.333564 [debug] [ThreadPool]: On list_job_pipeline_public_marts: Close
[0m23:07:05.378390 [debug] [MainThread]: Using postgres connection "master"
[0m23:07:05.378762 [debug] [MainThread]: On master: BEGIN
[0m23:07:05.379006 [debug] [MainThread]: Opening a new connection, currently in state init
[0m23:07:05.393869 [debug] [MainThread]: SQL status: BEGIN in 0.015 seconds
[0m23:07:05.394156 [debug] [MainThread]: Using postgres connection "master"
[0m23:07:05.394498 [debug] [MainThread]: On master: /* {"app": "dbt", "dbt_version": "1.9.0b2", "profile_name": "job_market_pipeline", "target_name": "dev", "connection_name": "master"} */
with relation as (
        select
            pg_rewrite.ev_class as class,
            pg_rewrite.oid as id
        from pg_rewrite
    ),
    class as (
        select
            oid as id,
            relname as name,
            relnamespace as schema,
            relkind as kind
        from pg_class
    ),
    dependency as (
        select distinct
            pg_depend.objid as id,
            pg_depend.refobjid as ref
        from pg_depend
    ),
    schema as (
        select
            pg_namespace.oid as id,
            pg_namespace.nspname as name
        from pg_namespace
        where nspname != 'information_schema' and nspname not like 'pg\_%'
    ),
    referenced as (
        select
            relation.id AS id,
            referenced_class.name ,
            referenced_class.schema ,
            referenced_class.kind
        from relation
        join class as referenced_class on relation.class=referenced_class.id
        where referenced_class.kind in ('r', 'v', 'm')
    ),
    relationships as (
        select
            referenced.name as referenced_name,
            referenced.schema as referenced_schema_id,
            dependent_class.name as dependent_name,
            dependent_class.schema as dependent_schema_id,
            referenced.kind as kind
        from referenced
        join dependency on referenced.id=dependency.id
        join class as dependent_class on dependency.ref=dependent_class.id
        where
            (referenced.name != dependent_class.name or
             referenced.schema != dependent_class.schema)
    )

    select
        referenced_schema.name as referenced_schema,
        relationships.referenced_name as referenced_name,
        dependent_schema.name as dependent_schema,
        relationships.dependent_name as dependent_name
    from relationships
    join schema as dependent_schema on relationships.dependent_schema_id=dependent_schema.id
    join schema as referenced_schema on relationships.referenced_schema_id=referenced_schema.id
    group by referenced_schema, referenced_name, dependent_schema, dependent_name
    order by referenced_schema, referenced_name, dependent_schema, dependent_name;
[0m23:07:05.407369 [debug] [MainThread]: SQL status: SELECT 1 in 0.013 seconds
[0m23:07:05.408399 [debug] [MainThread]: Sending event: {'category': 'dbt', 'action': 'runnable_timing', 'label': '45cf622e-6f6d-4f65-8eeb-54d1da64b2c5', 'context': [<snowplow_tracker.self_describing_json.SelfDescribingJson object at 0x7ff2d23fff10>]}
[0m23:07:05.408838 [debug] [MainThread]: On master: ROLLBACK
[0m23:07:05.409520 [debug] [MainThread]: Using postgres connection "master"
[0m23:07:05.409840 [debug] [MainThread]: On master: BEGIN
[0m23:07:05.410909 [debug] [MainThread]: SQL status: BEGIN in 0.001 seconds
[0m23:07:05.411227 [debug] [MainThread]: On master: COMMIT
[0m23:07:05.411531 [debug] [MainThread]: Using postgres connection "master"
[0m23:07:05.411829 [debug] [MainThread]: On master: COMMIT
[0m23:07:05.412491 [debug] [MainThread]: SQL status: COMMIT in 0.000 seconds
[0m23:07:05.412816 [debug] [MainThread]: On master: Close
[0m23:07:05.415307 [debug] [Thread-1  ]: Began running node model.job_market_pipeline.stg_job_postings
[0m23:07:05.415812 [info ] [Thread-1  ]: 1 of 3 START sql view model public_staging.stg_job_postings .................... [RUN]
[0m23:07:05.416238 [debug] [Thread-1  ]: Re-using an available connection from the pool (formerly list_job_pipeline_public_marts, now model.job_market_pipeline.stg_job_postings)
[0m23:07:05.416596 [debug] [Thread-1  ]: Began compiling node model.job_market_pipeline.stg_job_postings
[0m23:07:05.425098 [debug] [Thread-1  ]: Writing injected SQL for node "model.job_market_pipeline.stg_job_postings"
[0m23:07:05.425862 [debug] [Thread-1  ]: Began executing node model.job_market_pipeline.stg_job_postings
[0m23:07:05.454070 [debug] [Thread-1  ]: Writing runtime sql for node "model.job_market_pipeline.stg_job_postings"
[0m23:07:05.454704 [debug] [Thread-1  ]: Using postgres connection "model.job_market_pipeline.stg_job_postings"
[0m23:07:05.455004 [debug] [Thread-1  ]: On model.job_market_pipeline.stg_job_postings: BEGIN
[0m23:07:05.455276 [debug] [Thread-1  ]: Opening a new connection, currently in state closed
[0m23:07:05.468145 [debug] [Thread-1  ]: SQL status: BEGIN in 0.013 seconds
[0m23:07:05.468535 [debug] [Thread-1  ]: Using postgres connection "model.job_market_pipeline.stg_job_postings"
[0m23:07:05.468868 [debug] [Thread-1  ]: On model.job_market_pipeline.stg_job_postings: /* {"app": "dbt", "dbt_version": "1.9.0b2", "profile_name": "job_market_pipeline", "target_name": "dev", "node_id": "model.job_market_pipeline.stg_job_postings"} */

  create view "job_pipeline"."public_staging"."stg_job_postings__dbt_tmp"
    
    
  as (
    

WITH raw_data AS (
    SELECT * FROM "job_pipeline"."raw"."job_postings"
),

cleaned_data AS (
    SELECT
        job_id,
        TRIM(title) AS job_title,
        TRIM(company_name) AS company_name,
        TRIM(location) AS job_location,
        experience_level,
        -- Handle potential empty strings or bad data in numeric columns
        CAST(NULLIF(TRIM(CAST(salary_min AS TEXT)), '') AS NUMERIC) AS salary_min,
        CAST(NULLIF(TRIM(CAST(salary_max AS TEXT)), '') AS NUMERIC) AS salary_max,
        CAST(posted_date AS DATE) AS posted_date,
        TRIM(skills) AS skills_raw,
        -- Create a boolean flag for remote roles
        CASE 
            WHEN LOWER(location) LIKE '%remote%' THEN TRUE 
            ELSE FALSE 
        END AS is_remote
    FROM raw_data
)

SELECT * FROM cleaned_data
  );
[0m23:07:05.480960 [debug] [Thread-1  ]: SQL status: CREATE VIEW in 0.012 seconds
[0m23:07:05.486797 [debug] [Thread-1  ]: Using postgres connection "model.job_market_pipeline.stg_job_postings"
[0m23:07:05.487181 [debug] [Thread-1  ]: On model.job_market_pipeline.stg_job_postings: /* {"app": "dbt", "dbt_version": "1.9.0b2", "profile_name": "job_market_pipeline", "target_name": "dev", "node_id": "model.job_market_pipeline.stg_job_postings"} */
alter table "job_pipeline"."public_staging"."stg_job_postings" rename to "stg_job_postings__dbt_backup"
[0m23:07:05.489136 [debug] [Thread-1  ]: SQL status: ALTER TABLE in 0.002 seconds
[0m23:07:05.491967 [debug] [Thread-1  ]: Using postgres connection "model.job_market_pipeline.stg_job_postings"
[0m23:07:05.492319 [debug] [Thread-1  ]: On model.job_market_pipeline.stg_job_postings: /* {"app": "dbt", "dbt_version": "1.9.0b2", "profile_name": "job_market_pipeline", "target_name": "dev", "node_id": "model.job_market_pipeline.stg_job_postings"} */
alter table "job_pipeline"."public_staging"."stg_job_postings__dbt_tmp" rename to "stg_job_postings"
[0m23:07:05.493605 [debug] [Thread-1  ]: SQL status: ALTER TABLE in 0.001 seconds
[0m23:07:05.508212 [debug] [Thread-1  ]: On model.job_market_pipeline.stg_job_postings: COMMIT
[0m23:07:05.508562 [debug] [Thread-1  ]: Using postgres connection "model.job_market_pipeline.stg_job_postings"
[0m23:07:05.508862 [debug] [Thread-1  ]: On model.job_market_pipeline.stg_job_postings: COMMIT
[0m23:07:05.510329 [debug] [Thread-1  ]: SQL status: COMMIT in 0.001 seconds
[0m23:07:05.515369 [debug] [Thread-1  ]: Applying DROP to: "job_pipeline"."public_staging"."stg_job_postings__dbt_backup"
[0m23:07:05.518871 [debug] [Thread-1  ]: Using postgres connection "model.job_market_pipeline.stg_job_postings"
[0m23:07:05.519208 [debug] [Thread-1  ]: On model.job_market_pipeline.stg_job_postings: /* {"app": "dbt", "dbt_version": "1.9.0b2", "profile_name": "job_market_pipeline", "target_name": "dev", "node_id": "model.job_market_pipeline.stg_job_postings"} */
drop view if exists "job_pipeline"."public_staging"."stg_job_postings__dbt_backup" cascade
[0m23:07:05.525771 [debug] [Thread-1  ]: SQL status: DROP VIEW in 0.006 seconds
[0m23:07:05.527673 [debug] [Thread-1  ]: On model.job_market_pipeline.stg_job_postings: Close
[0m23:07:05.528948 [debug] [Thread-1  ]: Sending event: {'category': 'dbt', 'action': 'run_model', 'label': '45cf622e-6f6d-4f65-8eeb-54d1da64b2c5', 'context': [<snowplow_tracker.self_describing_json.SelfDescribingJson object at 0x7ff2b8101eb0>]}
[0m23:07:05.529515 [info ] [Thread-1  ]: 1 of 3 OK created sql view model public_staging.stg_job_postings ............... [[32mCREATE VIEW[0m in 0.11s]
[0m23:07:05.530038 [debug] [Thread-1  ]: Finished running node model.job_market_pipeline.stg_job_postings
[0m23:07:05.530857 [debug] [Thread-3  ]: Began running node model.job_market_pipeline.int_job_skills_exploded
[0m23:07:05.531364 [info ] [Thread-3  ]: 2 of 3 START sql table model public.int_job_skills_exploded .................... [RUN]
[0m23:07:05.531818 [debug] [Thread-3  ]: Re-using an available connection from the pool (formerly list_job_pipeline_public, now model.job_market_pipeline.int_job_skills_exploded)
[0m23:07:05.532177 [debug] [Thread-3  ]: Began compiling node model.job_market_pipeline.int_job_skills_exploded
[0m23:07:05.545627 [debug] [Thread-3  ]: Writing injected SQL for node "model.job_market_pipeline.int_job_skills_exploded"
[0m23:07:05.546471 [debug] [Thread-3  ]: Began executing node model.job_market_pipeline.int_job_skills_exploded
[0m23:07:05.563860 [debug] [Thread-3  ]: Writing runtime sql for node "model.job_market_pipeline.int_job_skills_exploded"
[0m23:07:05.564424 [debug] [Thread-3  ]: Using postgres connection "model.job_market_pipeline.int_job_skills_exploded"
[0m23:07:05.564723 [debug] [Thread-3  ]: On model.job_market_pipeline.int_job_skills_exploded: BEGIN
[0m23:07:05.564999 [debug] [Thread-3  ]: Opening a new connection, currently in state closed
[0m23:07:05.579897 [debug] [Thread-3  ]: SQL status: BEGIN in 0.015 seconds
[0m23:07:05.580231 [debug] [Thread-3  ]: Using postgres connection "model.job_market_pipeline.int_job_skills_exploded"
[0m23:07:05.580575 [debug] [Thread-3  ]: On model.job_market_pipeline.int_job_skills_exploded: /* {"app": "dbt", "dbt_version": "1.9.0b2", "profile_name": "job_market_pipeline", "target_name": "dev", "node_id": "model.job_market_pipeline.int_job_skills_exploded"} */

  
    

  create  table "job_pipeline"."public"."int_job_skills_exploded__dbt_tmp"
  
  
    as
  
  (
    

WITH staging_data AS (
    SELECT 
        job_id,
        job_title,
        skills_raw
    FROM "job_pipeline"."public_staging"."stg_job_postings"
    -- Filter out any rows that have no skills listed
    WHERE skills_raw IS NOT NULL
),

exploded_skills AS (
    SELECT
        job_id,
        job_title,
        -- This PostgreSQL function splits the string and turns it into rows
        TRIM(UNNEST(STRING_TO_ARRAY(skills_raw, ','))) AS skill_name
    FROM staging_data
)

SELECT 
    -- Generate a unique hash for this combination of job and skill
    md5(cast(coalesce(cast(job_id as TEXT), '_dbt_utils_surrogate_key_null_') || '-' || coalesce(cast(skill_name as TEXT), '_dbt_utils_surrogate_key_null_') as TEXT)) AS job_skill_id,
    job_id,
    job_title,
    skill_name
FROM exploded_skills
  );
  
[0m23:07:09.273405 [debug] [Thread-3  ]: SQL status: SELECT 1251358 in 3.692 seconds
[0m23:07:09.284218 [debug] [Thread-3  ]: Using postgres connection "model.job_market_pipeline.int_job_skills_exploded"
[0m23:07:09.285282 [debug] [Thread-3  ]: On model.job_market_pipeline.int_job_skills_exploded: /* {"app": "dbt", "dbt_version": "1.9.0b2", "profile_name": "job_market_pipeline", "target_name": "dev", "node_id": "model.job_market_pipeline.int_job_skills_exploded"} */
alter table "job_pipeline"."public"."int_job_skills_exploded" rename to "int_job_skills_exploded__dbt_backup"
[0m23:07:09.286585 [debug] [Thread-3  ]: SQL status: ALTER TABLE in 0.001 seconds
[0m23:07:09.290122 [debug] [Thread-3  ]: Using postgres connection "model.job_market_pipeline.int_job_skills_exploded"
[0m23:07:09.290488 [debug] [Thread-3  ]: On model.job_market_pipeline.int_job_skills_exploded: /* {"app": "dbt", "dbt_version": "1.9.0b2", "profile_name": "job_market_pipeline", "target_name": "dev", "node_id": "model.job_market_pipeline.int_job_skills_exploded"} */
alter table "job_pipeline"."public"."int_job_skills_exploded__dbt_tmp" rename to "int_job_skills_exploded"
[0m23:07:09.498574 [debug] [Thread-3  ]: SQL status: ALTER TABLE in 0.207 seconds
[0m23:07:09.516729 [debug] [Thread-3  ]: On model.job_market_pipeline.int_job_skills_exploded: COMMIT
[0m23:07:09.517840 [debug] [Thread-3  ]: Using postgres connection "model.job_market_pipeline.int_job_skills_exploded"
[0m23:07:09.518742 [debug] [Thread-3  ]: On model.job_market_pipeline.int_job_skills_exploded: COMMIT
[0m23:07:09.576882 [debug] [Thread-3  ]: SQL status: COMMIT in 0.057 seconds
[0m23:07:09.587192 [debug] [Thread-3  ]: Applying DROP to: "job_pipeline"."public"."int_job_skills_exploded__dbt_backup"
[0m23:07:09.593221 [debug] [Thread-3  ]: Using postgres connection "model.job_market_pipeline.int_job_skills_exploded"
[0m23:07:09.594200 [debug] [Thread-3  ]: On model.job_market_pipeline.int_job_skills_exploded: /* {"app": "dbt", "dbt_version": "1.9.0b2", "profile_name": "job_market_pipeline", "target_name": "dev", "node_id": "model.job_market_pipeline.int_job_skills_exploded"} */
drop table if exists "job_pipeline"."public"."int_job_skills_exploded__dbt_backup" cascade
[0m23:07:09.667087 [debug] [Thread-3  ]: SQL status: DROP TABLE in 0.071 seconds
[0m23:07:09.672969 [debug] [Thread-3  ]: On model.job_market_pipeline.int_job_skills_exploded: Close
[0m23:07:09.674505 [debug] [Thread-3  ]: Sending event: {'category': 'dbt', 'action': 'run_model', 'label': '45cf622e-6f6d-4f65-8eeb-54d1da64b2c5', 'context': [<snowplow_tracker.self_describing_json.SelfDescribingJson object at 0x7ff2b8101eb0>]}
[0m23:07:09.675946 [info ] [Thread-3  ]: 2 of 3 OK created sql table model public.int_job_skills_exploded ............... [[32mSELECT 1251358[0m in 4.14s]
[0m23:07:09.677284 [debug] [Thread-3  ]: Finished running node model.job_market_pipeline.int_job_skills_exploded
[0m23:07:09.678816 [debug] [Thread-2  ]: Began running node model.job_market_pipeline.mart_job_market_insights
[0m23:07:09.680129 [info ] [Thread-2  ]: 3 of 3 START sql table model public_marts.mart_job_market_insights ............. [RUN]
[0m23:07:09.681154 [debug] [Thread-2  ]: Re-using an available connection from the pool (formerly list_job_pipeline_public_staging, now model.job_market_pipeline.mart_job_market_insights)
[0m23:07:09.682040 [debug] [Thread-2  ]: Began compiling node model.job_market_pipeline.mart_job_market_insights
[0m23:07:09.690329 [debug] [Thread-2  ]: Writing injected SQL for node "model.job_market_pipeline.mart_job_market_insights"
[0m23:07:09.692041 [debug] [Thread-2  ]: Began executing node model.job_market_pipeline.mart_job_market_insights
[0m23:07:09.699368 [debug] [Thread-2  ]: Writing runtime sql for node "model.job_market_pipeline.mart_job_market_insights"
[0m23:07:09.700706 [debug] [Thread-2  ]: Using postgres connection "model.job_market_pipeline.mart_job_market_insights"
[0m23:07:09.701349 [debug] [Thread-2  ]: On model.job_market_pipeline.mart_job_market_insights: BEGIN
[0m23:07:09.701929 [debug] [Thread-2  ]: Opening a new connection, currently in state closed
[0m23:07:09.726168 [debug] [Thread-2  ]: SQL status: BEGIN in 0.024 seconds
[0m23:07:09.726800 [debug] [Thread-2  ]: Using postgres connection "model.job_market_pipeline.mart_job_market_insights"
[0m23:07:09.727402 [debug] [Thread-2  ]: On model.job_market_pipeline.mart_job_market_insights: /* {"app": "dbt", "dbt_version": "1.9.0b2", "profile_name": "job_market_pipeline", "target_name": "dev", "node_id": "model.job_market_pipeline.mart_job_market_insights"} */

  
    

  create  table "job_pipeline"."public_marts"."mart_job_market_insights__dbt_tmp"
  
  
    as
  
  (
    

WITH skills_data AS (
    SELECT 
        skill_name,
        job_id
    FROM "job_pipeline"."public"."int_job_skills_exploded"
),

job_postings AS (
    SELECT 
        job_id,
        salary_min,
        salary_max,
        (salary_min + salary_max) / 2 AS salary_avg,
        is_remote
    FROM "job_pipeline"."public_staging"."stg_job_postings"
),

final_metrics AS (
    SELECT 
        s.skill_name,
        COUNT(DISTINCT s.job_id) AS total_postings,
        ROUND(AVG(j.salary_avg), 2) AS avg_salary,
        COUNT(DISTINCT CASE WHEN j.is_remote THEN s.job_id END) AS remote_postings
    FROM skills_data s
    JOIN job_postings j ON s.job_id = j.job_id
    GROUP BY 1
)

SELECT 
    *,
    RANK() OVER (ORDER BY total_postings DESC) AS demand_rank,
    RANK() OVER (ORDER BY avg_salary DESC) AS salary_rank
FROM final_metrics
WHERE total_postings > 10 -- Filter out noise
ORDER BY demand_rank ASC
  );
  
[0m23:07:10.828681 [debug] [Thread-2  ]: SQL status: SELECT 10 in 1.100 seconds
[0m23:07:10.838840 [debug] [Thread-2  ]: Using postgres connection "model.job_market_pipeline.mart_job_market_insights"
[0m23:07:10.839881 [debug] [Thread-2  ]: On model.job_market_pipeline.mart_job_market_insights: /* {"app": "dbt", "dbt_version": "1.9.0b2", "profile_name": "job_market_pipeline", "target_name": "dev", "node_id": "model.job_market_pipeline.mart_job_market_insights"} */
alter table "job_pipeline"."public_marts"."mart_job_market_insights__dbt_tmp" rename to "mart_job_market_insights"
[0m23:07:10.841280 [debug] [Thread-2  ]: SQL status: ALTER TABLE in 0.001 seconds
[0m23:07:10.842602 [debug] [Thread-2  ]: On model.job_market_pipeline.mart_job_market_insights: COMMIT
[0m23:07:10.842932 [debug] [Thread-2  ]: Using postgres connection "model.job_market_pipeline.mart_job_market_insights"
[0m23:07:10.843231 [debug] [Thread-2  ]: On model.job_market_pipeline.mart_job_market_insights: COMMIT
[0m23:07:10.843927 [debug] [Thread-2  ]: SQL status: COMMIT in 0.000 seconds
[0m23:07:10.846101 [debug] [Thread-2  ]: Applying DROP to: "job_pipeline"."public_marts"."mart_job_market_insights__dbt_backup"
[0m23:07:10.846750 [debug] [Thread-2  ]: Using postgres connection "model.job_market_pipeline.mart_job_market_insights"
[0m23:07:10.847081 [debug] [Thread-2  ]: On model.job_market_pipeline.mart_job_market_insights: /* {"app": "dbt", "dbt_version": "1.9.0b2", "profile_name": "job_market_pipeline", "target_name": "dev", "node_id": "model.job_market_pipeline.mart_job_market_insights"} */
drop table if exists "job_pipeline"."public_marts"."mart_job_market_insights__dbt_backup" cascade
[0m23:07:10.847761 [debug] [Thread-2  ]: SQL status: DROP TABLE in 0.000 seconds
[0m23:07:10.848806 [debug] [Thread-2  ]: On model.job_market_pipeline.mart_job_market_insights: Close
[0m23:07:10.849312 [debug] [Thread-2  ]: Sending event: {'category': 'dbt', 'action': 'run_model', 'label': '45cf622e-6f6d-4f65-8eeb-54d1da64b2c5', 'context': [<snowplow_tracker.self_describing_json.SelfDescribingJson object at 0x7ff2d2c56ca0>]}
[0m23:07:10.849885 [info ] [Thread-2  ]: 3 of 3 OK created sql table model public_marts.mart_job_market_insights ........ [[32mSELECT 10[0m in 1.17s]
[0m23:07:10.850409 [debug] [Thread-2  ]: Finished running node model.job_market_pipeline.mart_job_market_insights
[0m23:07:10.851336 [debug] [MainThread]: Using postgres connection "master"
[0m23:07:10.851665 [debug] [MainThread]: On master: BEGIN
[0m23:07:10.851939 [debug] [MainThread]: Opening a new connection, currently in state closed
[0m23:07:10.865338 [debug] [MainThread]: SQL status: BEGIN in 0.013 seconds
[0m23:07:10.865796 [debug] [MainThread]: On master: COMMIT
[0m23:07:10.866107 [debug] [MainThread]: Using postgres connection "master"
[0m23:07:10.866401 [debug] [MainThread]: On master: COMMIT
[0m23:07:10.866834 [debug] [MainThread]: SQL status: COMMIT in 0.000 seconds
[0m23:07:10.867140 [debug] [MainThread]: On master: Close
[0m23:07:10.867568 [debug] [MainThread]: Connection 'master' was properly closed.
[0m23:07:10.867853 [debug] [MainThread]: Connection 'model.job_market_pipeline.stg_job_postings' was properly closed.
[0m23:07:10.868127 [debug] [MainThread]: Connection 'model.job_market_pipeline.mart_job_market_insights' was properly closed.
[0m23:07:10.868388 [debug] [MainThread]: Connection 'model.job_market_pipeline.int_job_skills_exploded' was properly closed.
[0m23:07:10.868761 [info ] [MainThread]: 
[0m23:07:10.869097 [info ] [MainThread]: Finished running 2 table models, 1 view model in 0 hours 0 minutes and 5.96 seconds (5.96s).
[0m23:07:10.869999 [debug] [MainThread]: Command end result
[0m23:07:10.911064 [info ] [MainThread]: 
[0m23:07:10.911599 [info ] [MainThread]: [32mCompleted successfully[0m
[0m23:07:10.911945 [info ] [MainThread]: 
[0m23:07:10.912292 [info ] [MainThread]: Done. PASS=3 WARN=0 ERROR=0 SKIP=0 TOTAL=3
[0m23:07:10.916585 [debug] [MainThread]: Resource report: {"command_name": "run", "command_success": true, "command_wall_clock_time": 6.76176, "process_user_time": 1.950126, "process_kernel_time": 0.646594, "process_mem_max_rss": "115638272", "process_in_blocks": "0", "process_out_blocks": "0"}
[0m23:07:10.917057 [debug] [MainThread]: Command `dbt run` succeeded at 23:07:10.916962 after 6.76 seconds
[0m23:07:10.917458 [debug] [MainThread]: Sending event: {'category': 'dbt', 'action': 'invocation', 'label': 'end', 'context': [<snowplow_tracker.self_describing_json.SelfDescribingJson object at 0x7ff2d1be1dc0>, <snowplow_tracker.self_describing_json.SelfDescribingJson object at 0x7ff2d1972370>, <snowplow_tracker.self_describing_json.SelfDescribingJson object at 0x7ff2c0272640>]}
[0m23:07:10.917925 [debug] [MainThread]: Flushing usage events
[0m23:07:12.456703 [debug] [MainThread]: An error was encountered while trying to flush usage events
[0m23:07:55.697255 [debug] [MainThread]: Sending event: {'category': 'dbt', 'action': 'invocation', 'label': 'start', 'context': [<snowplow_tracker.self_describing_json.SelfDescribingJson object at 0x7fba89e49df0>, <snowplow_tracker.self_describing_json.SelfDescribingJson object at 0x7fba8a86cf40>, <snowplow_tracker.self_describing_json.SelfDescribingJson object at 0x7fba8a8a1910>]}


============================== 23:07:55.702466 | f165b992-b7a9-4191-b465-8f2384bcb650 ==============================
[0m23:07:55.702466 [info ] [MainThread]: Running with dbt=1.9.0-b2
[0m23:07:55.703017 [debug] [MainThread]: running dbt with arguments {'printer_width': '80', 'indirect_selection': 'eager', 'log_cache_events': 'False', 'write_json': 'True', 'partial_parse': 'True', 'cache_selected_only': 'False', 'profiles_dir': '/Users/lbaba/job_market_pipeline/dbt_project', 'version_check': 'True', 'fail_fast': 'False', 'log_path': '/Users/lbaba/job_market_pipeline/dbt_project/logs', 'debug': 'False', 'warn_error': 'None', 'use_colors': 'True', 'use_experimental_parser': 'False', 'empty': 'None', 'quiet': 'False', 'no_print': 'None', 'log_format': 'default', 'invocation_command': 'dbt docs generate', 'static_parser': 'True', 'warn_error_options': 'WarnErrorOptions(include=[], exclude=[])', 'target_path': 'None', 'introspect': 'True', 'send_anonymous_usage_stats': 'True'}
[0m23:07:55.874144 [debug] [MainThread]: Sending event: {'category': 'dbt', 'action': 'project_id', 'label': 'f165b992-b7a9-4191-b465-8f2384bcb650', 'context': [<snowplow_tracker.self_describing_json.SelfDescribingJson object at 0x7fba8a8e6160>]}
[0m23:07:55.917538 [debug] [MainThread]: Sending event: {'category': 'dbt', 'action': 'adapter_info', 'label': 'f165b992-b7a9-4191-b465-8f2384bcb650', 'context': [<snowplow_tracker.self_describing_json.SelfDescribingJson object at 0x7fba8a8cc550>]}
[0m23:07:55.918287 [info ] [MainThread]: Registered adapter: postgres=1.8.2
[0m23:07:55.946065 [debug] [MainThread]: checksum: 4cfbbe2a671212f062e88a43cba5322b30b7e3e8e91b953aa4de249eeaade60f, vars: {}, profile: , target: , version: 1.9.0b2
[0m23:07:56.080580 [debug] [MainThread]: Partial parsing enabled: 0 files deleted, 0 files added, 0 files changed.
[0m23:07:56.080955 [debug] [MainThread]: Partial parsing enabled, no changes found, skipping parsing
[0m23:07:56.116826 [debug] [MainThread]: Sending event: {'category': 'dbt', 'action': 'load_project', 'label': 'f165b992-b7a9-4191-b465-8f2384bcb650', 'context': [<snowplow_tracker.self_describing_json.SelfDescribingJson object at 0x7fba681738b0>]}
[0m23:07:56.131751 [debug] [MainThread]: Sending event: {'category': 'dbt', 'action': 'resource_counts', 'label': 'f165b992-b7a9-4191-b465-8f2384bcb650', 'context': [<snowplow_tracker.self_describing_json.SelfDescribingJson object at 0x7fba8ac4fd30>]}
[0m23:07:56.132203 [info ] [MainThread]: Found 3 models, 3 sources, 537 macros
[0m23:07:56.132526 [debug] [MainThread]: Sending event: {'category': 'dbt', 'action': 'runnable_timing', 'label': 'f165b992-b7a9-4191-b465-8f2384bcb650', 'context': [<snowplow_tracker.self_describing_json.SelfDescribingJson object at 0x7fba8ac4fd90>]}
[0m23:07:56.133768 [info ] [MainThread]: 
[0m23:07:56.134098 [info ] [MainThread]: Concurrency: 4 threads (target='dev')
[0m23:07:56.134359 [info ] [MainThread]: 
[0m23:07:56.134764 [debug] [MainThread]: Acquiring new postgres connection 'master'
[0m23:07:56.135752 [debug] [ThreadPool]: Acquiring new postgres connection 'list_job_pipeline_public'
[0m23:07:56.136176 [debug] [ThreadPool]: Acquiring new postgres connection 'list_job_pipeline_public_staging'
[0m23:07:56.138337 [debug] [ThreadPool]: Acquiring new postgres connection 'list_job_pipeline_public_marts'
[0m23:07:56.190883 [debug] [ThreadPool]: Using postgres connection "list_job_pipeline_public"
[0m23:07:56.191292 [debug] [ThreadPool]: Using postgres connection "list_job_pipeline_public_staging"
[0m23:07:56.191592 [debug] [ThreadPool]: On list_job_pipeline_public: BEGIN
[0m23:07:56.191855 [debug] [ThreadPool]: Using postgres connection "list_job_pipeline_public_marts"
[0m23:07:56.192125 [debug] [ThreadPool]: On list_job_pipeline_public_staging: BEGIN
[0m23:07:56.192395 [debug] [ThreadPool]: Opening a new connection, currently in state init
[0m23:07:56.192645 [debug] [ThreadPool]: On list_job_pipeline_public_marts: BEGIN
[0m23:07:56.192889 [debug] [ThreadPool]: Opening a new connection, currently in state init
[0m23:07:56.194370 [debug] [ThreadPool]: Opening a new connection, currently in state init
[0m23:07:56.468740 [debug] [ThreadPool]: SQL status: BEGIN in 0.274 seconds
[0m23:07:56.469246 [debug] [ThreadPool]: SQL status: BEGIN in 0.277 seconds
[0m23:07:56.469620 [debug] [ThreadPool]: Using postgres connection "list_job_pipeline_public_marts"
[0m23:07:56.469937 [debug] [ThreadPool]: SQL status: BEGIN in 0.277 seconds
[0m23:07:56.470275 [debug] [ThreadPool]: Using postgres connection "list_job_pipeline_public"
[0m23:07:56.470641 [debug] [ThreadPool]: On list_job_pipeline_public_marts: /* {"app": "dbt", "dbt_version": "1.9.0b2", "profile_name": "job_market_pipeline", "target_name": "dev", "connection_name": "list_job_pipeline_public_marts"} */
select
      'job_pipeline' as database,
      tablename as name,
      schemaname as schema,
      'table' as type
    from pg_tables
    where schemaname ilike 'public_marts'
    union all
    select
      'job_pipeline' as database,
      viewname as name,
      schemaname as schema,
      'view' as type
    from pg_views
    where schemaname ilike 'public_marts'
    union all
    select
      'job_pipeline' as database,
      matviewname as name,
      schemaname as schema,
      'materialized_view' as type
    from pg_matviews
    where schemaname ilike 'public_marts'
  
[0m23:07:56.471007 [debug] [ThreadPool]: Using postgres connection "list_job_pipeline_public_staging"
[0m23:07:56.471373 [debug] [ThreadPool]: On list_job_pipeline_public: /* {"app": "dbt", "dbt_version": "1.9.0b2", "profile_name": "job_market_pipeline", "target_name": "dev", "connection_name": "list_job_pipeline_public"} */
select
      'job_pipeline' as database,
      tablename as name,
      schemaname as schema,
      'table' as type
    from pg_tables
    where schemaname ilike 'public'
    union all
    select
      'job_pipeline' as database,
      viewname as name,
      schemaname as schema,
      'view' as type
    from pg_views
    where schemaname ilike 'public'
    union all
    select
      'job_pipeline' as database,
      matviewname as name,
      schemaname as schema,
      'materialized_view' as type
    from pg_matviews
    where schemaname ilike 'public'
  
[0m23:07:56.471830 [debug] [ThreadPool]: On list_job_pipeline_public_staging: /* {"app": "dbt", "dbt_version": "1.9.0b2", "profile_name": "job_market_pipeline", "target_name": "dev", "connection_name": "list_job_pipeline_public_staging"} */
select
      'job_pipeline' as database,
      tablename as name,
      schemaname as schema,
      'table' as type
    from pg_tables
    where schemaname ilike 'public_staging'
    union all
    select
      'job_pipeline' as database,
      viewname as name,
      schemaname as schema,
      'view' as type
    from pg_views
    where schemaname ilike 'public_staging'
    union all
    select
      'job_pipeline' as database,
      matviewname as name,
      schemaname as schema,
      'materialized_view' as type
    from pg_matviews
    where schemaname ilike 'public_staging'
  
[0m23:07:56.500145 [debug] [ThreadPool]: SQL status: SELECT 1 in 0.028 seconds
[0m23:07:56.500589 [debug] [ThreadPool]: SQL status: SELECT 1 in 0.029 seconds
[0m23:07:56.500939 [debug] [ThreadPool]: SQL status: SELECT 1 in 0.029 seconds
[0m23:07:56.502311 [debug] [ThreadPool]: On list_job_pipeline_public_staging: ROLLBACK
[0m23:07:56.503447 [debug] [ThreadPool]: On list_job_pipeline_public_marts: ROLLBACK
[0m23:07:56.504499 [debug] [ThreadPool]: On list_job_pipeline_public: ROLLBACK
[0m23:07:56.505272 [debug] [ThreadPool]: On list_job_pipeline_public_marts: Close
[0m23:07:56.505644 [debug] [ThreadPool]: On list_job_pipeline_public: Close
[0m23:07:56.506176 [debug] [ThreadPool]: On list_job_pipeline_public_staging: Close
[0m23:07:56.511998 [debug] [MainThread]: Using postgres connection "master"
[0m23:07:56.512399 [debug] [MainThread]: On master: BEGIN
[0m23:07:56.512713 [debug] [MainThread]: Opening a new connection, currently in state init
[0m23:07:56.529970 [debug] [MainThread]: SQL status: BEGIN in 0.017 seconds
[0m23:07:56.530317 [debug] [MainThread]: Using postgres connection "master"
[0m23:07:56.530735 [debug] [MainThread]: On master: /* {"app": "dbt", "dbt_version": "1.9.0b2", "profile_name": "job_market_pipeline", "target_name": "dev", "connection_name": "master"} */
with relation as (
        select
            pg_rewrite.ev_class as class,
            pg_rewrite.oid as id
        from pg_rewrite
    ),
    class as (
        select
            oid as id,
            relname as name,
            relnamespace as schema,
            relkind as kind
        from pg_class
    ),
    dependency as (
        select distinct
            pg_depend.objid as id,
            pg_depend.refobjid as ref
        from pg_depend
    ),
    schema as (
        select
            pg_namespace.oid as id,
            pg_namespace.nspname as name
        from pg_namespace
        where nspname != 'information_schema' and nspname not like 'pg\_%'
    ),
    referenced as (
        select
            relation.id AS id,
            referenced_class.name ,
            referenced_class.schema ,
            referenced_class.kind
        from relation
        join class as referenced_class on relation.class=referenced_class.id
        where referenced_class.kind in ('r', 'v', 'm')
    ),
    relationships as (
        select
            referenced.name as referenced_name,
            referenced.schema as referenced_schema_id,
            dependent_class.name as dependent_name,
            dependent_class.schema as dependent_schema_id,
            referenced.kind as kind
        from referenced
        join dependency on referenced.id=dependency.id
        join class as dependent_class on dependency.ref=dependent_class.id
        where
            (referenced.name != dependent_class.name or
             referenced.schema != dependent_class.schema)
    )

    select
        referenced_schema.name as referenced_schema,
        relationships.referenced_name as referenced_name,
        dependent_schema.name as dependent_schema,
        relationships.dependent_name as dependent_name
    from relationships
    join schema as dependent_schema on relationships.dependent_schema_id=dependent_schema.id
    join schema as referenced_schema on relationships.referenced_schema_id=referenced_schema.id
    group by referenced_schema, referenced_name, dependent_schema, dependent_name
    order by referenced_schema, referenced_name, dependent_schema, dependent_name;
[0m23:07:56.542462 [debug] [MainThread]: SQL status: SELECT 1 in 0.011 seconds
[0m23:07:56.543580 [debug] [MainThread]: Sending event: {'category': 'dbt', 'action': 'runnable_timing', 'label': 'f165b992-b7a9-4191-b465-8f2384bcb650', 'context': [<snowplow_tracker.self_describing_json.SelfDescribingJson object at 0x7fba8ac651f0>]}
[0m23:07:56.544033 [debug] [MainThread]: On master: ROLLBACK
[0m23:07:56.544718 [debug] [MainThread]: On master: Close
[0m23:07:56.547094 [debug] [Thread-1  ]: Began running node model.job_market_pipeline.stg_job_postings
[0m23:07:56.547562 [debug] [Thread-1  ]: Re-using an available connection from the pool (formerly list_job_pipeline_public, now model.job_market_pipeline.stg_job_postings)
[0m23:07:56.547964 [debug] [Thread-1  ]: Began compiling node model.job_market_pipeline.stg_job_postings
[0m23:07:56.556707 [debug] [Thread-1  ]: Writing injected SQL for node "model.job_market_pipeline.stg_job_postings"
[0m23:07:56.557304 [debug] [Thread-1  ]: Began executing node model.job_market_pipeline.stg_job_postings
[0m23:07:56.558002 [debug] [Thread-1  ]: Finished running node model.job_market_pipeline.stg_job_postings
[0m23:07:56.558730 [debug] [Thread-3  ]: Began running node model.job_market_pipeline.int_job_skills_exploded
[0m23:07:56.559177 [debug] [Thread-3  ]: Re-using an available connection from the pool (formerly list_job_pipeline_public_marts, now model.job_market_pipeline.int_job_skills_exploded)
[0m23:07:56.559573 [debug] [Thread-3  ]: Began compiling node model.job_market_pipeline.int_job_skills_exploded
[0m23:07:56.572148 [debug] [Thread-3  ]: Writing injected SQL for node "model.job_market_pipeline.int_job_skills_exploded"
[0m23:07:56.572903 [debug] [Thread-3  ]: Began executing node model.job_market_pipeline.int_job_skills_exploded
[0m23:07:56.573445 [debug] [Thread-3  ]: Finished running node model.job_market_pipeline.int_job_skills_exploded
[0m23:07:56.573904 [debug] [Thread-2  ]: Began running node model.job_market_pipeline.mart_job_market_insights
[0m23:07:56.574285 [debug] [Thread-2  ]: Re-using an available connection from the pool (formerly list_job_pipeline_public_staging, now model.job_market_pipeline.mart_job_market_insights)
[0m23:07:56.574662 [debug] [Thread-2  ]: Began compiling node model.job_market_pipeline.mart_job_market_insights
[0m23:07:56.577483 [debug] [Thread-2  ]: Writing injected SQL for node "model.job_market_pipeline.mart_job_market_insights"
[0m23:07:56.577959 [debug] [Thread-2  ]: Began executing node model.job_market_pipeline.mart_job_market_insights
[0m23:07:56.578494 [debug] [Thread-2  ]: Finished running node model.job_market_pipeline.mart_job_market_insights
[0m23:07:56.579092 [debug] [MainThread]: Connection 'master' was properly closed.
[0m23:07:56.579347 [debug] [MainThread]: Connection 'model.job_market_pipeline.stg_job_postings' was properly closed.
[0m23:07:56.579575 [debug] [MainThread]: Connection 'model.job_market_pipeline.mart_job_market_insights' was properly closed.
[0m23:07:56.579799 [debug] [MainThread]: Connection 'model.job_market_pipeline.int_job_skills_exploded' was properly closed.
[0m23:07:56.580488 [debug] [MainThread]: Command end result
[0m23:07:56.662604 [debug] [MainThread]: Acquiring new postgres connection 'generate_catalog'
[0m23:07:56.662966 [info ] [MainThread]: Building catalog
[0m23:07:56.671809 [debug] [ThreadPool]: Acquiring new postgres connection 'job_pipeline.information_schema'
[0m23:07:56.678296 [debug] [ThreadPool]: Using postgres connection "job_pipeline.information_schema"
[0m23:07:56.678739 [debug] [ThreadPool]: On job_pipeline.information_schema: BEGIN
[0m23:07:56.678991 [debug] [ThreadPool]: Opening a new connection, currently in state init
[0m23:07:56.695522 [debug] [ThreadPool]: SQL status: BEGIN in 0.016 seconds
[0m23:07:56.695886 [debug] [ThreadPool]: Using postgres connection "job_pipeline.information_schema"
[0m23:07:56.696242 [debug] [ThreadPool]: On job_pipeline.information_schema: /* {"app": "dbt", "dbt_version": "1.9.0b2", "profile_name": "job_market_pipeline", "target_name": "dev", "connection_name": "job_pipeline.information_schema"} */

    
    

    select
        'job_pipeline' as table_database,
        sch.nspname as table_schema,
        tbl.relname as table_name,
        case tbl.relkind
            when 'v' then 'VIEW'
            when 'm' then 'MATERIALIZED VIEW'
            else 'BASE TABLE'
        end as table_type,
        tbl_desc.description as table_comment,
        col.attname as column_name,
        col.attnum as column_index,
        pg_catalog.format_type(col.atttypid, col.atttypmod) as column_type,
        col_desc.description as column_comment,
        pg_get_userbyid(tbl.relowner) as table_owner

    from pg_catalog.pg_namespace sch
    join pg_catalog.pg_class tbl on tbl.relnamespace = sch.oid
    join pg_catalog.pg_attribute col on col.attrelid = tbl.oid
    left outer join pg_catalog.pg_description tbl_desc on (tbl_desc.objoid = tbl.oid and tbl_desc.objsubid = 0)
    left outer join pg_catalog.pg_description col_desc on (col_desc.objoid = tbl.oid and col_desc.objsubid = col.attnum)
    where ((upper(sch.nspname) = upper('public_staging') and
           upper(tbl.relname) = upper('stg_job_postings')) or (upper(sch.nspname) = upper('public_marts') and
           upper(tbl.relname) = upper('mart_job_market_insights')) or (upper(sch.nspname) = upper('raw') and
           upper(tbl.relname) = upper('job_postings')) or (upper(sch.nspname) = upper('raw') and
           upper(tbl.relname) = upper('companies')) or (upper(sch.nspname) = upper('public') and
           upper(tbl.relname) = upper('int_job_skills_exploded')) or (upper(sch.nspname) = upper('raw') and
           upper(tbl.relname) = upper('skills')))
      and not pg_is_other_temp_schema(sch.oid) -- not a temporary schema belonging to another session
      and tbl.relpersistence in ('p', 'u') -- [p]ermanent table or [u]nlogged table. Exclude [t]emporary tables
      and tbl.relkind in ('r', 'v', 'f', 'p', 'm') -- o[r]dinary table, [v]iew, [f]oreign table, [p]artitioned table, [m]aterialized view. Other values are [i]ndex, [S]equence, [c]omposite type, [t]OAST table
      and col.attnum > 0 -- negative numbers are used for system columns such as oid
      and not col.attisdropped -- column as not been dropped

    order by
        sch.nspname,
        tbl.relname,
        col.attnum
[0m23:07:56.706592 [debug] [ThreadPool]: SQL status: SELECT 29 in 0.010 seconds
[0m23:07:56.711502 [debug] [ThreadPool]: On job_pipeline.information_schema: ROLLBACK
[0m23:07:56.712258 [debug] [ThreadPool]: On job_pipeline.information_schema: Close
[0m23:07:56.746131 [info ] [MainThread]: Catalog written to /Users/lbaba/job_market_pipeline/dbt_project/target/catalog.json
[0m23:07:56.749884 [debug] [MainThread]: Resource report: {"command_name": "generate", "command_success": true, "command_wall_clock_time": 1.1542631, "process_user_time": 1.493662, "process_kernel_time": 0.596177, "process_mem_max_rss": "112631808", "process_in_blocks": "0", "process_out_blocks": "0"}
[0m23:07:56.750383 [debug] [MainThread]: Command `dbt docs generate` succeeded at 23:07:56.750295 after 1.15 seconds
[0m23:07:56.750719 [debug] [MainThread]: Connection 'generate_catalog' was properly closed.
[0m23:07:56.750962 [debug] [MainThread]: Connection 'job_pipeline.information_schema' was properly closed.
[0m23:07:56.751265 [debug] [MainThread]: Sending event: {'category': 'dbt', 'action': 'invocation', 'label': 'end', 'context': [<snowplow_tracker.self_describing_json.SelfDescribingJson object at 0x7fba89e49df0>, <snowplow_tracker.self_describing_json.SelfDescribingJson object at 0x7fba78643b20>, <snowplow_tracker.self_describing_json.SelfDescribingJson object at 0x7fba8a8e6160>]}
[0m23:07:56.751614 [debug] [MainThread]: Flushing usage events
[0m23:07:57.050570 [debug] [MainThread]: An error was encountered while trying to flush usage events
[0m23:07:58.484936 [debug] [MainThread]: Sending event: {'category': 'dbt', 'action': 'invocation', 'label': 'start', 'context': [<snowplow_tracker.self_describing_json.SelfDescribingJson object at 0x7fc5b9311e20>, <snowplow_tracker.self_describing_json.SelfDescribingJson object at 0x7fc5b9d6a220>, <snowplow_tracker.self_describing_json.SelfDescribingJson object at 0x7fc5b9da07c0>]}


============================== 23:07:58.489324 | 4bff3eb2-0874-4c8c-acf7-94efe91a3bf6 ==============================
[0m23:07:58.489324 [info ] [MainThread]: Running with dbt=1.9.0-b2
[0m23:07:58.489835 [debug] [MainThread]: running dbt with arguments {'printer_width': '80', 'indirect_selection': 'eager', 'write_json': 'True', 'log_cache_events': 'False', 'partial_parse': 'True', 'cache_selected_only': 'False', 'profiles_dir': '/Users/lbaba/job_market_pipeline/dbt_project', 'debug': 'False', 'version_check': 'True', 'log_path': '/Users/lbaba/job_market_pipeline/dbt_project/logs', 'fail_fast': 'False', 'warn_error': 'None', 'use_colors': 'True', 'use_experimental_parser': 'False', 'empty': 'None', 'quiet': 'False', 'no_print': 'None', 'warn_error_options': 'WarnErrorOptions(include=[], exclude=[])', 'invocation_command': 'dbt docs serve', 'static_parser': 'True', 'log_format': 'default', 'target_path': 'None', 'introspect': 'True', 'send_anonymous_usage_stats': 'True'}
[0m23:07:58.628395 [debug] [MainThread]: Sending event: {'category': 'dbt', 'action': 'project_id', 'label': '4bff3eb2-0874-4c8c-acf7-94efe91a3bf6', 'context': [<snowplow_tracker.self_describing_json.SelfDescribingJson object at 0x7fc5ba141a60>]}
[0m23:07:58.671479 [debug] [MainThread]: Sending event: {'category': 'dbt', 'action': 'adapter_info', 'label': '4bff3eb2-0874-4c8c-acf7-94efe91a3bf6', 'context': [<snowplow_tracker.self_describing_json.SelfDescribingJson object at 0x7fc5a8141250>]}
[0m23:09:24.475391 [error] [MainThread]: Encountered an error:

[0m23:09:24.497680 [error] [MainThread]: Traceback (most recent call last):
  File "/Users/lbaba/job_market_pipeline/venv/lib/python3.8/site-packages/dbt/cli/requires.py", line 153, in wrapper
    result, success = func(*args, **kwargs)
  File "/Users/lbaba/job_market_pipeline/venv/lib/python3.8/site-packages/dbt/cli/requires.py", line 103, in wrapper
    return func(*args, **kwargs)
  File "/Users/lbaba/job_market_pipeline/venv/lib/python3.8/site-packages/dbt/cli/requires.py", line 235, in wrapper
    return func(*args, **kwargs)
  File "/Users/lbaba/job_market_pipeline/venv/lib/python3.8/site-packages/dbt/cli/requires.py", line 264, in wrapper
    return func(*args, **kwargs)
  File "/Users/lbaba/job_market_pipeline/venv/lib/python3.8/site-packages/dbt/cli/requires.py", line 311, in wrapper
    return func(*args, **kwargs)
  File "/Users/lbaba/job_market_pipeline/venv/lib/python3.8/site-packages/dbt/cli/main.py", line 301, in docs_serve
    results = task.run()
  File "/Users/lbaba/job_market_pipeline/venv/lib/python3.8/site-packages/dbt/task/docs/serve.py", line 29, in run
    httpd.serve_forever()
  File "/opt/anaconda3/lib/python3.8/socketserver.py", line 232, in serve_forever
    ready = selector.select(poll_interval)
  File "/opt/anaconda3/lib/python3.8/selectors.py", line 415, in select
    fd_event_list = self._selector.poll(timeout)
KeyboardInterrupt

[0m23:09:24.557513 [debug] [MainThread]: Resource report: {"command_name": "serve", "command_wall_clock_time": 86.152466, "process_user_time": 1.0921, "process_kernel_time": 0.20047, "process_mem_max_rss": "99577856", "command_success": false, "process_in_blocks": "0", "process_out_blocks": "0"}
[0m23:09:24.558486 [debug] [MainThread]: Command `dbt docs serve` failed at 23:09:24.558183 after 86.16 seconds
[0m23:09:24.559954 [debug] [MainThread]: Sending event: {'category': 'dbt', 'action': 'invocation', 'label': 'end', 'context': [<snowplow_tracker.self_describing_json.SelfDescribingJson object at 0x7fc5b9311e20>, <snowplow_tracker.self_describing_json.SelfDescribingJson object at 0x7fc5ba1f8ee0>, <snowplow_tracker.self_describing_json.SelfDescribingJson object at 0x7fc5ba1f8e20>]}
[0m23:09:24.561109 [debug] [MainThread]: Flushing usage events
[0m23:09:26.363820 [debug] [MainThread]: An error was encountered while trying to flush usage events
[0m23:09:57.535115 [debug] [MainThread]: Sending event: {'category': 'dbt', 'action': 'invocation', 'label': 'start', 'context': [<snowplow_tracker.self_describing_json.SelfDescribingJson object at 0x7fe981871dc0>, <snowplow_tracker.self_describing_json.SelfDescribingJson object at 0x7fe9822119d0>, <snowplow_tracker.self_describing_json.SelfDescribingJson object at 0x7fe982249910>]}


============================== 23:09:57.554371 | 43910d8a-59ec-4d05-ac4f-6a7f8ef8f131 ==============================
[0m23:09:57.554371 [info ] [MainThread]: Running with dbt=1.9.0-b2
[0m23:09:57.554940 [debug] [MainThread]: running dbt with arguments {'printer_width': '80', 'indirect_selection': 'eager', 'write_json': 'True', 'log_cache_events': 'False', 'partial_parse': 'True', 'cache_selected_only': 'False', 'profiles_dir': '.', 'version_check': 'True', 'debug': 'False', 'log_path': '/Users/lbaba/job_market_pipeline/dbt_project/logs', 'fail_fast': 'False', 'warn_error': 'None', 'use_colors': 'True', 'use_experimental_parser': 'False', 'empty': 'None', 'quiet': 'False', 'no_print': 'None', 'log_format': 'default', 'static_parser': 'True', 'introspect': 'True', 'invocation_command': 'dbt docs generate --profiles-dir .', 'target_path': 'None', 'warn_error_options': 'WarnErrorOptions(include=[], exclude=[])', 'send_anonymous_usage_stats': 'True'}
[0m23:09:57.732820 [debug] [MainThread]: Sending event: {'category': 'dbt', 'action': 'project_id', 'label': '43910d8a-59ec-4d05-ac4f-6a7f8ef8f131', 'context': [<snowplow_tracker.self_describing_json.SelfDescribingJson object at 0x7fe98228e3d0>]}
[0m23:09:57.776290 [debug] [MainThread]: Sending event: {'category': 'dbt', 'action': 'adapter_info', 'label': '43910d8a-59ec-4d05-ac4f-6a7f8ef8f131', 'context': [<snowplow_tracker.self_describing_json.SelfDescribingJson object at 0x7fe9601aa700>]}
[0m23:09:57.777165 [info ] [MainThread]: Registered adapter: postgres=1.8.2
[0m23:09:57.805831 [debug] [MainThread]: checksum: 4cfbbe2a671212f062e88a43cba5322b30b7e3e8e91b953aa4de249eeaade60f, vars: {}, profile: , target: , version: 1.9.0b2
[0m23:09:57.943084 [debug] [MainThread]: Partial parsing enabled: 0 files deleted, 0 files added, 0 files changed.
[0m23:09:57.943482 [debug] [MainThread]: Partial parsing enabled, no changes found, skipping parsing
[0m23:09:57.974954 [debug] [MainThread]: Sending event: {'category': 'dbt', 'action': 'load_project', 'label': '43910d8a-59ec-4d05-ac4f-6a7f8ef8f131', 'context': [<snowplow_tracker.self_describing_json.SelfDescribingJson object at 0x7fe9603bf8b0>]}
[0m23:09:57.989861 [debug] [MainThread]: Sending event: {'category': 'dbt', 'action': 'resource_counts', 'label': '43910d8a-59ec-4d05-ac4f-6a7f8ef8f131', 'context': [<snowplow_tracker.self_describing_json.SelfDescribingJson object at 0x7fe982778d30>]}
[0m23:09:57.990314 [info ] [MainThread]: Found 3 models, 3 sources, 537 macros
[0m23:09:57.990626 [debug] [MainThread]: Sending event: {'category': 'dbt', 'action': 'runnable_timing', 'label': '43910d8a-59ec-4d05-ac4f-6a7f8ef8f131', 'context': [<snowplow_tracker.self_describing_json.SelfDescribingJson object at 0x7fe982778d90>]}
[0m23:09:57.991828 [info ] [MainThread]: 
[0m23:09:57.992141 [info ] [MainThread]: Concurrency: 4 threads (target='dev')
[0m23:09:57.992397 [info ] [MainThread]: 
[0m23:09:57.992807 [debug] [MainThread]: Acquiring new postgres connection 'master'
[0m23:09:57.993789 [debug] [ThreadPool]: Acquiring new postgres connection 'list_job_pipeline_public_staging'
[0m23:09:58.003796 [debug] [ThreadPool]: Acquiring new postgres connection 'list_job_pipeline_public_marts'
[0m23:09:58.010022 [debug] [ThreadPool]: Acquiring new postgres connection 'list_job_pipeline_public'
[0m23:09:58.049345 [debug] [ThreadPool]: Using postgres connection "list_job_pipeline_public_staging"
[0m23:09:58.049756 [debug] [ThreadPool]: Using postgres connection "list_job_pipeline_public_marts"
[0m23:09:58.050054 [debug] [ThreadPool]: On list_job_pipeline_public_staging: BEGIN
[0m23:09:58.050322 [debug] [ThreadPool]: Using postgres connection "list_job_pipeline_public"
[0m23:09:58.050596 [debug] [ThreadPool]: On list_job_pipeline_public_marts: BEGIN
[0m23:09:58.050865 [debug] [ThreadPool]: Opening a new connection, currently in state init
[0m23:09:58.051121 [debug] [ThreadPool]: On list_job_pipeline_public: BEGIN
[0m23:09:58.051364 [debug] [ThreadPool]: Opening a new connection, currently in state init
[0m23:09:58.052455 [debug] [ThreadPool]: Opening a new connection, currently in state init
[0m23:09:58.337488 [debug] [ThreadPool]: SQL status: BEGIN in 0.286 seconds
[0m23:09:58.337967 [debug] [ThreadPool]: SQL status: BEGIN in 0.285 seconds
[0m23:09:58.338305 [debug] [ThreadPool]: SQL status: BEGIN in 0.287 seconds
[0m23:09:58.338606 [debug] [ThreadPool]: Using postgres connection "list_job_pipeline_public_marts"
[0m23:09:58.338908 [debug] [ThreadPool]: Using postgres connection "list_job_pipeline_public"
[0m23:09:58.339202 [debug] [ThreadPool]: Using postgres connection "list_job_pipeline_public_staging"
[0m23:09:58.339531 [debug] [ThreadPool]: On list_job_pipeline_public_marts: /* {"app": "dbt", "dbt_version": "1.9.0b2", "profile_name": "job_market_pipeline", "target_name": "dev", "connection_name": "list_job_pipeline_public_marts"} */
select
      'job_pipeline' as database,
      tablename as name,
      schemaname as schema,
      'table' as type
    from pg_tables
    where schemaname ilike 'public_marts'
    union all
    select
      'job_pipeline' as database,
      viewname as name,
      schemaname as schema,
      'view' as type
    from pg_views
    where schemaname ilike 'public_marts'
    union all
    select
      'job_pipeline' as database,
      matviewname as name,
      schemaname as schema,
      'materialized_view' as type
    from pg_matviews
    where schemaname ilike 'public_marts'
  
[0m23:09:58.339903 [debug] [ThreadPool]: On list_job_pipeline_public: /* {"app": "dbt", "dbt_version": "1.9.0b2", "profile_name": "job_market_pipeline", "target_name": "dev", "connection_name": "list_job_pipeline_public"} */
select
      'job_pipeline' as database,
      tablename as name,
      schemaname as schema,
      'table' as type
    from pg_tables
    where schemaname ilike 'public'
    union all
    select
      'job_pipeline' as database,
      viewname as name,
      schemaname as schema,
      'view' as type
    from pg_views
    where schemaname ilike 'public'
    union all
    select
      'job_pipeline' as database,
      matviewname as name,
      schemaname as schema,
      'materialized_view' as type
    from pg_matviews
    where schemaname ilike 'public'
  
[0m23:09:58.340263 [debug] [ThreadPool]: On list_job_pipeline_public_staging: /* {"app": "dbt", "dbt_version": "1.9.0b2", "profile_name": "job_market_pipeline", "target_name": "dev", "connection_name": "list_job_pipeline_public_staging"} */
select
      'job_pipeline' as database,
      tablename as name,
      schemaname as schema,
      'table' as type
    from pg_tables
    where schemaname ilike 'public_staging'
    union all
    select
      'job_pipeline' as database,
      viewname as name,
      schemaname as schema,
      'view' as type
    from pg_views
    where schemaname ilike 'public_staging'
    union all
    select
      'job_pipeline' as database,
      matviewname as name,
      schemaname as schema,
      'materialized_view' as type
    from pg_matviews
    where schemaname ilike 'public_staging'
  
[0m23:09:58.367326 [debug] [ThreadPool]: SQL status: SELECT 1 in 0.027 seconds
[0m23:09:58.367726 [debug] [ThreadPool]: SQL status: SELECT 1 in 0.027 seconds
[0m23:09:58.368036 [debug] [ThreadPool]: SQL status: SELECT 1 in 0.027 seconds
[0m23:09:58.369304 [debug] [ThreadPool]: On list_job_pipeline_public_staging: ROLLBACK
[0m23:09:58.370349 [debug] [ThreadPool]: On list_job_pipeline_public_marts: ROLLBACK
[0m23:09:58.371359 [debug] [ThreadPool]: On list_job_pipeline_public: ROLLBACK
[0m23:09:58.372276 [debug] [ThreadPool]: On list_job_pipeline_public_marts: Close
[0m23:09:58.372638 [debug] [ThreadPool]: On list_job_pipeline_public: Close
[0m23:09:58.372989 [debug] [ThreadPool]: On list_job_pipeline_public_staging: Close
[0m23:09:58.378902 [debug] [MainThread]: Using postgres connection "master"
[0m23:09:58.379273 [debug] [MainThread]: On master: BEGIN
[0m23:09:58.379572 [debug] [MainThread]: Opening a new connection, currently in state init
[0m23:09:58.395658 [debug] [MainThread]: SQL status: BEGIN in 0.016 seconds
[0m23:09:58.395996 [debug] [MainThread]: Using postgres connection "master"
[0m23:09:58.396406 [debug] [MainThread]: On master: /* {"app": "dbt", "dbt_version": "1.9.0b2", "profile_name": "job_market_pipeline", "target_name": "dev", "connection_name": "master"} */
with relation as (
        select
            pg_rewrite.ev_class as class,
            pg_rewrite.oid as id
        from pg_rewrite
    ),
    class as (
        select
            oid as id,
            relname as name,
            relnamespace as schema,
            relkind as kind
        from pg_class
    ),
    dependency as (
        select distinct
            pg_depend.objid as id,
            pg_depend.refobjid as ref
        from pg_depend
    ),
    schema as (
        select
            pg_namespace.oid as id,
            pg_namespace.nspname as name
        from pg_namespace
        where nspname != 'information_schema' and nspname not like 'pg\_%'
    ),
    referenced as (
        select
            relation.id AS id,
            referenced_class.name ,
            referenced_class.schema ,
            referenced_class.kind
        from relation
        join class as referenced_class on relation.class=referenced_class.id
        where referenced_class.kind in ('r', 'v', 'm')
    ),
    relationships as (
        select
            referenced.name as referenced_name,
            referenced.schema as referenced_schema_id,
            dependent_class.name as dependent_name,
            dependent_class.schema as dependent_schema_id,
            referenced.kind as kind
        from referenced
        join dependency on referenced.id=dependency.id
        join class as dependent_class on dependency.ref=dependent_class.id
        where
            (referenced.name != dependent_class.name or
             referenced.schema != dependent_class.schema)
    )

    select
        referenced_schema.name as referenced_schema,
        relationships.referenced_name as referenced_name,
        dependent_schema.name as dependent_schema,
        relationships.dependent_name as dependent_name
    from relationships
    join schema as dependent_schema on relationships.dependent_schema_id=dependent_schema.id
    join schema as referenced_schema on relationships.referenced_schema_id=referenced_schema.id
    group by referenced_schema, referenced_name, dependent_schema, dependent_name
    order by referenced_schema, referenced_name, dependent_schema, dependent_name;
[0m23:09:58.408141 [debug] [MainThread]: SQL status: SELECT 1 in 0.011 seconds
[0m23:09:58.409269 [debug] [MainThread]: Sending event: {'category': 'dbt', 'action': 'runnable_timing', 'label': '43910d8a-59ec-4d05-ac4f-6a7f8ef8f131', 'context': [<snowplow_tracker.self_describing_json.SelfDescribingJson object at 0x7fe970b428e0>]}
[0m23:09:58.409725 [debug] [MainThread]: On master: ROLLBACK
[0m23:09:58.410363 [debug] [MainThread]: On master: Close
[0m23:09:58.412771 [debug] [Thread-1  ]: Began running node model.job_market_pipeline.stg_job_postings
[0m23:09:58.413238 [debug] [Thread-1  ]: Re-using an available connection from the pool (formerly list_job_pipeline_public_staging, now model.job_market_pipeline.stg_job_postings)
[0m23:09:58.413635 [debug] [Thread-1  ]: Began compiling node model.job_market_pipeline.stg_job_postings
[0m23:09:58.422305 [debug] [Thread-1  ]: Writing injected SQL for node "model.job_market_pipeline.stg_job_postings"
[0m23:09:58.422902 [debug] [Thread-1  ]: Began executing node model.job_market_pipeline.stg_job_postings
[0m23:09:58.423590 [debug] [Thread-1  ]: Finished running node model.job_market_pipeline.stg_job_postings
[0m23:09:58.424387 [debug] [Thread-3  ]: Began running node model.job_market_pipeline.int_job_skills_exploded
[0m23:09:58.424800 [debug] [Thread-3  ]: Re-using an available connection from the pool (formerly list_job_pipeline_public, now model.job_market_pipeline.int_job_skills_exploded)
[0m23:09:58.425147 [debug] [Thread-3  ]: Began compiling node model.job_market_pipeline.int_job_skills_exploded
[0m23:09:58.437636 [debug] [Thread-3  ]: Writing injected SQL for node "model.job_market_pipeline.int_job_skills_exploded"
[0m23:09:58.438315 [debug] [Thread-3  ]: Began executing node model.job_market_pipeline.int_job_skills_exploded
[0m23:09:58.438864 [debug] [Thread-3  ]: Finished running node model.job_market_pipeline.int_job_skills_exploded
[0m23:09:58.439332 [debug] [Thread-2  ]: Began running node model.job_market_pipeline.mart_job_market_insights
[0m23:09:58.439725 [debug] [Thread-2  ]: Re-using an available connection from the pool (formerly list_job_pipeline_public_marts, now model.job_market_pipeline.mart_job_market_insights)
[0m23:09:58.440078 [debug] [Thread-2  ]: Began compiling node model.job_market_pipeline.mart_job_market_insights
[0m23:09:58.442944 [debug] [Thread-2  ]: Writing injected SQL for node "model.job_market_pipeline.mart_job_market_insights"
[0m23:09:58.443585 [debug] [Thread-2  ]: Began executing node model.job_market_pipeline.mart_job_market_insights
[0m23:09:58.444125 [debug] [Thread-2  ]: Finished running node model.job_market_pipeline.mart_job_market_insights
[0m23:09:58.444763 [debug] [MainThread]: Connection 'master' was properly closed.
[0m23:09:58.445024 [debug] [MainThread]: Connection 'model.job_market_pipeline.stg_job_postings' was properly closed.
[0m23:09:58.445258 [debug] [MainThread]: Connection 'model.job_market_pipeline.mart_job_market_insights' was properly closed.
[0m23:09:58.445493 [debug] [MainThread]: Connection 'model.job_market_pipeline.int_job_skills_exploded' was properly closed.
[0m23:09:58.446190 [debug] [MainThread]: Command end result
[0m23:09:58.526300 [debug] [MainThread]: Acquiring new postgres connection 'generate_catalog'
[0m23:09:58.526650 [info ] [MainThread]: Building catalog
[0m23:09:58.535610 [debug] [ThreadPool]: Acquiring new postgres connection 'job_pipeline.information_schema'
[0m23:09:58.542259 [debug] [ThreadPool]: Using postgres connection "job_pipeline.information_schema"
[0m23:09:58.542636 [debug] [ThreadPool]: On job_pipeline.information_schema: BEGIN
[0m23:09:58.542887 [debug] [ThreadPool]: Opening a new connection, currently in state init
[0m23:09:58.557587 [debug] [ThreadPool]: SQL status: BEGIN in 0.015 seconds
[0m23:09:58.557951 [debug] [ThreadPool]: Using postgres connection "job_pipeline.information_schema"
[0m23:09:58.558299 [debug] [ThreadPool]: On job_pipeline.information_schema: /* {"app": "dbt", "dbt_version": "1.9.0b2", "profile_name": "job_market_pipeline", "target_name": "dev", "connection_name": "job_pipeline.information_schema"} */

    
    

    select
        'job_pipeline' as table_database,
        sch.nspname as table_schema,
        tbl.relname as table_name,
        case tbl.relkind
            when 'v' then 'VIEW'
            when 'm' then 'MATERIALIZED VIEW'
            else 'BASE TABLE'
        end as table_type,
        tbl_desc.description as table_comment,
        col.attname as column_name,
        col.attnum as column_index,
        pg_catalog.format_type(col.atttypid, col.atttypmod) as column_type,
        col_desc.description as column_comment,
        pg_get_userbyid(tbl.relowner) as table_owner

    from pg_catalog.pg_namespace sch
    join pg_catalog.pg_class tbl on tbl.relnamespace = sch.oid
    join pg_catalog.pg_attribute col on col.attrelid = tbl.oid
    left outer join pg_catalog.pg_description tbl_desc on (tbl_desc.objoid = tbl.oid and tbl_desc.objsubid = 0)
    left outer join pg_catalog.pg_description col_desc on (col_desc.objoid = tbl.oid and col_desc.objsubid = col.attnum)
    where ((upper(sch.nspname) = upper('public_marts') and
           upper(tbl.relname) = upper('mart_job_market_insights')) or (upper(sch.nspname) = upper('raw') and
           upper(tbl.relname) = upper('skills')) or (upper(sch.nspname) = upper('raw') and
           upper(tbl.relname) = upper('job_postings')) or (upper(sch.nspname) = upper('raw') and
           upper(tbl.relname) = upper('companies')) or (upper(sch.nspname) = upper('public_staging') and
           upper(tbl.relname) = upper('stg_job_postings')) or (upper(sch.nspname) = upper('public') and
           upper(tbl.relname) = upper('int_job_skills_exploded')))
      and not pg_is_other_temp_schema(sch.oid) -- not a temporary schema belonging to another session
      and tbl.relpersistence in ('p', 'u') -- [p]ermanent table or [u]nlogged table. Exclude [t]emporary tables
      and tbl.relkind in ('r', 'v', 'f', 'p', 'm') -- o[r]dinary table, [v]iew, [f]oreign table, [p]artitioned table, [m]aterialized view. Other values are [i]ndex, [S]equence, [c]omposite type, [t]OAST table
      and col.attnum > 0 -- negative numbers are used for system columns such as oid
      and not col.attisdropped -- column as not been dropped

    order by
        sch.nspname,
        tbl.relname,
        col.attnum
[0m23:09:58.569803 [debug] [ThreadPool]: SQL status: SELECT 29 in 0.011 seconds
[0m23:09:58.574773 [debug] [ThreadPool]: On job_pipeline.information_schema: ROLLBACK
[0m23:09:58.575487 [debug] [ThreadPool]: On job_pipeline.information_schema: Close
[0m23:09:58.609391 [info ] [MainThread]: Catalog written to /Users/lbaba/job_market_pipeline/dbt_project/target/catalog.json
[0m23:09:58.612646 [debug] [MainThread]: Resource report: {"command_name": "generate", "command_success": true, "command_wall_clock_time": 1.1847953, "process_user_time": 1.519064, "process_kernel_time": 0.651701, "process_mem_max_rss": "114700288", "process_in_blocks": "0", "process_out_blocks": "0"}
[0m23:09:58.613106 [debug] [MainThread]: Command `dbt docs generate` succeeded at 23:09:58.613022 after 1.19 seconds
[0m23:09:58.613411 [debug] [MainThread]: Connection 'generate_catalog' was properly closed.
[0m23:09:58.613648 [debug] [MainThread]: Connection 'job_pipeline.information_schema' was properly closed.
[0m23:09:58.613935 [debug] [MainThread]: Sending event: {'category': 'dbt', 'action': 'invocation', 'label': 'end', 'context': [<snowplow_tracker.self_describing_json.SelfDescribingJson object at 0x7fe981871dc0>, <snowplow_tracker.self_describing_json.SelfDescribingJson object at 0x7fe981e6b220>, <snowplow_tracker.self_describing_json.SelfDescribingJson object at 0x7fe97035bb20>]}
[0m23:09:58.614258 [debug] [MainThread]: Flushing usage events
[0m23:09:58.914264 [debug] [MainThread]: An error was encountered while trying to flush usage events
[0m23:10:00.324760 [debug] [MainThread]: Sending event: {'category': 'dbt', 'action': 'invocation', 'label': 'start', 'context': [<snowplow_tracker.self_describing_json.SelfDescribingJson object at 0x7fef51339ee0>, <snowplow_tracker.self_describing_json.SelfDescribingJson object at 0x7fef612b4400>, <snowplow_tracker.self_describing_json.SelfDescribingJson object at 0x7fef612ed910>]}


============================== 23:10:00.329173 | 517e0f22-5813-4ce4-8bb9-5c95c13d70f8 ==============================
[0m23:10:00.329173 [info ] [MainThread]: Running with dbt=1.9.0-b2
[0m23:10:00.329708 [debug] [MainThread]: running dbt with arguments {'printer_width': '80', 'indirect_selection': 'eager', 'log_cache_events': 'False', 'write_json': 'True', 'partial_parse': 'True', 'cache_selected_only': 'False', 'profiles_dir': '.', 'fail_fast': 'False', 'version_check': 'True', 'log_path': '/Users/lbaba/job_market_pipeline/dbt_project/logs', 'debug': 'False', 'warn_error': 'None', 'use_colors': 'True', 'use_experimental_parser': 'False', 'no_print': 'None', 'quiet': 'False', 'empty': 'None', 'warn_error_options': 'WarnErrorOptions(include=[], exclude=[])', 'static_parser': 'True', 'invocation_command': 'dbt docs serve --profiles-dir .', 'introspect': 'True', 'target_path': 'None', 'log_format': 'default', 'send_anonymous_usage_stats': 'True'}
[0m23:10:00.470315 [debug] [MainThread]: Sending event: {'category': 'dbt', 'action': 'project_id', 'label': '517e0f22-5813-4ce4-8bb9-5c95c13d70f8', 'context': [<snowplow_tracker.self_describing_json.SelfDescribingJson object at 0x7fef51d9bd60>]}
[0m23:10:00.516233 [debug] [MainThread]: Sending event: {'category': 'dbt', 'action': 'adapter_info', 'label': '517e0f22-5813-4ce4-8bb9-5c95c13d70f8', 'context': [<snowplow_tracker.self_describing_json.SelfDescribingJson object at 0x7fef51db1ee0>]}
[0m14:39:27.451270 [error] [MainThread]: Encountered an error:

[0m14:39:27.537579 [error] [MainThread]: Traceback (most recent call last):
  File "/Users/lbaba/job_market_pipeline/venv/lib/python3.8/site-packages/dbt/cli/requires.py", line 153, in wrapper
    result, success = func(*args, **kwargs)
  File "/Users/lbaba/job_market_pipeline/venv/lib/python3.8/site-packages/dbt/cli/requires.py", line 103, in wrapper
    return func(*args, **kwargs)
  File "/Users/lbaba/job_market_pipeline/venv/lib/python3.8/site-packages/dbt/cli/requires.py", line 235, in wrapper
    return func(*args, **kwargs)
  File "/Users/lbaba/job_market_pipeline/venv/lib/python3.8/site-packages/dbt/cli/requires.py", line 264, in wrapper
    return func(*args, **kwargs)
  File "/Users/lbaba/job_market_pipeline/venv/lib/python3.8/site-packages/dbt/cli/requires.py", line 311, in wrapper
    return func(*args, **kwargs)
  File "/Users/lbaba/job_market_pipeline/venv/lib/python3.8/site-packages/dbt/cli/main.py", line 301, in docs_serve
    results = task.run()
  File "/Users/lbaba/job_market_pipeline/venv/lib/python3.8/site-packages/dbt/task/docs/serve.py", line 29, in run
    httpd.serve_forever()
  File "/opt/anaconda3/lib/python3.8/socketserver.py", line 232, in serve_forever
    ready = selector.select(poll_interval)
  File "/opt/anaconda3/lib/python3.8/selectors.py", line 415, in select
    fd_event_list = self._selector.poll(timeout)
KeyboardInterrupt

[0m14:39:27.642568 [debug] [MainThread]: Resource report: {"command_name": "serve", "command_wall_clock_time": 62864.832, "process_user_time": 13.714323, "process_kernel_time": 4.853046, "process_mem_max_rss": "100925440", "command_success": false, "process_in_blocks": "0", "process_out_blocks": "0"}
[0m14:39:27.653960 [debug] [MainThread]: Command `dbt docs serve` failed at 14:39:27.652987 after 62864.85 seconds
[0m14:39:27.676433 [debug] [MainThread]: Sending event: {'category': 'dbt', 'action': 'invocation', 'label': 'end', 'context': [<snowplow_tracker.self_describing_json.SelfDescribingJson object at 0x7fef51339ee0>, <snowplow_tracker.self_describing_json.SelfDescribingJson object at 0x7fef51eb0fd0>, <snowplow_tracker.self_describing_json.SelfDescribingJson object at 0x7fef51ecc070>]}
[0m14:39:27.686343 [debug] [MainThread]: Flushing usage events
[0m14:39:28.415642 [debug] [MainThread]: An error was encountered while trying to flush usage events
[0m14:39:58.261232 [debug] [MainThread]: Sending event: {'category': 'dbt', 'action': 'invocation', 'label': 'start', 'context': [<snowplow_tracker.self_describing_json.SelfDescribingJson object at 0x7fe808d81e20>, <snowplow_tracker.self_describing_json.SelfDescribingJson object at 0x7fe809684d30>, <snowplow_tracker.self_describing_json.SelfDescribingJson object at 0x7fe8096b5760>]}


============================== 14:39:58.266452 | fb13de6c-bdba-44f0-907d-681d3841fe52 ==============================
[0m14:39:58.266452 [info ] [MainThread]: Running with dbt=1.9.0-b2
[0m14:39:58.267015 [debug] [MainThread]: running dbt with arguments {'printer_width': '80', 'indirect_selection': 'eager', 'log_cache_events': 'False', 'write_json': 'True', 'partial_parse': 'True', 'cache_selected_only': 'False', 'warn_error': 'None', 'version_check': 'True', 'debug': 'False', 'log_path': '/Users/lbaba/job_market_pipeline/dbt_project/logs', 'profiles_dir': '/Users/lbaba/job_market_pipeline/dbt_project', 'fail_fast': 'False', 'use_colors': 'True', 'use_experimental_parser': 'False', 'no_print': 'None', 'quiet': 'False', 'empty': 'False', 'warn_error_options': 'WarnErrorOptions(include=[], exclude=[])', 'static_parser': 'True', 'invocation_command': 'dbt run', 'log_format': 'default', 'target_path': 'None', 'introspect': 'True', 'send_anonymous_usage_stats': 'True'}
[0m14:39:58.647910 [debug] [MainThread]: Sending event: {'category': 'dbt', 'action': 'project_id', 'label': 'fb13de6c-bdba-44f0-907d-681d3841fe52', 'context': [<snowplow_tracker.self_describing_json.SelfDescribingJson object at 0x7fe80862efd0>]}
[0m14:39:58.692426 [debug] [MainThread]: Sending event: {'category': 'dbt', 'action': 'adapter_info', 'label': 'fb13de6c-bdba-44f0-907d-681d3841fe52', 'context': [<snowplow_tracker.self_describing_json.SelfDescribingJson object at 0x7fe7f8daff70>]}
[0m14:39:58.693317 [info ] [MainThread]: Registered adapter: postgres=1.8.2
[0m14:39:58.728968 [debug] [MainThread]: checksum: 4cfbbe2a671212f062e88a43cba5322b30b7e3e8e91b953aa4de249eeaade60f, vars: {}, profile: , target: , version: 1.9.0b2
[0m14:39:58.867474 [debug] [MainThread]: Partial parsing enabled: 0 files deleted, 0 files added, 3 files changed.
[0m14:39:58.868033 [debug] [MainThread]: Partial parsing: updated file: job_market_pipeline://models/marts/mart_job_market_insights.sql
[0m14:39:58.868378 [debug] [MainThread]: Partial parsing: updated file: job_market_pipeline://models/intermediate/int_job_skills_exploded.sql
[0m14:39:58.868707 [debug] [MainThread]: Partial parsing: updated file: job_market_pipeline://models/staging/stg_job_postings.sql
[0m14:39:59.082026 [debug] [MainThread]: Sending event: {'category': 'dbt', 'action': 'load_project', 'label': 'fb13de6c-bdba-44f0-907d-681d3841fe52', 'context': [<snowplow_tracker.self_describing_json.SelfDescribingJson object at 0x7fe7f8ed7d60>]}
[0m14:39:59.170524 [debug] [MainThread]: Sending event: {'category': 'dbt', 'action': 'resource_counts', 'label': 'fb13de6c-bdba-44f0-907d-681d3841fe52', 'context': [<snowplow_tracker.self_describing_json.SelfDescribingJson object at 0x7fe7e8c00f40>]}
[0m14:39:59.171027 [info ] [MainThread]: Found 3 models, 3 sources, 537 macros
[0m14:39:59.171339 [debug] [MainThread]: Sending event: {'category': 'dbt', 'action': 'runnable_timing', 'label': 'fb13de6c-bdba-44f0-907d-681d3841fe52', 'context': [<snowplow_tracker.self_describing_json.SelfDescribingJson object at 0x7fe7f8ed3e80>]}
[0m14:39:59.172504 [info ] [MainThread]: 
[0m14:39:59.172830 [info ] [MainThread]: Concurrency: 4 threads (target='dev')
[0m14:39:59.173086 [info ] [MainThread]: 
[0m14:39:59.173512 [debug] [MainThread]: Acquiring new postgres connection 'master'
[0m14:39:59.177086 [debug] [ThreadPool]: Acquiring new postgres connection 'list_job_pipeline'
[0m14:39:59.187089 [debug] [ThreadPool]: Acquiring new postgres connection 'list_job_pipeline'
[0m14:39:59.189496 [debug] [ThreadPool]: Acquiring new postgres connection 'list_job_pipeline'
[0m14:39:59.227497 [debug] [ThreadPool]: Using postgres connection "list_job_pipeline"
[0m14:39:59.227884 [debug] [ThreadPool]: Using postgres connection "list_job_pipeline"
[0m14:39:59.228185 [debug] [ThreadPool]: On list_job_pipeline: /* {"app": "dbt", "dbt_version": "1.9.0b2", "profile_name": "job_market_pipeline", "target_name": "dev", "connection_name": "list_job_pipeline"} */

    select distinct nspname from pg_namespace
  
[0m14:39:59.228458 [debug] [ThreadPool]: Using postgres connection "list_job_pipeline"
[0m14:39:59.228755 [debug] [ThreadPool]: On list_job_pipeline: /* {"app": "dbt", "dbt_version": "1.9.0b2", "profile_name": "job_market_pipeline", "target_name": "dev", "connection_name": "list_job_pipeline"} */

    select distinct nspname from pg_namespace
  
[0m14:39:59.229056 [debug] [ThreadPool]: Opening a new connection, currently in state init
[0m14:39:59.229365 [debug] [ThreadPool]: On list_job_pipeline: /* {"app": "dbt", "dbt_version": "1.9.0b2", "profile_name": "job_market_pipeline", "target_name": "dev", "connection_name": "list_job_pipeline"} */

    select distinct nspname from pg_namespace
  
[0m14:39:59.229652 [debug] [ThreadPool]: Opening a new connection, currently in state init
[0m14:39:59.230778 [debug] [ThreadPool]: Opening a new connection, currently in state init
[0m14:39:59.591260 [debug] [ThreadPool]: SQL status: SELECT 9 in 0.361 seconds
[0m14:39:59.591754 [debug] [ThreadPool]: SQL status: SELECT 9 in 0.363 seconds
[0m14:39:59.592045 [debug] [ThreadPool]: SQL status: SELECT 9 in 0.361 seconds
[0m14:39:59.593104 [debug] [ThreadPool]: On list_job_pipeline: Close
[0m14:39:59.593921 [debug] [ThreadPool]: On list_job_pipeline: Close
[0m14:39:59.594709 [debug] [ThreadPool]: On list_job_pipeline: Close
[0m14:39:59.596056 [debug] [ThreadPool]: Acquiring new postgres connection 'list_job_pipeline_public'
[0m14:39:59.601245 [debug] [ThreadPool]: Using postgres connection "list_job_pipeline_public"
[0m14:39:59.601554 [debug] [ThreadPool]: On list_job_pipeline_public: BEGIN
[0m14:39:59.601903 [debug] [ThreadPool]: Opening a new connection, currently in state init
[0m14:39:59.602275 [debug] [ThreadPool]: Re-using an available connection from the pool (formerly list_job_pipeline, now list_job_pipeline_public_marts)
[0m14:39:59.602776 [debug] [ThreadPool]: Re-using an available connection from the pool (formerly list_job_pipeline, now list_job_pipeline_public_staging)
[0m14:39:59.605201 [debug] [ThreadPool]: Using postgres connection "list_job_pipeline_public_marts"
[0m14:39:59.641296 [debug] [ThreadPool]: On list_job_pipeline_public_marts: BEGIN
[0m14:39:59.641645 [debug] [ThreadPool]: Opening a new connection, currently in state closed
[0m14:39:59.643462 [debug] [ThreadPool]: Using postgres connection "list_job_pipeline_public_staging"
[0m14:39:59.643792 [debug] [ThreadPool]: On list_job_pipeline_public_staging: BEGIN
[0m14:39:59.644051 [debug] [ThreadPool]: Opening a new connection, currently in state closed
[0m14:39:59.644879 [debug] [ThreadPool]: SQL status: BEGIN in 0.043 seconds
[0m14:39:59.645167 [debug] [ThreadPool]: Using postgres connection "list_job_pipeline_public"
[0m14:39:59.645463 [debug] [ThreadPool]: On list_job_pipeline_public: /* {"app": "dbt", "dbt_version": "1.9.0b2", "profile_name": "job_market_pipeline", "target_name": "dev", "connection_name": "list_job_pipeline_public"} */
select
      'job_pipeline' as database,
      tablename as name,
      schemaname as schema,
      'table' as type
    from pg_tables
    where schemaname ilike 'public'
    union all
    select
      'job_pipeline' as database,
      viewname as name,
      schemaname as schema,
      'view' as type
    from pg_views
    where schemaname ilike 'public'
    union all
    select
      'job_pipeline' as database,
      matviewname as name,
      schemaname as schema,
      'materialized_view' as type
    from pg_matviews
    where schemaname ilike 'public'
  
[0m14:39:59.656857 [debug] [ThreadPool]: SQL status: BEGIN in 0.015 seconds
[0m14:39:59.657129 [debug] [ThreadPool]: Using postgres connection "list_job_pipeline_public_marts"
[0m14:39:59.657412 [debug] [ThreadPool]: On list_job_pipeline_public_marts: /* {"app": "dbt", "dbt_version": "1.9.0b2", "profile_name": "job_market_pipeline", "target_name": "dev", "connection_name": "list_job_pipeline_public_marts"} */
select
      'job_pipeline' as database,
      tablename as name,
      schemaname as schema,
      'table' as type
    from pg_tables
    where schemaname ilike 'public_marts'
    union all
    select
      'job_pipeline' as database,
      viewname as name,
      schemaname as schema,
      'view' as type
    from pg_views
    where schemaname ilike 'public_marts'
    union all
    select
      'job_pipeline' as database,
      matviewname as name,
      schemaname as schema,
      'materialized_view' as type
    from pg_matviews
    where schemaname ilike 'public_marts'
  
[0m14:39:59.658463 [debug] [ThreadPool]: SQL status: BEGIN in 0.014 seconds
[0m14:39:59.658714 [debug] [ThreadPool]: Using postgres connection "list_job_pipeline_public_staging"
[0m14:39:59.658987 [debug] [ThreadPool]: On list_job_pipeline_public_staging: /* {"app": "dbt", "dbt_version": "1.9.0b2", "profile_name": "job_market_pipeline", "target_name": "dev", "connection_name": "list_job_pipeline_public_staging"} */
select
      'job_pipeline' as database,
      tablename as name,
      schemaname as schema,
      'table' as type
    from pg_tables
    where schemaname ilike 'public_staging'
    union all
    select
      'job_pipeline' as database,
      viewname as name,
      schemaname as schema,
      'view' as type
    from pg_views
    where schemaname ilike 'public_staging'
    union all
    select
      'job_pipeline' as database,
      matviewname as name,
      schemaname as schema,
      'materialized_view' as type
    from pg_matviews
    where schemaname ilike 'public_staging'
  
[0m14:39:59.663021 [debug] [ThreadPool]: SQL status: SELECT 1 in 0.017 seconds
[0m14:39:59.663929 [debug] [ThreadPool]: On list_job_pipeline_public: ROLLBACK
[0m14:39:59.664487 [debug] [ThreadPool]: On list_job_pipeline_public: Close
[0m14:39:59.664769 [debug] [ThreadPool]: SQL status: SELECT 1 in 0.007 seconds
[0m14:39:59.665599 [debug] [ThreadPool]: On list_job_pipeline_public_marts: ROLLBACK
[0m14:39:59.666183 [debug] [ThreadPool]: SQL status: SELECT 1 in 0.007 seconds
[0m14:39:59.666966 [debug] [ThreadPool]: On list_job_pipeline_public_staging: ROLLBACK
[0m14:39:59.667240 [debug] [ThreadPool]: On list_job_pipeline_public_marts: Close
[0m14:39:59.667513 [debug] [ThreadPool]: On list_job_pipeline_public_staging: Close
[0m14:39:59.671568 [debug] [MainThread]: Using postgres connection "master"
[0m14:39:59.671863 [debug] [MainThread]: On master: BEGIN
[0m14:39:59.672114 [debug] [MainThread]: Opening a new connection, currently in state init
[0m14:39:59.685255 [debug] [MainThread]: SQL status: BEGIN in 0.013 seconds
[0m14:39:59.685530 [debug] [MainThread]: Using postgres connection "master"
[0m14:39:59.685885 [debug] [MainThread]: On master: /* {"app": "dbt", "dbt_version": "1.9.0b2", "profile_name": "job_market_pipeline", "target_name": "dev", "connection_name": "master"} */
with relation as (
        select
            pg_rewrite.ev_class as class,
            pg_rewrite.oid as id
        from pg_rewrite
    ),
    class as (
        select
            oid as id,
            relname as name,
            relnamespace as schema,
            relkind as kind
        from pg_class
    ),
    dependency as (
        select distinct
            pg_depend.objid as id,
            pg_depend.refobjid as ref
        from pg_depend
    ),
    schema as (
        select
            pg_namespace.oid as id,
            pg_namespace.nspname as name
        from pg_namespace
        where nspname != 'information_schema' and nspname not like 'pg\_%'
    ),
    referenced as (
        select
            relation.id AS id,
            referenced_class.name ,
            referenced_class.schema ,
            referenced_class.kind
        from relation
        join class as referenced_class on relation.class=referenced_class.id
        where referenced_class.kind in ('r', 'v', 'm')
    ),
    relationships as (
        select
            referenced.name as referenced_name,
            referenced.schema as referenced_schema_id,
            dependent_class.name as dependent_name,
            dependent_class.schema as dependent_schema_id,
            referenced.kind as kind
        from referenced
        join dependency on referenced.id=dependency.id
        join class as dependent_class on dependency.ref=dependent_class.id
        where
            (referenced.name != dependent_class.name or
             referenced.schema != dependent_class.schema)
    )

    select
        referenced_schema.name as referenced_schema,
        relationships.referenced_name as referenced_name,
        dependent_schema.name as dependent_schema,
        relationships.dependent_name as dependent_name
    from relationships
    join schema as dependent_schema on relationships.dependent_schema_id=dependent_schema.id
    join schema as referenced_schema on relationships.referenced_schema_id=referenced_schema.id
    group by referenced_schema, referenced_name, dependent_schema, dependent_name
    order by referenced_schema, referenced_name, dependent_schema, dependent_name;
[0m14:39:59.704007 [debug] [MainThread]: SQL status: SELECT 1 in 0.018 seconds
[0m14:39:59.704884 [debug] [MainThread]: Sending event: {'category': 'dbt', 'action': 'runnable_timing', 'label': 'fb13de6c-bdba-44f0-907d-681d3841fe52', 'context': [<snowplow_tracker.self_describing_json.SelfDescribingJson object at 0x7fe7e8c6d100>]}
[0m14:39:59.705260 [debug] [MainThread]: On master: ROLLBACK
[0m14:39:59.705773 [debug] [MainThread]: Using postgres connection "master"
[0m14:39:59.706017 [debug] [MainThread]: On master: BEGIN
[0m14:39:59.706779 [debug] [MainThread]: SQL status: BEGIN in 0.001 seconds
[0m14:39:59.707027 [debug] [MainThread]: On master: COMMIT
[0m14:39:59.707263 [debug] [MainThread]: Using postgres connection "master"
[0m14:39:59.707492 [debug] [MainThread]: On master: COMMIT
[0m14:39:59.708231 [debug] [MainThread]: SQL status: COMMIT in 0.001 seconds
[0m14:39:59.708481 [debug] [MainThread]: On master: Close
[0m14:39:59.710600 [debug] [Thread-1  ]: Began running node model.job_market_pipeline.stg_job_postings
[0m14:39:59.711054 [info ] [Thread-1  ]: 1 of 3 START sql view model public_staging.stg_job_postings .................... [RUN]
[0m14:39:59.711442 [debug] [Thread-1  ]: Re-using an available connection from the pool (formerly list_job_pipeline_public_marts, now model.job_market_pipeline.stg_job_postings)
[0m14:39:59.711762 [debug] [Thread-1  ]: Began compiling node model.job_market_pipeline.stg_job_postings
[0m14:39:59.719162 [debug] [Thread-1  ]: Writing injected SQL for node "model.job_market_pipeline.stg_job_postings"
[0m14:39:59.719995 [debug] [Thread-1  ]: Began executing node model.job_market_pipeline.stg_job_postings
[0m14:39:59.748193 [debug] [Thread-1  ]: Writing runtime sql for node "model.job_market_pipeline.stg_job_postings"
[0m14:39:59.749220 [debug] [Thread-1  ]: Using postgres connection "model.job_market_pipeline.stg_job_postings"
[0m14:39:59.749544 [debug] [Thread-1  ]: On model.job_market_pipeline.stg_job_postings: BEGIN
[0m14:39:59.749829 [debug] [Thread-1  ]: Opening a new connection, currently in state closed
[0m14:39:59.764567 [debug] [Thread-1  ]: SQL status: BEGIN in 0.015 seconds
[0m14:39:59.764937 [debug] [Thread-1  ]: Using postgres connection "model.job_market_pipeline.stg_job_postings"
[0m14:39:59.765290 [debug] [Thread-1  ]: On model.job_market_pipeline.stg_job_postings: /* {"app": "dbt", "dbt_version": "1.9.0b2", "profile_name": "job_market_pipeline", "target_name": "dev", "node_id": "model.job_market_pipeline.stg_job_postings"} */

  create view "job_pipeline"."public_staging"."stg_job_postings__dbt_tmp"
    
    
  as (
    

WITH raw_data AS (
    SELECT * FROM "job_pipeline"."raw"."job_postings"
),

deduped AS (
    -- Remove duplicates based on title, company, and date
    SELECT *,
           ROW_NUMBER() OVER (
               PARTITION BY title, company_name, posted_date 
               ORDER BY job_id DESC
           ) as rn
    FROM raw_data
),

final AS (
    SELECT
        job_id,
        TRIM(title) AS job_title,
        TRIM(company_name) AS company,
        LOWER(location) AS location,
        CAST(salary_min AS NUMERIC) AS salary_min,
        CAST(salary_max AS NUMERIC) AS salary_max,
        CAST(posted_date AS DATE) AS date_priority,
        -- Business Logic: Flagging Remote Roles
        CASE WHEN location LIKE '%remote%' THEN TRUE ELSE FALSE END AS is_remote
    FROM deduped
    WHERE rn = 1 -- Only keep the most recent version of a job
)

SELECT * FROM final
  );
[0m14:39:59.803651 [debug] [Thread-1  ]: SQL status: CREATE VIEW in 0.038 seconds
[0m14:39:59.809746 [debug] [Thread-1  ]: Using postgres connection "model.job_market_pipeline.stg_job_postings"
[0m14:39:59.810102 [debug] [Thread-1  ]: On model.job_market_pipeline.stg_job_postings: /* {"app": "dbt", "dbt_version": "1.9.0b2", "profile_name": "job_market_pipeline", "target_name": "dev", "node_id": "model.job_market_pipeline.stg_job_postings"} */
alter table "job_pipeline"."public_staging"."stg_job_postings" rename to "stg_job_postings__dbt_backup"
[0m14:39:59.812336 [debug] [Thread-1  ]: SQL status: ALTER TABLE in 0.002 seconds
[0m14:39:59.814839 [debug] [Thread-1  ]: Using postgres connection "model.job_market_pipeline.stg_job_postings"
[0m14:39:59.815167 [debug] [Thread-1  ]: On model.job_market_pipeline.stg_job_postings: /* {"app": "dbt", "dbt_version": "1.9.0b2", "profile_name": "job_market_pipeline", "target_name": "dev", "node_id": "model.job_market_pipeline.stg_job_postings"} */
alter table "job_pipeline"."public_staging"."stg_job_postings__dbt_tmp" rename to "stg_job_postings"
[0m14:39:59.816494 [debug] [Thread-1  ]: SQL status: ALTER TABLE in 0.001 seconds
[0m14:39:59.829095 [debug] [Thread-1  ]: On model.job_market_pipeline.stg_job_postings: COMMIT
[0m14:39:59.829419 [debug] [Thread-1  ]: Using postgres connection "model.job_market_pipeline.stg_job_postings"
[0m14:39:59.829709 [debug] [Thread-1  ]: On model.job_market_pipeline.stg_job_postings: COMMIT
[0m14:39:59.831453 [debug] [Thread-1  ]: SQL status: COMMIT in 0.001 seconds
[0m14:39:59.836318 [debug] [Thread-1  ]: Applying DROP to: "job_pipeline"."public_staging"."stg_job_postings__dbt_backup"
[0m14:39:59.840267 [debug] [Thread-1  ]: Using postgres connection "model.job_market_pipeline.stg_job_postings"
[0m14:39:59.840644 [debug] [Thread-1  ]: On model.job_market_pipeline.stg_job_postings: /* {"app": "dbt", "dbt_version": "1.9.0b2", "profile_name": "job_market_pipeline", "target_name": "dev", "node_id": "model.job_market_pipeline.stg_job_postings"} */
drop view if exists "job_pipeline"."public_staging"."stg_job_postings__dbt_backup" cascade
[0m14:39:59.845099 [debug] [Thread-1  ]: SQL status: DROP VIEW in 0.004 seconds
[0m14:39:59.846854 [debug] [Thread-1  ]: On model.job_market_pipeline.stg_job_postings: Close
[0m14:39:59.848007 [debug] [Thread-1  ]: Sending event: {'category': 'dbt', 'action': 'run_model', 'label': 'fb13de6c-bdba-44f0-907d-681d3841fe52', 'context': [<snowplow_tracker.self_describing_json.SelfDescribingJson object at 0x7fe7e8c6d100>]}
[0m14:39:59.848523 [info ] [Thread-1  ]: 1 of 3 OK created sql view model public_staging.stg_job_postings ............... [[32mCREATE VIEW[0m in 0.14s]
[0m14:39:59.848999 [debug] [Thread-1  ]: Finished running node model.job_market_pipeline.stg_job_postings
[0m14:39:59.849819 [debug] [Thread-3  ]: Began running node model.job_market_pipeline.int_job_skills_exploded
[0m14:39:59.850213 [info ] [Thread-3  ]: 2 of 3 START sql table model public.int_job_skills_exploded .................... [RUN]
[0m14:39:59.850574 [debug] [Thread-3  ]: Re-using an available connection from the pool (formerly list_job_pipeline, now model.job_market_pipeline.int_job_skills_exploded)
[0m14:39:59.850877 [debug] [Thread-3  ]: Began compiling node model.job_market_pipeline.int_job_skills_exploded
[0m14:39:59.854965 [debug] [Thread-3  ]: Writing injected SQL for node "model.job_market_pipeline.int_job_skills_exploded"
[0m14:39:59.855869 [debug] [Thread-3  ]: Began executing node model.job_market_pipeline.int_job_skills_exploded
[0m14:39:59.874708 [debug] [Thread-3  ]: Writing runtime sql for node "model.job_market_pipeline.int_job_skills_exploded"
[0m14:39:59.875401 [debug] [Thread-3  ]: Using postgres connection "model.job_market_pipeline.int_job_skills_exploded"
[0m14:39:59.875726 [debug] [Thread-3  ]: On model.job_market_pipeline.int_job_skills_exploded: BEGIN
[0m14:39:59.876012 [debug] [Thread-3  ]: Opening a new connection, currently in state closed
[0m14:39:59.891366 [debug] [Thread-3  ]: SQL status: BEGIN in 0.015 seconds
[0m14:39:59.891715 [debug] [Thread-3  ]: Using postgres connection "model.job_market_pipeline.int_job_skills_exploded"
[0m14:39:59.892074 [debug] [Thread-3  ]: On model.job_market_pipeline.int_job_skills_exploded: /* {"app": "dbt", "dbt_version": "1.9.0b2", "profile_name": "job_market_pipeline", "target_name": "dev", "node_id": "model.job_market_pipeline.int_job_skills_exploded"} */

  
    

  create  table "job_pipeline"."public"."int_job_skills_exploded__dbt_tmp"
  
  
    as
  
  (
    

WITH staging_data AS (
    SELECT 
        job_id,
        job_title,
        skills_raw
    FROM "job_pipeline"."public_staging"."stg_job_postings"
    -- Filter out any rows that have no skills listed
    WHERE skills_raw IS NOT NULL
),



SELECT
    -- Generate a unique Surrogate Key for every Job-Skill pair
    md5(cast(coalesce(cast(job_id as TEXT), '_dbt_utils_surrogate_key_null_') || '-' || coalesce(cast(skill_name as TEXT), '_dbt_utils_surrogate_key_null_') as TEXT)) AS sk_id,
    job_id,
    -- Split comma-separated string into individual rows
    TRIM(UNNEST(STRING_TO_ARRAY(skills, ','))) AS skill_name
FROM "job_pipeline"."public_staging"."stg_job_postings"
WHERE skills IS NOT NULL AND skills != ''
  );
  
[0m14:39:59.893303 [debug] [Thread-3  ]: Postgres adapter: Postgres error: syntax error at or near "SELECT"
LINE 26: SELECT
         ^

[0m14:39:59.893609 [debug] [Thread-3  ]: On model.job_market_pipeline.int_job_skills_exploded: ROLLBACK
[0m14:39:59.894237 [debug] [Thread-3  ]: On model.job_market_pipeline.int_job_skills_exploded: Close
[0m14:39:59.899730 [debug] [Thread-3  ]: Database Error in model int_job_skills_exploded (models/intermediate/int_job_skills_exploded.sql)
  syntax error at or near "SELECT"
  LINE 26: SELECT
           ^
  compiled code at target/run/job_market_pipeline/models/intermediate/int_job_skills_exploded.sql
[0m14:39:59.900125 [debug] [Thread-3  ]: Sending event: {'category': 'dbt', 'action': 'run_model', 'label': 'fb13de6c-bdba-44f0-907d-681d3841fe52', 'context': [<snowplow_tracker.self_describing_json.SelfDescribingJson object at 0x7fe7e89ee670>]}
[0m14:39:59.900647 [error] [Thread-3  ]: 2 of 3 ERROR creating sql table model public.int_job_skills_exploded ........... [[31mERROR[0m in 0.05s]
[0m14:39:59.901145 [debug] [Thread-3  ]: Finished running node model.job_market_pipeline.int_job_skills_exploded
[0m14:39:59.901571 [debug] [Thread-7  ]: Marking all children of 'model.job_market_pipeline.int_job_skills_exploded' to be skipped because of status 'error'.  Reason: Database Error in model int_job_skills_exploded (models/intermediate/int_job_skills_exploded.sql)
  syntax error at or near "SELECT"
  LINE 26: SELECT
           ^
  compiled code at target/run/job_market_pipeline/models/intermediate/int_job_skills_exploded.sql.
[0m14:39:59.902110 [debug] [Thread-2  ]: Began running node model.job_market_pipeline.mart_job_market_insights
[0m14:39:59.902497 [info ] [Thread-2  ]: 3 of 3 SKIP relation public_marts.mart_job_market_insights ..................... [[33mSKIP[0m]
[0m14:39:59.902959 [debug] [Thread-2  ]: Finished running node model.job_market_pipeline.mart_job_market_insights
[0m14:39:59.903728 [debug] [MainThread]: Using postgres connection "master"
[0m14:39:59.903995 [debug] [MainThread]: On master: BEGIN
[0m14:39:59.904230 [debug] [MainThread]: Opening a new connection, currently in state closed
[0m14:39:59.917966 [debug] [MainThread]: SQL status: BEGIN in 0.014 seconds
[0m14:39:59.918339 [debug] [MainThread]: On master: COMMIT
[0m14:39:59.918594 [debug] [MainThread]: Using postgres connection "master"
[0m14:39:59.918831 [debug] [MainThread]: On master: COMMIT
[0m14:39:59.919420 [debug] [MainThread]: SQL status: COMMIT in 0.000 seconds
[0m14:39:59.919702 [debug] [MainThread]: On master: Close
[0m14:39:59.920055 [debug] [MainThread]: Connection 'master' was properly closed.
[0m14:39:59.920295 [debug] [MainThread]: Connection 'model.job_market_pipeline.stg_job_postings' was properly closed.
[0m14:39:59.920519 [debug] [MainThread]: Connection 'list_job_pipeline_public_staging' was properly closed.
[0m14:39:59.920737 [debug] [MainThread]: Connection 'model.job_market_pipeline.int_job_skills_exploded' was properly closed.
[0m14:39:59.920952 [debug] [MainThread]: Connection 'list_job_pipeline_public' was properly closed.
[0m14:39:59.921252 [info ] [MainThread]: 
[0m14:39:59.921534 [info ] [MainThread]: Finished running 2 table models, 1 view model in 0 hours 0 minutes and 0.75 seconds (0.75s).
[0m14:39:59.922277 [debug] [MainThread]: Command end result
[0m14:39:59.950738 [info ] [MainThread]: 
[0m14:39:59.951171 [info ] [MainThread]: [31mCompleted with 1 error, 0 partial successs, and 0 warnings:[0m
[0m14:39:59.951457 [info ] [MainThread]: 
[0m14:39:59.951789 [error] [MainThread]:   Database Error in model int_job_skills_exploded (models/intermediate/int_job_skills_exploded.sql)
  syntax error at or near "SELECT"
  LINE 26: SELECT
           ^
  compiled code at target/run/job_market_pipeline/models/intermediate/int_job_skills_exploded.sql
[0m14:39:59.952063 [info ] [MainThread]: 
[0m14:39:59.952342 [info ] [MainThread]: Done. PASS=1 WARN=0 ERROR=1 SKIP=1 TOTAL=3
[0m14:39:59.955702 [debug] [MainThread]: Resource report: {"command_name": "run", "command_wall_clock_time": 1.7942547, "process_user_time": 1.916473, "process_kernel_time": 0.652298, "process_mem_max_rss": "117628928", "command_success": false, "process_in_blocks": "0", "process_out_blocks": "0"}
[0m14:39:59.956185 [debug] [MainThread]: Command `dbt run` failed at 14:39:59.956077 after 1.79 seconds
[0m14:39:59.956560 [debug] [MainThread]: Sending event: {'category': 'dbt', 'action': 'invocation', 'label': 'end', 'context': [<snowplow_tracker.self_describing_json.SelfDescribingJson object at 0x7fe808d81e20>, <snowplow_tracker.self_describing_json.SelfDescribingJson object at 0x7fe808dbb640>, <snowplow_tracker.self_describing_json.SelfDescribingJson object at 0x7fe7d81b6340>]}
[0m14:39:59.956901 [debug] [MainThread]: Flushing usage events
[0m14:40:00.199963 [debug] [MainThread]: An error was encountered while trying to flush usage events
[0m14:42:39.557050 [debug] [MainThread]: Sending event: {'category': 'dbt', 'action': 'invocation', 'label': 'start', 'context': [<snowplow_tracker.self_describing_json.SelfDescribingJson object at 0x7fd189c91e50>, <snowplow_tracker.self_describing_json.SelfDescribingJson object at 0x7fd18a57c6a0>, <snowplow_tracker.self_describing_json.SelfDescribingJson object at 0x7fd18a5e8880>]}


============================== 14:42:39.562452 | a0b74e69-7f53-405d-9598-e020fbcc80b3 ==============================
[0m14:42:39.562452 [info ] [MainThread]: Running with dbt=1.9.0-b2
[0m14:42:39.563018 [debug] [MainThread]: running dbt with arguments {'printer_width': '80', 'indirect_selection': 'eager', 'log_cache_events': 'False', 'write_json': 'True', 'partial_parse': 'True', 'cache_selected_only': 'False', 'warn_error': 'None', 'fail_fast': 'False', 'version_check': 'True', 'log_path': '/Users/lbaba/job_market_pipeline/dbt_project/logs', 'debug': 'False', 'profiles_dir': '.', 'use_colors': 'True', 'use_experimental_parser': 'False', 'empty': 'False', 'quiet': 'False', 'no_print': 'None', 'warn_error_options': 'WarnErrorOptions(include=[], exclude=[])', 'static_parser': 'True', 'invocation_command': 'dbt run --select int_job_skills_exploded --profiles-dir .', 'log_format': 'default', 'target_path': 'None', 'introspect': 'True', 'send_anonymous_usage_stats': 'True'}
[0m14:42:39.744035 [debug] [MainThread]: Sending event: {'category': 'dbt', 'action': 'project_id', 'label': 'a0b74e69-7f53-405d-9598-e020fbcc80b3', 'context': [<snowplow_tracker.self_describing_json.SelfDescribingJson object at 0x7fd188ff9ca0>]}
[0m14:42:39.789296 [debug] [MainThread]: Sending event: {'category': 'dbt', 'action': 'adapter_info', 'label': 'a0b74e69-7f53-405d-9598-e020fbcc80b3', 'context': [<snowplow_tracker.self_describing_json.SelfDescribingJson object at 0x7fd189042700>]}
[0m14:42:39.790136 [info ] [MainThread]: Registered adapter: postgres=1.8.2
[0m14:42:39.818119 [debug] [MainThread]: checksum: 4cfbbe2a671212f062e88a43cba5322b30b7e3e8e91b953aa4de249eeaade60f, vars: {}, profile: , target: , version: 1.9.0b2
[0m14:42:39.957786 [debug] [MainThread]: Partial parsing enabled: 0 files deleted, 0 files added, 0 files changed.
[0m14:42:39.958184 [debug] [MainThread]: Partial parsing enabled, no changes found, skipping parsing
[0m14:42:39.990313 [debug] [MainThread]: Sending event: {'category': 'dbt', 'action': 'load_project', 'label': 'a0b74e69-7f53-405d-9598-e020fbcc80b3', 'context': [<snowplow_tracker.self_describing_json.SelfDescribingJson object at 0x7fd178601880>]}
[0m14:42:40.082302 [debug] [MainThread]: Sending event: {'category': 'dbt', 'action': 'resource_counts', 'label': 'a0b74e69-7f53-405d-9598-e020fbcc80b3', 'context': [<snowplow_tracker.self_describing_json.SelfDescribingJson object at 0x7fd17855f640>]}
[0m14:42:40.082817 [info ] [MainThread]: Found 3 models, 3 sources, 537 macros
[0m14:42:40.083144 [debug] [MainThread]: Sending event: {'category': 'dbt', 'action': 'runnable_timing', 'label': 'a0b74e69-7f53-405d-9598-e020fbcc80b3', 'context': [<snowplow_tracker.self_describing_json.SelfDescribingJson object at 0x7fd16875dfa0>]}
[0m14:42:40.084151 [info ] [MainThread]: 
[0m14:42:40.084477 [info ] [MainThread]: Concurrency: 4 threads (target='dev')
[0m14:42:40.084738 [info ] [MainThread]: 
[0m14:42:40.085157 [debug] [MainThread]: Acquiring new postgres connection 'master'
[0m14:42:40.085919 [debug] [ThreadPool]: Acquiring new postgres connection 'list_job_pipeline'
[0m14:42:40.136038 [debug] [ThreadPool]: Using postgres connection "list_job_pipeline"
[0m14:42:40.136436 [debug] [ThreadPool]: On list_job_pipeline: /* {"app": "dbt", "dbt_version": "1.9.0b2", "profile_name": "job_market_pipeline", "target_name": "dev", "connection_name": "list_job_pipeline"} */

    select distinct nspname from pg_namespace
  
[0m14:42:40.136714 [debug] [ThreadPool]: Opening a new connection, currently in state init
[0m14:42:40.434311 [debug] [ThreadPool]: SQL status: SELECT 9 in 0.297 seconds
[0m14:42:40.435487 [debug] [ThreadPool]: On list_job_pipeline: Close
[0m14:42:40.436506 [debug] [ThreadPool]: Acquiring new postgres connection 'list_job_pipeline_public'
[0m14:42:40.441731 [debug] [ThreadPool]: Using postgres connection "list_job_pipeline_public"
[0m14:42:40.442053 [debug] [ThreadPool]: On list_job_pipeline_public: BEGIN
[0m14:42:40.442311 [debug] [ThreadPool]: Opening a new connection, currently in state init
[0m14:42:40.442872 [debug] [ThreadPool]: Re-using an available connection from the pool (formerly list_job_pipeline, now list_job_pipeline_public_staging)
[0m14:42:40.443360 [debug] [ThreadPool]: Acquiring new postgres connection 'list_job_pipeline_public_marts'
[0m14:42:40.445363 [debug] [ThreadPool]: Using postgres connection "list_job_pipeline_public_staging"
[0m14:42:40.447284 [debug] [ThreadPool]: Using postgres connection "list_job_pipeline_public_marts"
[0m14:42:40.447604 [debug] [ThreadPool]: On list_job_pipeline_public_staging: BEGIN
[0m14:42:40.447872 [debug] [ThreadPool]: On list_job_pipeline_public_marts: BEGIN
[0m14:42:40.448125 [debug] [ThreadPool]: Opening a new connection, currently in state closed
[0m14:42:40.448371 [debug] [ThreadPool]: Opening a new connection, currently in state init
[0m14:42:40.456210 [debug] [ThreadPool]: SQL status: BEGIN in 0.014 seconds
[0m14:42:40.456507 [debug] [ThreadPool]: Using postgres connection "list_job_pipeline_public"
[0m14:42:40.456793 [debug] [ThreadPool]: On list_job_pipeline_public: /* {"app": "dbt", "dbt_version": "1.9.0b2", "profile_name": "job_market_pipeline", "target_name": "dev", "connection_name": "list_job_pipeline_public"} */
select
      'job_pipeline' as database,
      tablename as name,
      schemaname as schema,
      'table' as type
    from pg_tables
    where schemaname ilike 'public'
    union all
    select
      'job_pipeline' as database,
      viewname as name,
      schemaname as schema,
      'view' as type
    from pg_views
    where schemaname ilike 'public'
    union all
    select
      'job_pipeline' as database,
      matviewname as name,
      schemaname as schema,
      'materialized_view' as type
    from pg_matviews
    where schemaname ilike 'public'
  
[0m14:42:40.464956 [debug] [ThreadPool]: SQL status: BEGIN in 0.017 seconds
[0m14:42:40.465260 [debug] [ThreadPool]: Using postgres connection "list_job_pipeline_public_staging"
[0m14:42:40.465555 [debug] [ThreadPool]: On list_job_pipeline_public_staging: /* {"app": "dbt", "dbt_version": "1.9.0b2", "profile_name": "job_market_pipeline", "target_name": "dev", "connection_name": "list_job_pipeline_public_staging"} */
select
      'job_pipeline' as database,
      tablename as name,
      schemaname as schema,
      'table' as type
    from pg_tables
    where schemaname ilike 'public_staging'
    union all
    select
      'job_pipeline' as database,
      viewname as name,
      schemaname as schema,
      'view' as type
    from pg_views
    where schemaname ilike 'public_staging'
    union all
    select
      'job_pipeline' as database,
      matviewname as name,
      schemaname as schema,
      'materialized_view' as type
    from pg_matviews
    where schemaname ilike 'public_staging'
  
[0m14:42:40.465874 [debug] [ThreadPool]: SQL status: BEGIN in 0.017 seconds
[0m14:42:40.466114 [debug] [ThreadPool]: Using postgres connection "list_job_pipeline_public_marts"
[0m14:42:40.466380 [debug] [ThreadPool]: On list_job_pipeline_public_marts: /* {"app": "dbt", "dbt_version": "1.9.0b2", "profile_name": "job_market_pipeline", "target_name": "dev", "connection_name": "list_job_pipeline_public_marts"} */
select
      'job_pipeline' as database,
      tablename as name,
      schemaname as schema,
      'table' as type
    from pg_tables
    where schemaname ilike 'public_marts'
    union all
    select
      'job_pipeline' as database,
      viewname as name,
      schemaname as schema,
      'view' as type
    from pg_views
    where schemaname ilike 'public_marts'
    union all
    select
      'job_pipeline' as database,
      matviewname as name,
      schemaname as schema,
      'materialized_view' as type
    from pg_matviews
    where schemaname ilike 'public_marts'
  
[0m14:42:40.472791 [debug] [ThreadPool]: SQL status: SELECT 1 in 0.016 seconds
[0m14:42:40.473729 [debug] [ThreadPool]: On list_job_pipeline_public: ROLLBACK
[0m14:42:40.474024 [debug] [ThreadPool]: SQL status: SELECT 1 in 0.007 seconds
[0m14:42:40.474849 [debug] [ThreadPool]: On list_job_pipeline_public_marts: ROLLBACK
[0m14:42:40.475157 [debug] [ThreadPool]: SQL status: SELECT 1 in 0.009 seconds
[0m14:42:40.475942 [debug] [ThreadPool]: On list_job_pipeline_public_staging: ROLLBACK
[0m14:42:40.476237 [debug] [ThreadPool]: On list_job_pipeline_public: Close
[0m14:42:40.476506 [debug] [ThreadPool]: On list_job_pipeline_public_marts: Close
[0m14:42:40.476801 [debug] [ThreadPool]: On list_job_pipeline_public_staging: Close
[0m14:42:40.481423 [debug] [MainThread]: Using postgres connection "master"
[0m14:42:40.481725 [debug] [MainThread]: On master: BEGIN
[0m14:42:40.481975 [debug] [MainThread]: Opening a new connection, currently in state init
[0m14:42:40.497072 [debug] [MainThread]: SQL status: BEGIN in 0.015 seconds
[0m14:42:40.497348 [debug] [MainThread]: Using postgres connection "master"
[0m14:42:40.497687 [debug] [MainThread]: On master: /* {"app": "dbt", "dbt_version": "1.9.0b2", "profile_name": "job_market_pipeline", "target_name": "dev", "connection_name": "master"} */
with relation as (
        select
            pg_rewrite.ev_class as class,
            pg_rewrite.oid as id
        from pg_rewrite
    ),
    class as (
        select
            oid as id,
            relname as name,
            relnamespace as schema,
            relkind as kind
        from pg_class
    ),
    dependency as (
        select distinct
            pg_depend.objid as id,
            pg_depend.refobjid as ref
        from pg_depend
    ),
    schema as (
        select
            pg_namespace.oid as id,
            pg_namespace.nspname as name
        from pg_namespace
        where nspname != 'information_schema' and nspname not like 'pg\_%'
    ),
    referenced as (
        select
            relation.id AS id,
            referenced_class.name ,
            referenced_class.schema ,
            referenced_class.kind
        from relation
        join class as referenced_class on relation.class=referenced_class.id
        where referenced_class.kind in ('r', 'v', 'm')
    ),
    relationships as (
        select
            referenced.name as referenced_name,
            referenced.schema as referenced_schema_id,
            dependent_class.name as dependent_name,
            dependent_class.schema as dependent_schema_id,
            referenced.kind as kind
        from referenced
        join dependency on referenced.id=dependency.id
        join class as dependent_class on dependency.ref=dependent_class.id
        where
            (referenced.name != dependent_class.name or
             referenced.schema != dependent_class.schema)
    )

    select
        referenced_schema.name as referenced_schema,
        relationships.referenced_name as referenced_name,
        dependent_schema.name as dependent_schema,
        relationships.dependent_name as dependent_name
    from relationships
    join schema as dependent_schema on relationships.dependent_schema_id=dependent_schema.id
    join schema as referenced_schema on relationships.referenced_schema_id=referenced_schema.id
    group by referenced_schema, referenced_name, dependent_schema, dependent_name
    order by referenced_schema, referenced_name, dependent_schema, dependent_name;
[0m14:42:40.508061 [debug] [MainThread]: SQL status: SELECT 1 in 0.010 seconds
[0m14:42:40.508936 [debug] [MainThread]: Sending event: {'category': 'dbt', 'action': 'runnable_timing', 'label': 'a0b74e69-7f53-405d-9598-e020fbcc80b3', 'context': [<snowplow_tracker.self_describing_json.SelfDescribingJson object at 0x7fd16889cd60>]}
[0m14:42:40.509377 [debug] [MainThread]: On master: ROLLBACK
[0m14:42:40.510306 [debug] [MainThread]: Using postgres connection "master"
[0m14:42:40.510573 [debug] [MainThread]: On master: BEGIN
[0m14:42:40.511620 [debug] [MainThread]: SQL status: BEGIN in 0.001 seconds
[0m14:42:40.511882 [debug] [MainThread]: On master: COMMIT
[0m14:42:40.512124 [debug] [MainThread]: Using postgres connection "master"
[0m14:42:40.512359 [debug] [MainThread]: On master: COMMIT
[0m14:42:40.513332 [debug] [MainThread]: SQL status: COMMIT in 0.001 seconds
[0m14:42:40.513592 [debug] [MainThread]: On master: Close
[0m14:42:40.515683 [debug] [Thread-1  ]: Began running node model.job_market_pipeline.int_job_skills_exploded
[0m14:42:40.516241 [info ] [Thread-1  ]: 1 of 1 START sql table model public.int_job_skills_exploded .................... [RUN]
[0m14:42:40.516625 [debug] [Thread-1  ]: Re-using an available connection from the pool (formerly list_job_pipeline_public_staging, now model.job_market_pipeline.int_job_skills_exploded)
[0m14:42:40.516931 [debug] [Thread-1  ]: Began compiling node model.job_market_pipeline.int_job_skills_exploded
[0m14:42:40.536240 [debug] [Thread-1  ]: Writing injected SQL for node "model.job_market_pipeline.int_job_skills_exploded"
[0m14:42:40.537115 [debug] [Thread-1  ]: Began executing node model.job_market_pipeline.int_job_skills_exploded
[0m14:42:40.570195 [debug] [Thread-1  ]: Writing runtime sql for node "model.job_market_pipeline.int_job_skills_exploded"
[0m14:42:40.570914 [debug] [Thread-1  ]: Using postgres connection "model.job_market_pipeline.int_job_skills_exploded"
[0m14:42:40.571263 [debug] [Thread-1  ]: On model.job_market_pipeline.int_job_skills_exploded: BEGIN
[0m14:42:40.571560 [debug] [Thread-1  ]: Opening a new connection, currently in state closed
[0m14:42:40.586501 [debug] [Thread-1  ]: SQL status: BEGIN in 0.015 seconds
[0m14:42:40.586873 [debug] [Thread-1  ]: Using postgres connection "model.job_market_pipeline.int_job_skills_exploded"
[0m14:42:40.587216 [debug] [Thread-1  ]: On model.job_market_pipeline.int_job_skills_exploded: /* {"app": "dbt", "dbt_version": "1.9.0b2", "profile_name": "job_market_pipeline", "target_name": "dev", "node_id": "model.job_market_pipeline.int_job_skills_exploded"} */

  
    

  create  table "job_pipeline"."public"."int_job_skills_exploded__dbt_tmp"
  
  
    as
  
  (
    

WITH staging_data AS (
    SELECT 
        job_id,
        job_title,
        skills_raw
    FROM "job_pipeline"."public_staging"."stg_job_postings"
    -- Filter out any rows that have no skills listed
    WHERE skills_raw IS NOT NULL
),



SELECT
    -- Generate a unique Surrogate Key for every Job-Skill pair
    md5(cast(coalesce(cast(job_id as TEXT), '_dbt_utils_surrogate_key_null_') || '-' || coalesce(cast(skill_name as TEXT), '_dbt_utils_surrogate_key_null_') as TEXT)) AS sk_id,
    job_id,
    -- Split comma-separated string into individual rows
    TRIM(UNNEST(STRING_TO_ARRAY(skills, ','))) AS skill_name
FROM "job_pipeline"."public_staging"."stg_job_postings"
WHERE skills IS NOT NULL AND skills != ''
  );
  
[0m14:42:40.590766 [debug] [Thread-1  ]: Postgres adapter: Postgres error: syntax error at or near "SELECT"
LINE 26: SELECT
         ^

[0m14:42:40.591110 [debug] [Thread-1  ]: On model.job_market_pipeline.int_job_skills_exploded: ROLLBACK
[0m14:42:40.591811 [debug] [Thread-1  ]: On model.job_market_pipeline.int_job_skills_exploded: Close
[0m14:42:40.598680 [debug] [Thread-1  ]: Database Error in model int_job_skills_exploded (models/intermediate/int_job_skills_exploded.sql)
  syntax error at or near "SELECT"
  LINE 26: SELECT
           ^
  compiled code at target/run/job_market_pipeline/models/intermediate/int_job_skills_exploded.sql
[0m14:42:40.599941 [debug] [Thread-1  ]: Sending event: {'category': 'dbt', 'action': 'run_model', 'label': 'a0b74e69-7f53-405d-9598-e020fbcc80b3', 'context': [<snowplow_tracker.self_describing_json.SelfDescribingJson object at 0x7fd1688a2cd0>]}
[0m14:42:40.600512 [error] [Thread-1  ]: 1 of 1 ERROR creating sql table model public.int_job_skills_exploded ........... [[31mERROR[0m in 0.08s]
[0m14:42:40.601029 [debug] [Thread-1  ]: Finished running node model.job_market_pipeline.int_job_skills_exploded
[0m14:42:40.601502 [debug] [Thread-7  ]: Marking all children of 'model.job_market_pipeline.int_job_skills_exploded' to be skipped because of status 'error'.  Reason: Database Error in model int_job_skills_exploded (models/intermediate/int_job_skills_exploded.sql)
  syntax error at or near "SELECT"
  LINE 26: SELECT
           ^
  compiled code at target/run/job_market_pipeline/models/intermediate/int_job_skills_exploded.sql.
[0m14:42:40.602612 [debug] [MainThread]: Using postgres connection "master"
[0m14:42:40.602893 [debug] [MainThread]: On master: BEGIN
[0m14:42:40.603133 [debug] [MainThread]: Opening a new connection, currently in state closed
[0m14:42:40.616674 [debug] [MainThread]: SQL status: BEGIN in 0.013 seconds
[0m14:42:40.617071 [debug] [MainThread]: On master: COMMIT
[0m14:42:40.617328 [debug] [MainThread]: Using postgres connection "master"
[0m14:42:40.617572 [debug] [MainThread]: On master: COMMIT
[0m14:42:40.618087 [debug] [MainThread]: SQL status: COMMIT in 0.000 seconds
[0m14:42:40.618340 [debug] [MainThread]: On master: Close
[0m14:42:40.618709 [debug] [MainThread]: Connection 'master' was properly closed.
[0m14:42:40.618946 [debug] [MainThread]: Connection 'model.job_market_pipeline.int_job_skills_exploded' was properly closed.
[0m14:42:40.619168 [debug] [MainThread]: Connection 'list_job_pipeline_public' was properly closed.
[0m14:42:40.619385 [debug] [MainThread]: Connection 'list_job_pipeline_public_marts' was properly closed.
[0m14:42:40.619638 [info ] [MainThread]: 
[0m14:42:40.619919 [info ] [MainThread]: Finished running 1 table model in 0 hours 0 minutes and 0.53 seconds (0.53s).
[0m14:42:40.620464 [debug] [MainThread]: Command end result
[0m14:42:40.648399 [info ] [MainThread]: 
[0m14:42:40.648859 [info ] [MainThread]: [31mCompleted with 1 error, 0 partial successs, and 0 warnings:[0m
[0m14:42:40.649151 [info ] [MainThread]: 
[0m14:42:40.649488 [error] [MainThread]:   Database Error in model int_job_skills_exploded (models/intermediate/int_job_skills_exploded.sql)
  syntax error at or near "SELECT"
  LINE 26: SELECT
           ^
  compiled code at target/run/job_market_pipeline/models/intermediate/int_job_skills_exploded.sql
[0m14:42:40.649758 [info ] [MainThread]: 
[0m14:42:40.650039 [info ] [MainThread]: Done. PASS=0 WARN=0 ERROR=1 SKIP=0 TOTAL=1
[0m14:42:40.653488 [debug] [MainThread]: Resource report: {"command_name": "run", "command_wall_clock_time": 1.1960074, "process_user_time": 1.549568, "process_kernel_time": 0.691855, "process_mem_max_rss": "113516544", "command_success": false, "process_in_blocks": "0", "process_out_blocks": "0"}
[0m14:42:40.653912 [debug] [MainThread]: Command `dbt run` failed at 14:42:40.653831 after 1.20 seconds
[0m14:42:40.654284 [debug] [MainThread]: Sending event: {'category': 'dbt', 'action': 'invocation', 'label': 'end', 'context': [<snowplow_tracker.self_describing_json.SelfDescribingJson object at 0x7fd189c91e50>, <snowplow_tracker.self_describing_json.SelfDescribingJson object at 0x7fd1899cdf40>, <snowplow_tracker.self_describing_json.SelfDescribingJson object at 0x7fd178344100>]}
[0m14:42:40.654687 [debug] [MainThread]: Flushing usage events
[0m14:42:43.178586 [debug] [MainThread]: An error was encountered while trying to flush usage events
[0m14:53:25.750663 [debug] [MainThread]: Sending event: {'category': 'dbt', 'action': 'invocation', 'label': 'start', 'context': [<snowplow_tracker.self_describing_json.SelfDescribingJson object at 0x7fa528a79eb0>, <snowplow_tracker.self_describing_json.SelfDescribingJson object at 0x7fa539c0c3d0>, <snowplow_tracker.self_describing_json.SelfDescribingJson object at 0x7fa539c656d0>]}


============================== 14:53:25.755981 | 30580473-b56e-49fe-87ae-0f32c1d41d3f ==============================
[0m14:53:25.755981 [info ] [MainThread]: Running with dbt=1.9.0-b2
[0m14:53:25.756508 [debug] [MainThread]: running dbt with arguments {'printer_width': '80', 'indirect_selection': 'eager', 'log_cache_events': 'False', 'write_json': 'True', 'partial_parse': 'True', 'cache_selected_only': 'False', 'warn_error': 'None', 'fail_fast': 'False', 'debug': 'False', 'log_path': '/Users/lbaba/job_market_pipeline/dbt_project/logs', 'version_check': 'True', 'profiles_dir': '/Users/lbaba/job_market_pipeline/dbt_project', 'use_colors': 'True', 'use_experimental_parser': 'False', 'no_print': 'None', 'quiet': 'False', 'empty': 'None', 'log_format': 'default', 'static_parser': 'True', 'invocation_command': 'dbt clean', 'warn_error_options': 'WarnErrorOptions(include=[], exclude=[])', 'target_path': 'None', 'introspect': 'True', 'send_anonymous_usage_stats': 'True'}
[0m14:53:25.863351 [debug] [MainThread]: Sending event: {'category': 'dbt', 'action': 'project_id', 'label': '30580473-b56e-49fe-87ae-0f32c1d41d3f', 'context': [<snowplow_tracker.self_describing_json.SelfDescribingJson object at 0x7fa538d46fa0>]}
[0m14:53:25.925767 [debug] [MainThread]: Resource report: {"command_name": "clean", "command_success": true, "command_wall_clock_time": 0.27083984, "process_user_time": 1.034009, "process_kernel_time": 0.559432, "process_mem_max_rss": "92635136", "process_in_blocks": "0", "process_out_blocks": "0"}
[0m14:53:25.926549 [debug] [MainThread]: Command `dbt clean` succeeded at 14:53:25.926269 after 0.27 seconds
[0m14:53:25.927172 [debug] [MainThread]: Sending event: {'category': 'dbt', 'action': 'invocation', 'label': 'end', 'context': [<snowplow_tracker.self_describing_json.SelfDescribingJson object at 0x7fa528a79eb0>, <snowplow_tracker.self_describing_json.SelfDescribingJson object at 0x7fa538d46fa0>, <snowplow_tracker.self_describing_json.SelfDescribingJson object at 0x7fa539949ee0>]}
[0m14:53:25.927638 [debug] [MainThread]: Flushing usage events
[0m14:53:26.458484 [debug] [MainThread]: An error was encountered while trying to flush usage events
[0m14:53:27.760637 [debug] [MainThread]: Sending event: {'category': 'dbt', 'action': 'invocation', 'label': 'start', 'context': [<snowplow_tracker.self_describing_json.SelfDescribingJson object at 0x7fb530499e80>, <snowplow_tracker.self_describing_json.SelfDescribingJson object at 0x7fb5309382e0>, <snowplow_tracker.self_describing_json.SelfDescribingJson object at 0x7fb5610f88b0>]}


============================== 14:53:27.764756 | d21d473e-a56f-4461-b4fa-f6a99eea20d7 ==============================
[0m14:53:27.764756 [info ] [MainThread]: Running with dbt=1.9.0-b2
[0m14:53:27.765291 [debug] [MainThread]: running dbt with arguments {'printer_width': '80', 'indirect_selection': 'eager', 'log_cache_events': 'False', 'write_json': 'True', 'partial_parse': 'True', 'cache_selected_only': 'False', 'profiles_dir': '/Users/lbaba/job_market_pipeline/dbt_project', 'debug': 'False', 'version_check': 'True', 'log_path': '/Users/lbaba/job_market_pipeline/dbt_project/logs', 'warn_error': 'None', 'fail_fast': 'False', 'use_colors': 'True', 'use_experimental_parser': 'False', 'no_print': 'None', 'quiet': 'False', 'empty': 'False', 'log_format': 'default', 'invocation_command': 'dbt run --select stg_job_postings int_job_skills_exploded', 'introspect': 'True', 'warn_error_options': 'WarnErrorOptions(include=[], exclude=[])', 'target_path': 'None', 'static_parser': 'True', 'send_anonymous_usage_stats': 'True'}
[0m14:53:27.934013 [debug] [MainThread]: Sending event: {'category': 'dbt', 'action': 'project_id', 'label': 'd21d473e-a56f-4461-b4fa-f6a99eea20d7', 'context': [<snowplow_tracker.self_describing_json.SelfDescribingJson object at 0x7fb530c76640>]}
[0m14:53:27.978826 [debug] [MainThread]: Sending event: {'category': 'dbt', 'action': 'adapter_info', 'label': 'd21d473e-a56f-4461-b4fa-f6a99eea20d7', 'context': [<snowplow_tracker.self_describing_json.SelfDescribingJson object at 0x7fb530c2c430>]}
[0m14:53:27.979797 [info ] [MainThread]: Registered adapter: postgres=1.8.2
[0m14:53:27.993039 [error] [MainThread]: Encountered an error:
Compilation Error
  dbt found 1 package(s) specified in packages.yml, but only 0 package(s) installed in dbt_packages. Run "dbt deps" to install package dependencies.
[0m14:53:27.996683 [debug] [MainThread]: Resource report: {"command_name": "run", "command_wall_clock_time": 0.32757705, "process_user_time": 1.121688, "process_kernel_time": 0.15644, "process_mem_max_rss": "99844096", "command_success": false, "process_in_blocks": "0", "process_out_blocks": "0"}
[0m14:53:27.997415 [debug] [MainThread]: Command `dbt run` failed at 14:53:27.997145 after 0.33 seconds
[0m14:53:27.997945 [debug] [MainThread]: Sending event: {'category': 'dbt', 'action': 'invocation', 'label': 'end', 'context': [<snowplow_tracker.self_describing_json.SelfDescribingJson object at 0x7fb530499e80>, <snowplow_tracker.self_describing_json.SelfDescribingJson object at 0x7fb580cf1b50>, <snowplow_tracker.self_describing_json.SelfDescribingJson object at 0x7fb530917280>]}
[0m14:53:27.998434 [debug] [MainThread]: Flushing usage events
[0m14:53:28.201164 [debug] [MainThread]: An error was encountered while trying to flush usage events
[0m14:53:57.718153 [debug] [MainThread]: Sending event: {'category': 'dbt', 'action': 'invocation', 'label': 'start', 'context': [<snowplow_tracker.self_describing_json.SelfDescribingJson object at 0x7f82810a1e80>, <snowplow_tracker.self_describing_json.SelfDescribingJson object at 0x7f828188eb50>, <snowplow_tracker.self_describing_json.SelfDescribingJson object at 0x7f82818a5430>]}


============================== 14:53:57.723225 | 7d6ad5eb-1347-4ec3-832b-850ed3b031c0 ==============================
[0m14:53:57.723225 [info ] [MainThread]: Running with dbt=1.9.0-b2
[0m14:53:57.723798 [debug] [MainThread]: running dbt with arguments {'printer_width': '80', 'indirect_selection': 'eager', 'write_json': 'True', 'log_cache_events': 'False', 'partial_parse': 'True', 'cache_selected_only': 'False', 'warn_error': 'None', 'version_check': 'True', 'profiles_dir': '/Users/lbaba/job_market_pipeline/dbt_project', 'log_path': '/Users/lbaba/job_market_pipeline/dbt_project/logs', 'fail_fast': 'False', 'debug': 'False', 'use_colors': 'True', 'use_experimental_parser': 'False', 'no_print': 'None', 'quiet': 'False', 'empty': 'None', 'log_format': 'default', 'introspect': 'True', 'static_parser': 'True', 'invocation_command': 'dbt deps', 'target_path': 'None', 'warn_error_options': 'WarnErrorOptions(include=[], exclude=[])', 'send_anonymous_usage_stats': 'True'}
[0m14:53:57.819135 [debug] [MainThread]: Sending event: {'category': 'dbt', 'action': 'project_id', 'label': '7d6ad5eb-1347-4ec3-832b-850ed3b031c0', 'context': [<snowplow_tracker.self_describing_json.SelfDescribingJson object at 0x7f8280a9ee80>]}
[0m14:53:57.839458 [debug] [MainThread]: Set downloads directory='/var/folders/bw/8q0mpdln5pz7n5zwj5j1_7jr0000gn/T/dbt-downloads-1is294cu'
[0m14:53:57.839860 [debug] [MainThread]: Making package index registry request: GET https://hub.getdbt.com/api/v1/index.json
[0m14:53:58.224810 [debug] [MainThread]: Response from registry index: GET https://hub.getdbt.com/api/v1/index.json 200
[0m14:53:58.225516 [debug] [MainThread]: Making package registry request: GET https://hub.getdbt.com/api/v1/dbt-labs/dbt_utils.json
[0m14:53:58.302314 [debug] [MainThread]: Response from registry: GET https://hub.getdbt.com/api/v1/dbt-labs/dbt_utils.json 200
[0m14:53:58.311536 [info ] [MainThread]: Installing dbt-labs/dbt_utils
[0m14:53:58.934715 [info ] [MainThread]: Installed from version 1.1.1
[0m14:53:58.935142 [info ] [MainThread]: Updated version available: 1.3.3
[0m14:53:58.935480 [debug] [MainThread]: Sending event: {'category': 'dbt', 'action': 'package', 'label': '7d6ad5eb-1347-4ec3-832b-850ed3b031c0', 'property_': 'install', 'context': [<snowplow_tracker.self_describing_json.SelfDescribingJson object at 0x7f826806da30>, <snowplow_tracker.self_describing_json.SelfDescribingJson object at 0x7f8281c2ebe0>]}
[0m14:53:58.935860 [info ] [MainThread]: 
[0m14:53:58.936146 [info ] [MainThread]: Updates available for packages: ['dbt-labs/dbt_utils']                 
Update your versions in packages.yml, then run dbt deps
[0m14:53:58.939911 [debug] [MainThread]: Resource report: {"command_name": "deps", "command_success": true, "command_wall_clock_time": 1.3100604, "process_user_time": 1.121715, "process_kernel_time": 0.200013, "process_mem_max_rss": "99684352", "process_in_blocks": "0", "process_out_blocks": "0"}
[0m14:53:58.940519 [debug] [MainThread]: Command `dbt deps` succeeded at 14:53:58.940236 after 1.31 seconds
[0m14:53:58.941009 [debug] [MainThread]: Sending event: {'category': 'dbt', 'action': 'invocation', 'label': 'end', 'context': [<snowplow_tracker.self_describing_json.SelfDescribingJson object at 0x7f82810a1e80>, <snowplow_tracker.self_describing_json.SelfDescribingJson object at 0x7f8260396520>, <snowplow_tracker.self_describing_json.SelfDescribingJson object at 0x7f8281943790>]}
[0m14:53:58.941444 [debug] [MainThread]: Flushing usage events
[0m14:53:59.117326 [debug] [MainThread]: An error was encountered while trying to flush usage events
[0m14:54:45.446166 [debug] [MainThread]: Sending event: {'category': 'dbt', 'action': 'invocation', 'label': 'start', 'context': [<snowplow_tracker.self_describing_json.SelfDescribingJson object at 0x7fb4a1cf9e20>, <snowplow_tracker.self_describing_json.SelfDescribingJson object at 0x7fb4a26c9e50>, <snowplow_tracker.self_describing_json.SelfDescribingJson object at 0x7fb4a26cb580>]}


============================== 14:54:45.451349 | 760a5882-1455-45a9-8747-1cf1325f33e7 ==============================
[0m14:54:45.451349 [info ] [MainThread]: Running with dbt=1.9.0-b2
[0m14:54:45.451863 [debug] [MainThread]: running dbt with arguments {'printer_width': '80', 'indirect_selection': 'eager', 'write_json': 'True', 'log_cache_events': 'False', 'partial_parse': 'True', 'cache_selected_only': 'False', 'profiles_dir': '/Users/lbaba/job_market_pipeline/dbt_project', 'version_check': 'True', 'fail_fast': 'False', 'log_path': '/Users/lbaba/job_market_pipeline/dbt_project/logs', 'warn_error': 'None', 'debug': 'False', 'use_colors': 'True', 'use_experimental_parser': 'False', 'empty': 'None', 'quiet': 'False', 'no_print': 'None', 'warn_error_options': 'WarnErrorOptions(include=[], exclude=[])', 'invocation_command': 'dbt deps', 'log_format': 'default', 'static_parser': 'True', 'target_path': 'None', 'introspect': 'True', 'send_anonymous_usage_stats': 'True'}
[0m14:54:45.554965 [debug] [MainThread]: Sending event: {'category': 'dbt', 'action': 'project_id', 'label': '760a5882-1455-45a9-8747-1cf1325f33e7', 'context': [<snowplow_tracker.self_describing_json.SelfDescribingJson object at 0x7fb4a254cac0>]}
[0m14:54:45.597277 [debug] [MainThread]: Set downloads directory='/var/folders/bw/8q0mpdln5pz7n5zwj5j1_7jr0000gn/T/dbt-downloads-9h7n79__'
[0m14:54:45.597708 [debug] [MainThread]: Making package index registry request: GET https://hub.getdbt.com/api/v1/index.json
[0m14:54:45.717114 [debug] [MainThread]: Response from registry index: GET https://hub.getdbt.com/api/v1/index.json 200
[0m14:54:45.717725 [debug] [MainThread]: Making package registry request: GET https://hub.getdbt.com/api/v1/dbt-labs/dbt_utils.json
[0m14:54:45.792318 [debug] [MainThread]: Response from registry: GET https://hub.getdbt.com/api/v1/dbt-labs/dbt_utils.json 200
[0m14:54:45.797201 [info ] [MainThread]: Installing dbt-labs/dbt_utils
[0m14:54:46.106869 [info ] [MainThread]: Installed from version 1.1.1
[0m14:54:46.107292 [info ] [MainThread]: Updated version available: 1.3.3
[0m14:54:46.107624 [debug] [MainThread]: Sending event: {'category': 'dbt', 'action': 'package', 'label': '760a5882-1455-45a9-8747-1cf1325f33e7', 'property_': 'install', 'context': [<snowplow_tracker.self_describing_json.SelfDescribingJson object at 0x7fb470078b80>, <snowplow_tracker.self_describing_json.SelfDescribingJson object at 0x7fb4a27181c0>]}
[0m14:54:46.107996 [info ] [MainThread]: 
[0m14:54:46.108284 [info ] [MainThread]: Updates available for packages: ['dbt-labs/dbt_utils']                 
Update your versions in packages.yml, then run dbt deps
[0m14:54:46.112071 [debug] [MainThread]: Resource report: {"command_name": "deps", "command_success": true, "command_wall_clock_time": 0.7577928, "process_user_time": 1.084879, "process_kernel_time": 0.205401, "process_mem_max_rss": "99901440", "process_in_blocks": "0", "process_out_blocks": "0"}
[0m14:54:46.112601 [debug] [MainThread]: Command `dbt deps` succeeded at 14:54:46.112388 after 0.76 seconds
[0m14:54:46.112929 [debug] [MainThread]: Sending event: {'category': 'dbt', 'action': 'invocation', 'label': 'end', 'context': [<snowplow_tracker.self_describing_json.SelfDescribingJson object at 0x7fb4a1cf9e20>, <snowplow_tracker.self_describing_json.SelfDescribingJson object at 0x7fb470078b80>, <snowplow_tracker.self_describing_json.SelfDescribingJson object at 0x7fb4a26a9610>]}
[0m14:54:46.113249 [debug] [MainThread]: Flushing usage events
[0m14:54:46.461554 [debug] [MainThread]: An error was encountered while trying to flush usage events
[0m14:54:58.517897 [debug] [MainThread]: Sending event: {'category': 'dbt', 'action': 'invocation', 'label': 'start', 'context': [<snowplow_tracker.self_describing_json.SelfDescribingJson object at 0x7fe3997d9dc0>, <snowplow_tracker.self_describing_json.SelfDescribingJson object at 0x7fe39a015e80>, <snowplow_tracker.self_describing_json.SelfDescribingJson object at 0x7fe39a0664c0>]}


============================== 14:54:58.522833 | fd1fbf7e-c035-4693-8a15-d8bd12df452f ==============================
[0m14:54:58.522833 [info ] [MainThread]: Running with dbt=1.9.0-b2
[0m14:54:58.523349 [debug] [MainThread]: running dbt with arguments {'printer_width': '80', 'indirect_selection': 'eager', 'write_json': 'True', 'log_cache_events': 'False', 'partial_parse': 'True', 'cache_selected_only': 'False', 'profiles_dir': '/Users/lbaba/job_market_pipeline/dbt_project', 'version_check': 'True', 'fail_fast': 'False', 'log_path': '/Users/lbaba/job_market_pipeline/dbt_project/logs', 'debug': 'False', 'warn_error': 'None', 'use_colors': 'True', 'use_experimental_parser': 'False', 'no_print': 'None', 'quiet': 'False', 'empty': 'None', 'log_format': 'default', 'introspect': 'True', 'static_parser': 'True', 'invocation_command': 'dbt deps', 'target_path': 'None', 'warn_error_options': 'WarnErrorOptions(include=[], exclude=[])', 'send_anonymous_usage_stats': 'True'}
[0m14:54:58.619810 [debug] [MainThread]: Sending event: {'category': 'dbt', 'action': 'project_id', 'label': 'fd1fbf7e-c035-4693-8a15-d8bd12df452f', 'context': [<snowplow_tracker.self_describing_json.SelfDescribingJson object at 0x7fe39a03a760>]}
[0m14:54:58.637696 [debug] [MainThread]: Set downloads directory='/var/folders/bw/8q0mpdln5pz7n5zwj5j1_7jr0000gn/T/dbt-downloads-1sh_g_wf'
[0m14:54:58.638140 [debug] [MainThread]: Making package index registry request: GET https://hub.getdbt.com/api/v1/index.json
[0m14:54:58.747560 [debug] [MainThread]: Response from registry index: GET https://hub.getdbt.com/api/v1/index.json 200
[0m14:54:58.748209 [debug] [MainThread]: Making package registry request: GET https://hub.getdbt.com/api/v1/dbt-labs/dbt_utils.json
[0m14:54:58.828033 [debug] [MainThread]: Response from registry: GET https://hub.getdbt.com/api/v1/dbt-labs/dbt_utils.json 200
[0m14:54:58.839765 [info ] [MainThread]: Updating lock file in file path: /Users/lbaba/job_market_pipeline/dbt_project/package-lock.yml
[0m14:54:58.857802 [debug] [MainThread]: Set downloads directory='/var/folders/bw/8q0mpdln5pz7n5zwj5j1_7jr0000gn/T/dbt-downloads-acgtrhxz'
[0m14:54:58.862105 [info ] [MainThread]: Installing dbt-labs/dbt_utils
[0m14:54:59.149313 [info ] [MainThread]: Installed from version 1.3.3
[0m14:54:59.149743 [info ] [MainThread]: Up to date!
[0m14:54:59.150075 [debug] [MainThread]: Sending event: {'category': 'dbt', 'action': 'package', 'label': 'fd1fbf7e-c035-4693-8a15-d8bd12df452f', 'property_': 'install', 'context': [<snowplow_tracker.self_describing_json.SelfDescribingJson object at 0x7fe39a3f71f0>, <snowplow_tracker.self_describing_json.SelfDescribingJson object at 0x7fe39a3f7f10>]}
[0m14:54:59.153831 [debug] [MainThread]: Resource report: {"command_name": "deps", "command_success": true, "command_wall_clock_time": 0.7242199, "process_user_time": 1.105058, "process_kernel_time": 0.376895, "process_mem_max_rss": "99655680", "process_in_blocks": "0", "process_out_blocks": "0"}
[0m14:54:59.154427 [debug] [MainThread]: Command `dbt deps` succeeded at 14:54:59.154202 after 0.73 seconds
[0m14:54:59.154777 [debug] [MainThread]: Sending event: {'category': 'dbt', 'action': 'invocation', 'label': 'end', 'context': [<snowplow_tracker.self_describing_json.SelfDescribingJson object at 0x7fe3997d9dc0>, <snowplow_tracker.self_describing_json.SelfDescribingJson object at 0x7fe3787abd60>, <snowplow_tracker.self_describing_json.SelfDescribingJson object at 0x7fe39a3f70d0>]}
[0m14:54:59.155109 [debug] [MainThread]: Flushing usage events
[0m14:54:59.338366 [debug] [MainThread]: An error was encountered while trying to flush usage events
[0m14:55:29.585099 [debug] [MainThread]: Sending event: {'category': 'dbt', 'action': 'invocation', 'label': 'start', 'context': [<snowplow_tracker.self_describing_json.SelfDescribingJson object at 0x7fb6a1759eb0>, <snowplow_tracker.self_describing_json.SelfDescribingJson object at 0x7fb6b0c15be0>, <snowplow_tracker.self_describing_json.SelfDescribingJson object at 0x7fb6b0c477c0>]}


============================== 14:55:29.590077 | 010137ae-69a8-4853-a80c-935d41892fb8 ==============================
[0m14:55:29.590077 [info ] [MainThread]: Running with dbt=1.9.0-b2
[0m14:55:29.590603 [debug] [MainThread]: running dbt with arguments {'printer_width': '80', 'indirect_selection': 'eager', 'log_cache_events': 'False', 'write_json': 'True', 'partial_parse': 'True', 'cache_selected_only': 'False', 'profiles_dir': '/Users/lbaba/job_market_pipeline/dbt_project', 'debug': 'False', 'version_check': 'True', 'log_path': '/Users/lbaba/job_market_pipeline/dbt_project/logs', 'warn_error': 'None', 'fail_fast': 'False', 'use_colors': 'True', 'use_experimental_parser': 'False', 'empty': 'False', 'quiet': 'False', 'no_print': 'None', 'warn_error_options': 'WarnErrorOptions(include=[], exclude=[])', 'static_parser': 'True', 'log_format': 'default', 'introspect': 'True', 'target_path': 'None', 'invocation_command': 'dbt run', 'send_anonymous_usage_stats': 'True'}
[0m14:55:29.768010 [debug] [MainThread]: Sending event: {'category': 'dbt', 'action': 'project_id', 'label': '010137ae-69a8-4853-a80c-935d41892fb8', 'context': [<snowplow_tracker.self_describing_json.SelfDescribingJson object at 0x7fb6a0c60fa0>]}
[0m14:55:29.813308 [debug] [MainThread]: Sending event: {'category': 'dbt', 'action': 'adapter_info', 'label': '010137ae-69a8-4853-a80c-935d41892fb8', 'context': [<snowplow_tracker.self_describing_json.SelfDescribingJson object at 0x7fb690469f10>]}
[0m14:55:29.814210 [info ] [MainThread]: Registered adapter: postgres=1.8.2
[0m14:55:29.844828 [debug] [MainThread]: checksum: 4cfbbe2a671212f062e88a43cba5322b30b7e3e8e91b953aa4de249eeaade60f, vars: {}, profile: , target: , version: 1.9.0b2
[0m14:55:29.845789 [info ] [MainThread]: Unable to do partial parsing because saved manifest not found. Starting full parse.
[0m14:55:29.846170 [debug] [MainThread]: Sending event: {'category': 'dbt', 'action': 'partial_parser', 'label': '010137ae-69a8-4853-a80c-935d41892fb8', 'context': [<snowplow_tracker.self_describing_json.SelfDescribingJson object at 0x7fb6b0fcc8e0>]}
[0m14:55:31.063538 [debug] [MainThread]: Sending event: {'category': 'dbt', 'action': 'load_project', 'label': '010137ae-69a8-4853-a80c-935d41892fb8', 'context': [<snowplow_tracker.self_describing_json.SelfDescribingJson object at 0x7fb69061db80>]}
[0m14:55:31.151345 [debug] [MainThread]: Sending event: {'category': 'dbt', 'action': 'resource_counts', 'label': '010137ae-69a8-4853-a80c-935d41892fb8', 'context': [<snowplow_tracker.self_describing_json.SelfDescribingJson object at 0x7fb6b10f8df0>]}
[0m14:55:31.151853 [info ] [MainThread]: Found 3 models, 3 sources, 539 macros
[0m14:55:31.152175 [debug] [MainThread]: Sending event: {'category': 'dbt', 'action': 'runnable_timing', 'label': '010137ae-69a8-4853-a80c-935d41892fb8', 'context': [<snowplow_tracker.self_describing_json.SelfDescribingJson object at 0x7fb69061dbb0>]}
[0m14:55:31.153335 [info ] [MainThread]: 
[0m14:55:31.153654 [info ] [MainThread]: Concurrency: 4 threads (target='dev')
[0m14:55:31.153922 [info ] [MainThread]: 
[0m14:55:31.154321 [debug] [MainThread]: Acquiring new postgres connection 'master'
[0m14:55:31.157866 [debug] [ThreadPool]: Acquiring new postgres connection 'list_job_pipeline'
[0m14:55:31.168621 [debug] [ThreadPool]: Acquiring new postgres connection 'list_job_pipeline'
[0m14:55:31.169217 [debug] [ThreadPool]: Acquiring new postgres connection 'list_job_pipeline'
[0m14:55:31.210238 [debug] [ThreadPool]: Using postgres connection "list_job_pipeline"
[0m14:55:31.210678 [debug] [ThreadPool]: Using postgres connection "list_job_pipeline"
[0m14:55:31.210995 [debug] [ThreadPool]: Using postgres connection "list_job_pipeline"
[0m14:55:31.211308 [debug] [ThreadPool]: On list_job_pipeline: /* {"app": "dbt", "dbt_version": "1.9.0b2", "profile_name": "job_market_pipeline", "target_name": "dev", "connection_name": "list_job_pipeline"} */

    select distinct nspname from pg_namespace
  
[0m14:55:31.211650 [debug] [ThreadPool]: On list_job_pipeline: /* {"app": "dbt", "dbt_version": "1.9.0b2", "profile_name": "job_market_pipeline", "target_name": "dev", "connection_name": "list_job_pipeline"} */

    select distinct nspname from pg_namespace
  
[0m14:55:31.211960 [debug] [ThreadPool]: On list_job_pipeline: /* {"app": "dbt", "dbt_version": "1.9.0b2", "profile_name": "job_market_pipeline", "target_name": "dev", "connection_name": "list_job_pipeline"} */

    select distinct nspname from pg_namespace
  
[0m14:55:31.212265 [debug] [ThreadPool]: Opening a new connection, currently in state init
[0m14:55:31.212549 [debug] [ThreadPool]: Opening a new connection, currently in state init
[0m14:55:31.212814 [debug] [ThreadPool]: Opening a new connection, currently in state init
[0m14:55:31.520092 [debug] [ThreadPool]: SQL status: SELECT 9 in 0.307 seconds
[0m14:55:31.520511 [debug] [ThreadPool]: SQL status: SELECT 9 in 0.308 seconds
[0m14:55:31.520793 [debug] [ThreadPool]: SQL status: SELECT 9 in 0.309 seconds
[0m14:55:31.521819 [debug] [ThreadPool]: On list_job_pipeline: Close
[0m14:55:31.522728 [debug] [ThreadPool]: On list_job_pipeline: Close
[0m14:55:31.523566 [debug] [ThreadPool]: On list_job_pipeline: Close
[0m14:55:31.524811 [debug] [ThreadPool]: Re-using an available connection from the pool (formerly list_job_pipeline, now list_job_pipeline_public_staging)
[0m14:55:31.530027 [debug] [ThreadPool]: Using postgres connection "list_job_pipeline_public_staging"
[0m14:55:31.530407 [debug] [ThreadPool]: Re-using an available connection from the pool (formerly list_job_pipeline, now list_job_pipeline_public_marts)
[0m14:55:31.530864 [debug] [ThreadPool]: Re-using an available connection from the pool (formerly list_job_pipeline, now list_job_pipeline_public)
[0m14:55:31.531159 [debug] [ThreadPool]: On list_job_pipeline_public_staging: BEGIN
[0m14:55:31.533096 [debug] [ThreadPool]: Using postgres connection "list_job_pipeline_public_marts"
[0m14:55:31.535385 [debug] [ThreadPool]: Using postgres connection "list_job_pipeline_public"
[0m14:55:31.535688 [debug] [ThreadPool]: Opening a new connection, currently in state closed
[0m14:55:31.535962 [debug] [ThreadPool]: On list_job_pipeline_public_marts: BEGIN
[0m14:55:31.536229 [debug] [ThreadPool]: On list_job_pipeline_public: BEGIN
[0m14:55:31.536590 [debug] [ThreadPool]: Opening a new connection, currently in state closed
[0m14:55:31.536849 [debug] [ThreadPool]: Opening a new connection, currently in state closed
[0m14:55:31.551412 [debug] [ThreadPool]: SQL status: BEGIN in 0.016 seconds
[0m14:55:31.551739 [debug] [ThreadPool]: Using postgres connection "list_job_pipeline_public_staging"
[0m14:55:31.552028 [debug] [ThreadPool]: On list_job_pipeline_public_staging: /* {"app": "dbt", "dbt_version": "1.9.0b2", "profile_name": "job_market_pipeline", "target_name": "dev", "connection_name": "list_job_pipeline_public_staging"} */
select
      'job_pipeline' as database,
      tablename as name,
      schemaname as schema,
      'table' as type
    from pg_tables
    where schemaname ilike 'public_staging'
    union all
    select
      'job_pipeline' as database,
      viewname as name,
      schemaname as schema,
      'view' as type
    from pg_views
    where schemaname ilike 'public_staging'
    union all
    select
      'job_pipeline' as database,
      matviewname as name,
      schemaname as schema,
      'materialized_view' as type
    from pg_matviews
    where schemaname ilike 'public_staging'
  
[0m14:55:31.552347 [debug] [ThreadPool]: SQL status: BEGIN in 0.016 seconds
[0m14:55:31.552590 [debug] [ThreadPool]: Using postgres connection "list_job_pipeline_public_marts"
[0m14:55:31.552859 [debug] [ThreadPool]: On list_job_pipeline_public_marts: /* {"app": "dbt", "dbt_version": "1.9.0b2", "profile_name": "job_market_pipeline", "target_name": "dev", "connection_name": "list_job_pipeline_public_marts"} */
select
      'job_pipeline' as database,
      tablename as name,
      schemaname as schema,
      'table' as type
    from pg_tables
    where schemaname ilike 'public_marts'
    union all
    select
      'job_pipeline' as database,
      viewname as name,
      schemaname as schema,
      'view' as type
    from pg_views
    where schemaname ilike 'public_marts'
    union all
    select
      'job_pipeline' as database,
      matviewname as name,
      schemaname as schema,
      'materialized_view' as type
    from pg_matviews
    where schemaname ilike 'public_marts'
  
[0m14:55:31.553159 [debug] [ThreadPool]: SQL status: BEGIN in 0.016 seconds
[0m14:55:31.553438 [debug] [ThreadPool]: Using postgres connection "list_job_pipeline_public"
[0m14:55:31.553739 [debug] [ThreadPool]: On list_job_pipeline_public: /* {"app": "dbt", "dbt_version": "1.9.0b2", "profile_name": "job_market_pipeline", "target_name": "dev", "connection_name": "list_job_pipeline_public"} */
select
      'job_pipeline' as database,
      tablename as name,
      schemaname as schema,
      'table' as type
    from pg_tables
    where schemaname ilike 'public'
    union all
    select
      'job_pipeline' as database,
      viewname as name,
      schemaname as schema,
      'view' as type
    from pg_views
    where schemaname ilike 'public'
    union all
    select
      'job_pipeline' as database,
      matviewname as name,
      schemaname as schema,
      'materialized_view' as type
    from pg_matviews
    where schemaname ilike 'public'
  
[0m14:55:31.566573 [debug] [ThreadPool]: SQL status: SELECT 1 in 0.013 seconds
[0m14:55:31.567529 [debug] [ThreadPool]: On list_job_pipeline_public_marts: ROLLBACK
[0m14:55:31.567840 [debug] [ThreadPool]: SQL status: SELECT 1 in 0.016 seconds
[0m14:55:31.568118 [debug] [ThreadPool]: SQL status: SELECT 1 in 0.014 seconds
[0m14:55:31.568359 [debug] [ThreadPool]: On list_job_pipeline_public_marts: Close
[0m14:55:31.569122 [debug] [ThreadPool]: On list_job_pipeline_public_staging: ROLLBACK
[0m14:55:31.569899 [debug] [ThreadPool]: On list_job_pipeline_public: ROLLBACK
[0m14:55:31.570738 [debug] [ThreadPool]: On list_job_pipeline_public_staging: Close
[0m14:55:31.571006 [debug] [ThreadPool]: On list_job_pipeline_public: Close
[0m14:55:31.575263 [debug] [MainThread]: Using postgres connection "master"
[0m14:55:31.575576 [debug] [MainThread]: On master: BEGIN
[0m14:55:31.575835 [debug] [MainThread]: Opening a new connection, currently in state init
[0m14:55:31.590336 [debug] [MainThread]: SQL status: BEGIN in 0.014 seconds
[0m14:55:31.590658 [debug] [MainThread]: Using postgres connection "master"
[0m14:55:31.591009 [debug] [MainThread]: On master: /* {"app": "dbt", "dbt_version": "1.9.0b2", "profile_name": "job_market_pipeline", "target_name": "dev", "connection_name": "master"} */
with relation as (
        select
            pg_rewrite.ev_class as class,
            pg_rewrite.oid as id
        from pg_rewrite
    ),
    class as (
        select
            oid as id,
            relname as name,
            relnamespace as schema,
            relkind as kind
        from pg_class
    ),
    dependency as (
        select distinct
            pg_depend.objid as id,
            pg_depend.refobjid as ref
        from pg_depend
    ),
    schema as (
        select
            pg_namespace.oid as id,
            pg_namespace.nspname as name
        from pg_namespace
        where nspname != 'information_schema' and nspname not like 'pg\_%'
    ),
    referenced as (
        select
            relation.id AS id,
            referenced_class.name ,
            referenced_class.schema ,
            referenced_class.kind
        from relation
        join class as referenced_class on relation.class=referenced_class.id
        where referenced_class.kind in ('r', 'v', 'm')
    ),
    relationships as (
        select
            referenced.name as referenced_name,
            referenced.schema as referenced_schema_id,
            dependent_class.name as dependent_name,
            dependent_class.schema as dependent_schema_id,
            referenced.kind as kind
        from referenced
        join dependency on referenced.id=dependency.id
        join class as dependent_class on dependency.ref=dependent_class.id
        where
            (referenced.name != dependent_class.name or
             referenced.schema != dependent_class.schema)
    )

    select
        referenced_schema.name as referenced_schema,
        relationships.referenced_name as referenced_name,
        dependent_schema.name as dependent_schema,
        relationships.dependent_name as dependent_name
    from relationships
    join schema as dependent_schema on relationships.dependent_schema_id=dependent_schema.id
    join schema as referenced_schema on relationships.referenced_schema_id=referenced_schema.id
    group by referenced_schema, referenced_name, dependent_schema, dependent_name
    order by referenced_schema, referenced_name, dependent_schema, dependent_name;
[0m14:55:31.603792 [debug] [MainThread]: SQL status: SELECT 1 in 0.012 seconds
[0m14:55:31.604710 [debug] [MainThread]: Sending event: {'category': 'dbt', 'action': 'runnable_timing', 'label': '010137ae-69a8-4853-a80c-935d41892fb8', 'context': [<snowplow_tracker.self_describing_json.SelfDescribingJson object at 0x7fb6b1140670>]}
[0m14:55:31.605121 [debug] [MainThread]: On master: ROLLBACK
[0m14:55:31.605710 [debug] [MainThread]: Using postgres connection "master"
[0m14:55:31.605968 [debug] [MainThread]: On master: BEGIN
[0m14:55:31.606879 [debug] [MainThread]: SQL status: BEGIN in 0.001 seconds
[0m14:55:31.607139 [debug] [MainThread]: On master: COMMIT
[0m14:55:31.607377 [debug] [MainThread]: Using postgres connection "master"
[0m14:55:31.607613 [debug] [MainThread]: On master: COMMIT
[0m14:55:31.608416 [debug] [MainThread]: SQL status: COMMIT in 0.001 seconds
[0m14:55:31.608669 [debug] [MainThread]: On master: Close
[0m14:55:31.610652 [debug] [Thread-1  ]: Began running node model.job_market_pipeline.stg_job_postings
[0m14:55:31.611090 [info ] [Thread-1  ]: 1 of 3 START sql view model public_staging.stg_job_postings .................... [RUN]
[0m14:55:31.611471 [debug] [Thread-1  ]: Re-using an available connection from the pool (formerly list_job_pipeline_public_staging, now model.job_market_pipeline.stg_job_postings)
[0m14:55:31.611785 [debug] [Thread-1  ]: Began compiling node model.job_market_pipeline.stg_job_postings
[0m14:55:31.619542 [debug] [Thread-1  ]: Writing injected SQL for node "model.job_market_pipeline.stg_job_postings"
[0m14:55:31.620814 [debug] [Thread-1  ]: Began executing node model.job_market_pipeline.stg_job_postings
[0m14:55:31.649440 [debug] [Thread-1  ]: Writing runtime sql for node "model.job_market_pipeline.stg_job_postings"
[0m14:55:31.650278 [debug] [Thread-1  ]: Using postgres connection "model.job_market_pipeline.stg_job_postings"
[0m14:55:31.650646 [debug] [Thread-1  ]: On model.job_market_pipeline.stg_job_postings: BEGIN
[0m14:55:31.650961 [debug] [Thread-1  ]: Opening a new connection, currently in state closed
[0m14:55:31.667480 [debug] [Thread-1  ]: SQL status: BEGIN in 0.016 seconds
[0m14:55:31.667827 [debug] [Thread-1  ]: Using postgres connection "model.job_market_pipeline.stg_job_postings"
[0m14:55:31.668171 [debug] [Thread-1  ]: On model.job_market_pipeline.stg_job_postings: /* {"app": "dbt", "dbt_version": "1.9.0b2", "profile_name": "job_market_pipeline", "target_name": "dev", "node_id": "model.job_market_pipeline.stg_job_postings"} */

  create view "job_pipeline"."public_staging"."stg_job_postings__dbt_tmp"
    
    
  as (
    

WITH raw_data AS (
    SELECT * FROM "job_pipeline"."raw"."job_postings"
),

deduped AS (
    -- Remove duplicates based on title, company, and date
    SELECT *,
           ROW_NUMBER() OVER (
               PARTITION BY title, company_name, posted_date 
               ORDER BY job_id DESC
           ) as rn
    FROM raw_data
),

final AS (
    SELECT
        job_id,
        TRIM(title) AS job_title,
        TRIM(company_name) AS company,
        LOWER(location) AS location,
        CAST(salary_min AS NUMERIC) AS salary_min,
        CAST(salary_max AS NUMERIC) AS salary_max,
        CAST(posted_date AS DATE) AS date_priority,
        -- Business Logic: Flagging Remote Roles
        CASE WHEN location LIKE '%remote%' THEN TRUE ELSE FALSE END AS is_remote
    FROM deduped
    WHERE rn = 1 -- Only keep the most recent version of a job
)

SELECT * FROM final
  );
[0m14:55:31.682369 [debug] [Thread-1  ]: SQL status: CREATE VIEW in 0.014 seconds
[0m14:55:31.688397 [debug] [Thread-1  ]: Using postgres connection "model.job_market_pipeline.stg_job_postings"
[0m14:55:31.688750 [debug] [Thread-1  ]: On model.job_market_pipeline.stg_job_postings: /* {"app": "dbt", "dbt_version": "1.9.0b2", "profile_name": "job_market_pipeline", "target_name": "dev", "node_id": "model.job_market_pipeline.stg_job_postings"} */
alter table "job_pipeline"."public_staging"."stg_job_postings" rename to "stg_job_postings__dbt_backup"
[0m14:55:31.690840 [debug] [Thread-1  ]: SQL status: ALTER TABLE in 0.002 seconds
[0m14:55:31.693340 [debug] [Thread-1  ]: Using postgres connection "model.job_market_pipeline.stg_job_postings"
[0m14:55:31.693654 [debug] [Thread-1  ]: On model.job_market_pipeline.stg_job_postings: /* {"app": "dbt", "dbt_version": "1.9.0b2", "profile_name": "job_market_pipeline", "target_name": "dev", "node_id": "model.job_market_pipeline.stg_job_postings"} */
alter table "job_pipeline"."public_staging"."stg_job_postings__dbt_tmp" rename to "stg_job_postings"
[0m14:55:31.694959 [debug] [Thread-1  ]: SQL status: ALTER TABLE in 0.001 seconds
[0m14:55:31.707533 [debug] [Thread-1  ]: On model.job_market_pipeline.stg_job_postings: COMMIT
[0m14:55:31.707858 [debug] [Thread-1  ]: Using postgres connection "model.job_market_pipeline.stg_job_postings"
[0m14:55:31.708151 [debug] [Thread-1  ]: On model.job_market_pipeline.stg_job_postings: COMMIT
[0m14:55:31.709708 [debug] [Thread-1  ]: SQL status: COMMIT in 0.001 seconds
[0m14:55:31.715228 [debug] [Thread-1  ]: Applying DROP to: "job_pipeline"."public_staging"."stg_job_postings__dbt_backup"
[0m14:55:31.720115 [debug] [Thread-1  ]: Using postgres connection "model.job_market_pipeline.stg_job_postings"
[0m14:55:31.720974 [debug] [Thread-1  ]: On model.job_market_pipeline.stg_job_postings: /* {"app": "dbt", "dbt_version": "1.9.0b2", "profile_name": "job_market_pipeline", "target_name": "dev", "node_id": "model.job_market_pipeline.stg_job_postings"} */
drop view if exists "job_pipeline"."public_staging"."stg_job_postings__dbt_backup" cascade
[0m14:55:31.726132 [debug] [Thread-1  ]: SQL status: DROP VIEW in 0.005 seconds
[0m14:55:31.728208 [debug] [Thread-1  ]: On model.job_market_pipeline.stg_job_postings: Close
[0m14:55:31.729565 [debug] [Thread-1  ]: Sending event: {'category': 'dbt', 'action': 'run_model', 'label': '010137ae-69a8-4853-a80c-935d41892fb8', 'context': [<snowplow_tracker.self_describing_json.SelfDescribingJson object at 0x7fb690710940>]}
[0m14:55:31.730191 [info ] [Thread-1  ]: 1 of 3 OK created sql view model public_staging.stg_job_postings ............... [[32mCREATE VIEW[0m in 0.12s]
[0m14:55:31.730787 [debug] [Thread-1  ]: Finished running node model.job_market_pipeline.stg_job_postings
[0m14:55:31.731668 [debug] [Thread-3  ]: Began running node model.job_market_pipeline.int_job_skills_exploded
[0m14:55:31.732128 [info ] [Thread-3  ]: 2 of 3 START sql table model public.int_job_skills_exploded .................... [RUN]
[0m14:55:31.732575 [debug] [Thread-3  ]: Re-using an available connection from the pool (formerly list_job_pipeline_public, now model.job_market_pipeline.int_job_skills_exploded)
[0m14:55:31.732950 [debug] [Thread-3  ]: Began compiling node model.job_market_pipeline.int_job_skills_exploded
[0m14:55:31.737966 [debug] [Thread-3  ]: Writing injected SQL for node "model.job_market_pipeline.int_job_skills_exploded"
[0m14:55:31.738928 [debug] [Thread-3  ]: Began executing node model.job_market_pipeline.int_job_skills_exploded
[0m14:55:31.757770 [debug] [Thread-3  ]: Writing runtime sql for node "model.job_market_pipeline.int_job_skills_exploded"
[0m14:55:31.758543 [debug] [Thread-3  ]: Using postgres connection "model.job_market_pipeline.int_job_skills_exploded"
[0m14:55:31.758860 [debug] [Thread-3  ]: On model.job_market_pipeline.int_job_skills_exploded: BEGIN
[0m14:55:31.759145 [debug] [Thread-3  ]: Opening a new connection, currently in state closed
[0m14:55:31.772659 [debug] [Thread-3  ]: SQL status: BEGIN in 0.013 seconds
[0m14:55:31.773095 [debug] [Thread-3  ]: Using postgres connection "model.job_market_pipeline.int_job_skills_exploded"
[0m14:55:31.773438 [debug] [Thread-3  ]: On model.job_market_pipeline.int_job_skills_exploded: /* {"app": "dbt", "dbt_version": "1.9.0b2", "profile_name": "job_market_pipeline", "target_name": "dev", "node_id": "model.job_market_pipeline.int_job_skills_exploded"} */

  
    

  create  table "job_pipeline"."public"."int_job_skills_exploded__dbt_tmp"
  
  
    as
  
  (
    

WITH staging_data AS (
    SELECT * FROM "job_pipeline"."public_staging"."stg_job_postings"
    WHERE skills IS NOT NULL AND skills != ''
), -- Make sure this comma is here

exploded_skills AS (
    SELECT
        job_id,
        -- PostgreSQL function to split strings into rows
        TRIM(UNNEST(STRING_TO_ARRAY(skills, ','))) AS skill_name
    FROM staging_data
) -- NO comma here before the final SELECT

SELECT 
    -- dbt_utils macro to generate a unique ID
    md5(cast(coalesce(cast(job_id as TEXT), '_dbt_utils_surrogate_key_null_') || '-' || coalesce(cast(skill_name as TEXT), '_dbt_utils_surrogate_key_null_') as TEXT)) AS job_skill_id,
    job_id,
    skill_name
FROM exploded_skills
  );
  
[0m14:55:31.775668 [debug] [Thread-3  ]: Postgres adapter: Postgres error: column "skills" does not exist
LINE 16:     WHERE skills IS NOT NULL AND skills != ''
                   ^

[0m14:55:31.775981 [debug] [Thread-3  ]: On model.job_market_pipeline.int_job_skills_exploded: ROLLBACK
[0m14:55:31.776594 [debug] [Thread-3  ]: On model.job_market_pipeline.int_job_skills_exploded: Close
[0m14:55:31.782494 [debug] [Thread-3  ]: Database Error in model int_job_skills_exploded (models/intermediate/int_job_skills_exploded.sql)
  column "skills" does not exist
  LINE 16:     WHERE skills IS NOT NULL AND skills != ''
                     ^
  compiled code at target/run/job_market_pipeline/models/intermediate/int_job_skills_exploded.sql
[0m14:55:31.782884 [debug] [Thread-3  ]: Sending event: {'category': 'dbt', 'action': 'run_model', 'label': '010137ae-69a8-4853-a80c-935d41892fb8', 'context': [<snowplow_tracker.self_describing_json.SelfDescribingJson object at 0x7fb6b09f9c70>]}
[0m14:55:31.783414 [error] [Thread-3  ]: 2 of 3 ERROR creating sql table model public.int_job_skills_exploded ........... [[31mERROR[0m in 0.05s]
[0m14:55:31.784126 [debug] [Thread-3  ]: Finished running node model.job_market_pipeline.int_job_skills_exploded
[0m14:55:31.784910 [debug] [Thread-7  ]: Marking all children of 'model.job_market_pipeline.int_job_skills_exploded' to be skipped because of status 'error'.  Reason: Database Error in model int_job_skills_exploded (models/intermediate/int_job_skills_exploded.sql)
  column "skills" does not exist
  LINE 16:     WHERE skills IS NOT NULL AND skills != ''
                     ^
  compiled code at target/run/job_market_pipeline/models/intermediate/int_job_skills_exploded.sql.
[0m14:55:31.785600 [debug] [Thread-2  ]: Began running node model.job_market_pipeline.mart_job_market_insights
[0m14:55:31.786004 [info ] [Thread-2  ]: 3 of 3 SKIP relation public_marts.mart_job_market_insights ..................... [[33mSKIP[0m]
[0m14:55:31.786390 [debug] [Thread-2  ]: Finished running node model.job_market_pipeline.mart_job_market_insights
[0m14:55:31.787192 [debug] [MainThread]: Using postgres connection "master"
[0m14:55:31.787463 [debug] [MainThread]: On master: BEGIN
[0m14:55:31.787709 [debug] [MainThread]: Opening a new connection, currently in state closed
[0m14:55:31.801709 [debug] [MainThread]: SQL status: BEGIN in 0.014 seconds
[0m14:55:31.802369 [debug] [MainThread]: On master: COMMIT
[0m14:55:31.802685 [debug] [MainThread]: Using postgres connection "master"
[0m14:55:31.802952 [debug] [MainThread]: On master: COMMIT
[0m14:55:31.803596 [debug] [MainThread]: SQL status: COMMIT in 0.000 seconds
[0m14:55:31.803986 [debug] [MainThread]: On master: Close
[0m14:55:31.804441 [debug] [MainThread]: Connection 'master' was properly closed.
[0m14:55:31.804813 [debug] [MainThread]: Connection 'model.job_market_pipeline.stg_job_postings' was properly closed.
[0m14:55:31.805179 [debug] [MainThread]: Connection 'list_job_pipeline_public_marts' was properly closed.
[0m14:55:31.805435 [debug] [MainThread]: Connection 'model.job_market_pipeline.int_job_skills_exploded' was properly closed.
[0m14:55:31.805794 [info ] [MainThread]: 
[0m14:55:31.806104 [info ] [MainThread]: Finished running 2 table models, 1 view model in 0 hours 0 minutes and 0.65 seconds (0.65s).
[0m14:55:31.806807 [debug] [MainThread]: Command end result
[0m14:55:31.835687 [info ] [MainThread]: 
[0m14:55:31.836139 [info ] [MainThread]: [31mCompleted with 1 error, 0 partial successs, and 0 warnings:[0m
[0m14:55:31.836424 [info ] [MainThread]: 
[0m14:55:31.836759 [error] [MainThread]:   Database Error in model int_job_skills_exploded (models/intermediate/int_job_skills_exploded.sql)
  column "skills" does not exist
  LINE 16:     WHERE skills IS NOT NULL AND skills != ''
                     ^
  compiled code at target/run/job_market_pipeline/models/intermediate/int_job_skills_exploded.sql
[0m14:55:31.837033 [info ] [MainThread]: 
[0m14:55:31.837309 [info ] [MainThread]: Done. PASS=1 WARN=0 ERROR=1 SKIP=1 TOTAL=3
[0m14:55:31.840779 [debug] [MainThread]: Resource report: {"command_name": "run", "command_wall_clock_time": 2.3458266, "process_user_time": 2.676824, "process_kernel_time": 0.316054, "process_mem_max_rss": "117223424", "command_success": false, "process_in_blocks": "0", "process_out_blocks": "0"}
[0m14:55:31.841165 [debug] [MainThread]: Command `dbt run` failed at 14:55:31.841086 after 2.35 seconds
[0m14:55:31.841515 [debug] [MainThread]: Sending event: {'category': 'dbt', 'action': 'invocation', 'label': 'end', 'context': [<snowplow_tracker.self_describing_json.SelfDescribingJson object at 0x7fb6a1759eb0>, <snowplow_tracker.self_describing_json.SelfDescribingJson object at 0x7fb6b10f8ee0>, <snowplow_tracker.self_describing_json.SelfDescribingJson object at 0x7fb6b0ad3070>]}
[0m14:55:31.841859 [debug] [MainThread]: Flushing usage events
[0m14:55:32.029818 [debug] [MainThread]: An error was encountered while trying to flush usage events
[0m15:00:26.022748 [debug] [MainThread]: Sending event: {'category': 'dbt', 'action': 'invocation', 'label': 'start', 'context': [<snowplow_tracker.self_describing_json.SelfDescribingJson object at 0x7f99c1ca1e20>, <snowplow_tracker.self_describing_json.SelfDescribingJson object at 0x7f99c2436e50>, <snowplow_tracker.self_describing_json.SelfDescribingJson object at 0x7f99c2437580>]}


============================== 15:00:26.027971 | a8ed1c5b-8d4f-473d-8223-f33045ba61f4 ==============================
[0m15:00:26.027971 [info ] [MainThread]: Running with dbt=1.9.0-b2
[0m15:00:26.028497 [debug] [MainThread]: running dbt with arguments {'printer_width': '80', 'indirect_selection': 'eager', 'write_json': 'True', 'log_cache_events': 'False', 'partial_parse': 'True', 'cache_selected_only': 'False', 'warn_error': 'None', 'fail_fast': 'False', 'version_check': 'True', 'log_path': '/Users/lbaba/job_market_pipeline/dbt_project/logs', 'debug': 'False', 'profiles_dir': '/Users/lbaba/job_market_pipeline/dbt_project', 'use_colors': 'True', 'use_experimental_parser': 'False', 'no_print': 'None', 'quiet': 'False', 'empty': 'None', 'warn_error_options': 'WarnErrorOptions(include=[], exclude=[])', 'static_parser': 'True', 'invocation_command': 'dbt clean', 'introspect': 'True', 'target_path': 'None', 'log_format': 'default', 'send_anonymous_usage_stats': 'True'}
[0m15:00:26.132719 [debug] [MainThread]: Sending event: {'category': 'dbt', 'action': 'project_id', 'label': 'a8ed1c5b-8d4f-473d-8223-f33045ba61f4', 'context': [<snowplow_tracker.self_describing_json.SelfDescribingJson object at 0x7f99c22f4ac0>]}
[0m15:00:26.177968 [debug] [MainThread]: Resource report: {"command_name": "clean", "command_success": true, "command_wall_clock_time": 0.25304195, "process_user_time": 1.037628, "process_kernel_time": 0.514986, "process_mem_max_rss": "94982144", "process_in_blocks": "0", "process_out_blocks": "0"}
[0m15:00:26.178735 [debug] [MainThread]: Command `dbt clean` succeeded at 15:00:26.178456 after 0.25 seconds
[0m15:00:26.179151 [debug] [MainThread]: Sending event: {'category': 'dbt', 'action': 'invocation', 'label': 'end', 'context': [<snowplow_tracker.self_describing_json.SelfDescribingJson object at 0x7f99c1ca1e20>, <snowplow_tracker.self_describing_json.SelfDescribingJson object at 0x7f99c258a340>, <snowplow_tracker.self_describing_json.SelfDescribingJson object at 0x7f99a0621e50>]}
[0m15:00:26.179523 [debug] [MainThread]: Flushing usage events
[0m15:00:26.630113 [debug] [MainThread]: An error was encountered while trying to flush usage events
[0m15:00:38.034067 [debug] [MainThread]: Sending event: {'category': 'dbt', 'action': 'invocation', 'label': 'start', 'context': [<snowplow_tracker.self_describing_json.SelfDescribingJson object at 0x7f7800f11e20>, <snowplow_tracker.self_describing_json.SelfDescribingJson object at 0x7f7801769e50>, <snowplow_tracker.self_describing_json.SelfDescribingJson object at 0x7f780176d580>]}


============================== 15:00:38.038792 | d7a328cd-4e50-4618-b2cf-f321277a323e ==============================
[0m15:00:38.038792 [info ] [MainThread]: Running with dbt=1.9.0-b2
[0m15:00:38.039315 [debug] [MainThread]: running dbt with arguments {'printer_width': '80', 'indirect_selection': 'eager', 'write_json': 'True', 'log_cache_events': 'False', 'partial_parse': 'True', 'cache_selected_only': 'False', 'warn_error': 'None', 'version_check': 'True', 'profiles_dir': '/Users/lbaba/job_market_pipeline/dbt_project', 'log_path': '/Users/lbaba/job_market_pipeline/dbt_project/logs', 'debug': 'False', 'fail_fast': 'False', 'use_colors': 'True', 'use_experimental_parser': 'False', 'no_print': 'None', 'quiet': 'False', 'empty': 'None', 'log_format': 'default', 'invocation_command': 'dbt deps', 'warn_error_options': 'WarnErrorOptions(include=[], exclude=[])', 'static_parser': 'True', 'target_path': 'None', 'introspect': 'True', 'send_anonymous_usage_stats': 'True'}
[0m15:00:38.139278 [debug] [MainThread]: Sending event: {'category': 'dbt', 'action': 'project_id', 'label': 'd7a328cd-4e50-4618-b2cf-f321277a323e', 'context': [<snowplow_tracker.self_describing_json.SelfDescribingJson object at 0x7f781860da60>]}
[0m15:00:38.160158 [debug] [MainThread]: Set downloads directory='/var/folders/bw/8q0mpdln5pz7n5zwj5j1_7jr0000gn/T/dbt-downloads-meanervw'
[0m15:00:38.160571 [debug] [MainThread]: Making package index registry request: GET https://hub.getdbt.com/api/v1/index.json
[0m15:00:38.774347 [debug] [MainThread]: Response from registry index: GET https://hub.getdbt.com/api/v1/index.json 200
[0m15:00:38.775021 [debug] [MainThread]: Making package registry request: GET https://hub.getdbt.com/api/v1/dbt-labs/dbt_utils.json
[0m15:00:38.859069 [debug] [MainThread]: Response from registry: GET https://hub.getdbt.com/api/v1/dbt-labs/dbt_utils.json 200
[0m15:00:38.864721 [info ] [MainThread]: Installing dbt-labs/dbt_utils
[0m15:00:41.350758 [info ] [MainThread]: Installed from version 1.3.3
[0m15:00:41.351163 [info ] [MainThread]: Up to date!
[0m15:00:41.351497 [debug] [MainThread]: Sending event: {'category': 'dbt', 'action': 'package', 'label': 'd7a328cd-4e50-4618-b2cf-f321277a323e', 'property_': 'install', 'context': [<snowplow_tracker.self_describing_json.SelfDescribingJson object at 0x7f77f81baee0>, <snowplow_tracker.self_describing_json.SelfDescribingJson object at 0x7f78017b8e80>]}
[0m15:00:41.355021 [debug] [MainThread]: Resource report: {"command_name": "deps", "command_success": true, "command_wall_clock_time": 3.4114738, "process_user_time": 1.120448, "process_kernel_time": 0.21448, "process_mem_max_rss": "100274176", "process_in_blocks": "0", "process_out_blocks": "0"}
[0m15:00:41.355595 [debug] [MainThread]: Command `dbt deps` succeeded at 15:00:41.355373 after 3.41 seconds
[0m15:00:41.355950 [debug] [MainThread]: Sending event: {'category': 'dbt', 'action': 'invocation', 'label': 'end', 'context': [<snowplow_tracker.self_describing_json.SelfDescribingJson object at 0x7f7800f11e20>, <snowplow_tracker.self_describing_json.SelfDescribingJson object at 0x7f7818493b80>, <snowplow_tracker.self_describing_json.SelfDescribingJson object at 0x7f7801755610>]}
[0m15:00:41.356290 [debug] [MainThread]: Flushing usage events
[0m15:00:41.544137 [debug] [MainThread]: An error was encountered while trying to flush usage events
[0m15:00:53.838589 [debug] [MainThread]: Sending event: {'category': 'dbt', 'action': 'invocation', 'label': 'start', 'context': [<snowplow_tracker.self_describing_json.SelfDescribingJson object at 0x7fc8a1081eb0>, <snowplow_tracker.self_describing_json.SelfDescribingJson object at 0x7fc8b0dbc790>, <snowplow_tracker.self_describing_json.SelfDescribingJson object at 0x7fc8b0e0f820>]}


============================== 15:00:53.843674 | c502fc62-5565-4f56-a80e-011099bfc690 ==============================
[0m15:00:53.843674 [info ] [MainThread]: Running with dbt=1.9.0-b2
[0m15:00:53.844209 [debug] [MainThread]: running dbt with arguments {'printer_width': '80', 'indirect_selection': 'eager', 'write_json': 'True', 'log_cache_events': 'False', 'partial_parse': 'True', 'cache_selected_only': 'False', 'warn_error': 'None', 'version_check': 'True', 'debug': 'False', 'log_path': '/Users/lbaba/job_market_pipeline/dbt_project/logs', 'fail_fast': 'False', 'profiles_dir': '/Users/lbaba/job_market_pipeline/dbt_project', 'use_colors': 'True', 'use_experimental_parser': 'False', 'no_print': 'None', 'quiet': 'False', 'empty': 'False', 'log_format': 'default', 'introspect': 'True', 'static_parser': 'True', 'invocation_command': 'dbt run', 'target_path': 'None', 'warn_error_options': 'WarnErrorOptions(include=[], exclude=[])', 'send_anonymous_usage_stats': 'True'}
[0m15:00:54.010419 [debug] [MainThread]: Sending event: {'category': 'dbt', 'action': 'project_id', 'label': 'c502fc62-5565-4f56-a80e-011099bfc690', 'context': [<snowplow_tracker.self_describing_json.SelfDescribingJson object at 0x7fc8b0e02850>]}
[0m15:00:54.054962 [debug] [MainThread]: Sending event: {'category': 'dbt', 'action': 'adapter_info', 'label': 'c502fc62-5565-4f56-a80e-011099bfc690', 'context': [<snowplow_tracker.self_describing_json.SelfDescribingJson object at 0x7fc8b0e07d90>]}
[0m15:00:54.055762 [info ] [MainThread]: Registered adapter: postgres=1.8.2
[0m15:00:54.082837 [debug] [MainThread]: checksum: 4cfbbe2a671212f062e88a43cba5322b30b7e3e8e91b953aa4de249eeaade60f, vars: {}, profile: , target: , version: 1.9.0b2
[0m15:00:54.083783 [info ] [MainThread]: Unable to do partial parsing because saved manifest not found. Starting full parse.
[0m15:00:54.084154 [debug] [MainThread]: Sending event: {'category': 'dbt', 'action': 'partial_parser', 'label': 'c502fc62-5565-4f56-a80e-011099bfc690', 'context': [<snowplow_tracker.self_describing_json.SelfDescribingJson object at 0x7fc890864dc0>]}
[0m15:00:55.291962 [debug] [MainThread]: Sending event: {'category': 'dbt', 'action': 'load_project', 'label': 'c502fc62-5565-4f56-a80e-011099bfc690', 'context': [<snowplow_tracker.self_describing_json.SelfDescribingJson object at 0x7fc8a1abbbb0>]}
[0m15:00:55.381371 [debug] [MainThread]: Sending event: {'category': 'dbt', 'action': 'resource_counts', 'label': 'c502fc62-5565-4f56-a80e-011099bfc690', 'context': [<snowplow_tracker.self_describing_json.SelfDescribingJson object at 0x7fc8a1b21e20>]}
[0m15:00:55.381874 [info ] [MainThread]: Found 3 models, 3 sources, 539 macros
[0m15:00:55.382178 [debug] [MainThread]: Sending event: {'category': 'dbt', 'action': 'runnable_timing', 'label': 'c502fc62-5565-4f56-a80e-011099bfc690', 'context': [<snowplow_tracker.self_describing_json.SelfDescribingJson object at 0x7fc8c0414070>]}
[0m15:00:55.383376 [info ] [MainThread]: 
[0m15:00:55.383707 [info ] [MainThread]: Concurrency: 4 threads (target='dev')
[0m15:00:55.383960 [info ] [MainThread]: 
[0m15:00:55.384382 [debug] [MainThread]: Acquiring new postgres connection 'master'
[0m15:00:55.387854 [debug] [ThreadPool]: Acquiring new postgres connection 'list_job_pipeline'
[0m15:00:55.397025 [debug] [ThreadPool]: Acquiring new postgres connection 'list_job_pipeline'
[0m15:00:55.397586 [debug] [ThreadPool]: Acquiring new postgres connection 'list_job_pipeline'
[0m15:00:55.448977 [debug] [ThreadPool]: Using postgres connection "list_job_pipeline"
[0m15:00:55.449397 [debug] [ThreadPool]: Using postgres connection "list_job_pipeline"
[0m15:00:55.449758 [debug] [ThreadPool]: Using postgres connection "list_job_pipeline"
[0m15:00:55.450054 [debug] [ThreadPool]: On list_job_pipeline: /* {"app": "dbt", "dbt_version": "1.9.0b2", "profile_name": "job_market_pipeline", "target_name": "dev", "connection_name": "list_job_pipeline"} */

    select distinct nspname from pg_namespace
  
[0m15:00:55.450363 [debug] [ThreadPool]: On list_job_pipeline: /* {"app": "dbt", "dbt_version": "1.9.0b2", "profile_name": "job_market_pipeline", "target_name": "dev", "connection_name": "list_job_pipeline"} */

    select distinct nspname from pg_namespace
  
[0m15:00:55.450657 [debug] [ThreadPool]: On list_job_pipeline: /* {"app": "dbt", "dbt_version": "1.9.0b2", "profile_name": "job_market_pipeline", "target_name": "dev", "connection_name": "list_job_pipeline"} */

    select distinct nspname from pg_namespace
  
[0m15:00:55.450932 [debug] [ThreadPool]: Opening a new connection, currently in state init
[0m15:00:55.451195 [debug] [ThreadPool]: Opening a new connection, currently in state init
[0m15:00:55.451446 [debug] [ThreadPool]: Opening a new connection, currently in state init
[0m15:00:55.721167 [debug] [ThreadPool]: SQL status: SELECT 9 in 0.270 seconds
[0m15:00:55.721572 [debug] [ThreadPool]: SQL status: SELECT 9 in 0.271 seconds
[0m15:00:55.722564 [debug] [ThreadPool]: On list_job_pipeline: Close
[0m15:00:55.722832 [debug] [ThreadPool]: SQL status: SELECT 9 in 0.271 seconds
[0m15:00:55.723637 [debug] [ThreadPool]: On list_job_pipeline: Close
[0m15:00:55.724512 [debug] [ThreadPool]: On list_job_pipeline: Close
[0m15:00:55.725671 [debug] [ThreadPool]: Re-using an available connection from the pool (formerly list_job_pipeline, now list_job_pipeline_public_marts)
[0m15:00:55.730688 [debug] [ThreadPool]: Using postgres connection "list_job_pipeline_public_marts"
[0m15:00:55.731091 [debug] [ThreadPool]: On list_job_pipeline_public_marts: BEGIN
[0m15:00:55.731472 [debug] [ThreadPool]: Re-using an available connection from the pool (formerly list_job_pipeline, now list_job_pipeline_public)
[0m15:00:55.731724 [debug] [ThreadPool]: Opening a new connection, currently in state closed
[0m15:00:55.732088 [debug] [ThreadPool]: Re-using an available connection from the pool (formerly list_job_pipeline, now list_job_pipeline_public_staging)
[0m15:00:55.734046 [debug] [ThreadPool]: Using postgres connection "list_job_pipeline_public"
[0m15:00:55.736513 [debug] [ThreadPool]: Using postgres connection "list_job_pipeline_public_staging"
[0m15:00:55.736846 [debug] [ThreadPool]: On list_job_pipeline_public: BEGIN
[0m15:00:55.737110 [debug] [ThreadPool]: On list_job_pipeline_public_staging: BEGIN
[0m15:00:55.737358 [debug] [ThreadPool]: Opening a new connection, currently in state closed
[0m15:00:55.737600 [debug] [ThreadPool]: Opening a new connection, currently in state closed
[0m15:00:55.749045 [debug] [ThreadPool]: SQL status: BEGIN in 0.017 seconds
[0m15:00:55.749377 [debug] [ThreadPool]: Using postgres connection "list_job_pipeline_public_marts"
[0m15:00:55.749661 [debug] [ThreadPool]: On list_job_pipeline_public_marts: /* {"app": "dbt", "dbt_version": "1.9.0b2", "profile_name": "job_market_pipeline", "target_name": "dev", "connection_name": "list_job_pipeline_public_marts"} */
select
      'job_pipeline' as database,
      tablename as name,
      schemaname as schema,
      'table' as type
    from pg_tables
    where schemaname ilike 'public_marts'
    union all
    select
      'job_pipeline' as database,
      viewname as name,
      schemaname as schema,
      'view' as type
    from pg_views
    where schemaname ilike 'public_marts'
    union all
    select
      'job_pipeline' as database,
      matviewname as name,
      schemaname as schema,
      'materialized_view' as type
    from pg_matviews
    where schemaname ilike 'public_marts'
  
[0m15:00:55.752046 [debug] [ThreadPool]: SQL status: BEGIN in 0.015 seconds
[0m15:00:55.752306 [debug] [ThreadPool]: Using postgres connection "list_job_pipeline_public"
[0m15:00:55.752573 [debug] [ThreadPool]: On list_job_pipeline_public: /* {"app": "dbt", "dbt_version": "1.9.0b2", "profile_name": "job_market_pipeline", "target_name": "dev", "connection_name": "list_job_pipeline_public"} */
select
      'job_pipeline' as database,
      tablename as name,
      schemaname as schema,
      'table' as type
    from pg_tables
    where schemaname ilike 'public'
    union all
    select
      'job_pipeline' as database,
      viewname as name,
      schemaname as schema,
      'view' as type
    from pg_views
    where schemaname ilike 'public'
    union all
    select
      'job_pipeline' as database,
      matviewname as name,
      schemaname as schema,
      'materialized_view' as type
    from pg_matviews
    where schemaname ilike 'public'
  
[0m15:00:55.752873 [debug] [ThreadPool]: SQL status: BEGIN in 0.015 seconds
[0m15:00:55.753143 [debug] [ThreadPool]: Using postgres connection "list_job_pipeline_public_staging"
[0m15:00:55.753414 [debug] [ThreadPool]: On list_job_pipeline_public_staging: /* {"app": "dbt", "dbt_version": "1.9.0b2", "profile_name": "job_market_pipeline", "target_name": "dev", "connection_name": "list_job_pipeline_public_staging"} */
select
      'job_pipeline' as database,
      tablename as name,
      schemaname as schema,
      'table' as type
    from pg_tables
    where schemaname ilike 'public_staging'
    union all
    select
      'job_pipeline' as database,
      viewname as name,
      schemaname as schema,
      'view' as type
    from pg_views
    where schemaname ilike 'public_staging'
    union all
    select
      'job_pipeline' as database,
      matviewname as name,
      schemaname as schema,
      'materialized_view' as type
    from pg_matviews
    where schemaname ilike 'public_staging'
  
[0m15:00:55.763503 [debug] [ThreadPool]: SQL status: SELECT 1 in 0.014 seconds
[0m15:00:55.764472 [debug] [ThreadPool]: On list_job_pipeline_public_marts: ROLLBACK
[0m15:00:55.764786 [debug] [ThreadPool]: SQL status: SELECT 1 in 0.012 seconds
[0m15:00:55.765069 [debug] [ThreadPool]: SQL status: SELECT 1 in 0.011 seconds
[0m15:00:55.765892 [debug] [ThreadPool]: On list_job_pipeline_public: ROLLBACK
[0m15:00:55.766138 [debug] [ThreadPool]: On list_job_pipeline_public_marts: Close
[0m15:00:55.766916 [debug] [ThreadPool]: On list_job_pipeline_public_staging: ROLLBACK
[0m15:00:55.767821 [debug] [ThreadPool]: On list_job_pipeline_public: Close
[0m15:00:55.768113 [debug] [ThreadPool]: On list_job_pipeline_public_staging: Close
[0m15:00:55.772178 [debug] [MainThread]: Using postgres connection "master"
[0m15:00:55.772474 [debug] [MainThread]: On master: BEGIN
[0m15:00:55.772724 [debug] [MainThread]: Opening a new connection, currently in state init
[0m15:00:55.787466 [debug] [MainThread]: SQL status: BEGIN in 0.015 seconds
[0m15:00:55.787798 [debug] [MainThread]: Using postgres connection "master"
[0m15:00:55.788131 [debug] [MainThread]: On master: /* {"app": "dbt", "dbt_version": "1.9.0b2", "profile_name": "job_market_pipeline", "target_name": "dev", "connection_name": "master"} */
with relation as (
        select
            pg_rewrite.ev_class as class,
            pg_rewrite.oid as id
        from pg_rewrite
    ),
    class as (
        select
            oid as id,
            relname as name,
            relnamespace as schema,
            relkind as kind
        from pg_class
    ),
    dependency as (
        select distinct
            pg_depend.objid as id,
            pg_depend.refobjid as ref
        from pg_depend
    ),
    schema as (
        select
            pg_namespace.oid as id,
            pg_namespace.nspname as name
        from pg_namespace
        where nspname != 'information_schema' and nspname not like 'pg\_%'
    ),
    referenced as (
        select
            relation.id AS id,
            referenced_class.name ,
            referenced_class.schema ,
            referenced_class.kind
        from relation
        join class as referenced_class on relation.class=referenced_class.id
        where referenced_class.kind in ('r', 'v', 'm')
    ),
    relationships as (
        select
            referenced.name as referenced_name,
            referenced.schema as referenced_schema_id,
            dependent_class.name as dependent_name,
            dependent_class.schema as dependent_schema_id,
            referenced.kind as kind
        from referenced
        join dependency on referenced.id=dependency.id
        join class as dependent_class on dependency.ref=dependent_class.id
        where
            (referenced.name != dependent_class.name or
             referenced.schema != dependent_class.schema)
    )

    select
        referenced_schema.name as referenced_schema,
        relationships.referenced_name as referenced_name,
        dependent_schema.name as dependent_schema,
        relationships.dependent_name as dependent_name
    from relationships
    join schema as dependent_schema on relationships.dependent_schema_id=dependent_schema.id
    join schema as referenced_schema on relationships.referenced_schema_id=referenced_schema.id
    group by referenced_schema, referenced_name, dependent_schema, dependent_name
    order by referenced_schema, referenced_name, dependent_schema, dependent_name;
[0m15:00:55.796515 [debug] [MainThread]: SQL status: SELECT 1 in 0.008 seconds
[0m15:00:55.797532 [debug] [MainThread]: Sending event: {'category': 'dbt', 'action': 'runnable_timing', 'label': 'c502fc62-5565-4f56-a80e-011099bfc690', 'context': [<snowplow_tracker.self_describing_json.SelfDescribingJson object at 0x7fc8a1a2d1c0>]}
[0m15:00:55.797954 [debug] [MainThread]: On master: ROLLBACK
[0m15:00:55.798457 [debug] [MainThread]: Using postgres connection "master"
[0m15:00:55.798722 [debug] [MainThread]: On master: BEGIN
[0m15:00:55.799396 [debug] [MainThread]: SQL status: BEGIN in 0.000 seconds
[0m15:00:55.799663 [debug] [MainThread]: On master: COMMIT
[0m15:00:55.799909 [debug] [MainThread]: Using postgres connection "master"
[0m15:00:55.800150 [debug] [MainThread]: On master: COMMIT
[0m15:00:55.800870 [debug] [MainThread]: SQL status: COMMIT in 0.000 seconds
[0m15:00:55.801140 [debug] [MainThread]: On master: Close
[0m15:00:55.803768 [debug] [Thread-1  ]: Began running node model.job_market_pipeline.stg_job_postings
[0m15:00:55.804270 [info ] [Thread-1  ]: 1 of 3 START sql view model public_staging.stg_job_postings .................... [RUN]
[0m15:00:55.804680 [debug] [Thread-1  ]: Re-using an available connection from the pool (formerly list_job_pipeline_public, now model.job_market_pipeline.stg_job_postings)
[0m15:00:55.804994 [debug] [Thread-1  ]: Began compiling node model.job_market_pipeline.stg_job_postings
[0m15:00:55.812762 [debug] [Thread-1  ]: Writing injected SQL for node "model.job_market_pipeline.stg_job_postings"
[0m15:00:55.813586 [debug] [Thread-1  ]: Began executing node model.job_market_pipeline.stg_job_postings
[0m15:00:55.841870 [debug] [Thread-1  ]: Writing runtime sql for node "model.job_market_pipeline.stg_job_postings"
[0m15:00:55.842678 [debug] [Thread-1  ]: Using postgres connection "model.job_market_pipeline.stg_job_postings"
[0m15:00:55.842996 [debug] [Thread-1  ]: On model.job_market_pipeline.stg_job_postings: BEGIN
[0m15:00:55.843280 [debug] [Thread-1  ]: Opening a new connection, currently in state closed
[0m15:00:55.858673 [debug] [Thread-1  ]: SQL status: BEGIN in 0.015 seconds
[0m15:00:55.859006 [debug] [Thread-1  ]: Using postgres connection "model.job_market_pipeline.stg_job_postings"
[0m15:00:55.859323 [debug] [Thread-1  ]: On model.job_market_pipeline.stg_job_postings: /* {"app": "dbt", "dbt_version": "1.9.0b2", "profile_name": "job_market_pipeline", "target_name": "dev", "node_id": "model.job_market_pipeline.stg_job_postings"} */

  create view "job_pipeline"."public_staging"."stg_job_postings__dbt_tmp"
    
    
  as (
    

WITH raw_data AS (
    SELECT * FROM "job_pipeline"."raw"."job_postings"
),

final AS (
    SELECT
        job_id,
        TRIM(title) AS job_title,
        company_name,
        location,
        -- Ensure 'skills' is selected here!
        skills, 
        CAST(salary_min AS NUMERIC) AS salary_min,
        CAST(salary_max AS NUMERIC) AS salary_max,
        CAST(posted_date AS DATE) AS posted_date
    FROM raw_data
)

SELECT * FROM final
  );
[0m15:00:55.869583 [debug] [Thread-1  ]: SQL status: CREATE VIEW in 0.010 seconds
[0m15:00:55.875472 [debug] [Thread-1  ]: Using postgres connection "model.job_market_pipeline.stg_job_postings"
[0m15:00:55.875816 [debug] [Thread-1  ]: On model.job_market_pipeline.stg_job_postings: /* {"app": "dbt", "dbt_version": "1.9.0b2", "profile_name": "job_market_pipeline", "target_name": "dev", "node_id": "model.job_market_pipeline.stg_job_postings"} */
alter table "job_pipeline"."public_staging"."stg_job_postings" rename to "stg_job_postings__dbt_backup"
[0m15:00:55.877501 [debug] [Thread-1  ]: SQL status: ALTER TABLE in 0.001 seconds
[0m15:00:55.880977 [debug] [Thread-1  ]: Using postgres connection "model.job_market_pipeline.stg_job_postings"
[0m15:00:55.881354 [debug] [Thread-1  ]: On model.job_market_pipeline.stg_job_postings: /* {"app": "dbt", "dbt_version": "1.9.0b2", "profile_name": "job_market_pipeline", "target_name": "dev", "node_id": "model.job_market_pipeline.stg_job_postings"} */
alter table "job_pipeline"."public_staging"."stg_job_postings__dbt_tmp" rename to "stg_job_postings"
[0m15:00:55.882293 [debug] [Thread-1  ]: SQL status: ALTER TABLE in 0.001 seconds
[0m15:00:55.896544 [debug] [Thread-1  ]: On model.job_market_pipeline.stg_job_postings: COMMIT
[0m15:00:55.896963 [debug] [Thread-1  ]: Using postgres connection "model.job_market_pipeline.stg_job_postings"
[0m15:00:55.897259 [debug] [Thread-1  ]: On model.job_market_pipeline.stg_job_postings: COMMIT
[0m15:00:55.898744 [debug] [Thread-1  ]: SQL status: COMMIT in 0.001 seconds
[0m15:00:55.903886 [debug] [Thread-1  ]: Applying DROP to: "job_pipeline"."public_staging"."stg_job_postings__dbt_backup"
[0m15:00:55.907383 [debug] [Thread-1  ]: Using postgres connection "model.job_market_pipeline.stg_job_postings"
[0m15:00:55.907713 [debug] [Thread-1  ]: On model.job_market_pipeline.stg_job_postings: /* {"app": "dbt", "dbt_version": "1.9.0b2", "profile_name": "job_market_pipeline", "target_name": "dev", "node_id": "model.job_market_pipeline.stg_job_postings"} */
drop view if exists "job_pipeline"."public_staging"."stg_job_postings__dbt_backup" cascade
[0m15:00:55.913360 [debug] [Thread-1  ]: SQL status: DROP VIEW in 0.005 seconds
[0m15:00:55.915143 [debug] [Thread-1  ]: On model.job_market_pipeline.stg_job_postings: Close
[0m15:00:55.916522 [debug] [Thread-1  ]: Sending event: {'category': 'dbt', 'action': 'run_model', 'label': 'c502fc62-5565-4f56-a80e-011099bfc690', 'context': [<snowplow_tracker.self_describing_json.SelfDescribingJson object at 0x7fc8b1185910>]}
[0m15:00:55.917163 [info ] [Thread-1  ]: 1 of 3 OK created sql view model public_staging.stg_job_postings ............... [[32mCREATE VIEW[0m in 0.11s]
[0m15:00:55.917664 [debug] [Thread-1  ]: Finished running node model.job_market_pipeline.stg_job_postings
[0m15:00:55.918294 [debug] [Thread-3  ]: Began running node model.job_market_pipeline.int_job_skills_exploded
[0m15:00:55.918708 [info ] [Thread-3  ]: 2 of 3 START sql table model public.int_job_skills_exploded .................... [RUN]
[0m15:00:55.919109 [debug] [Thread-3  ]: Re-using an available connection from the pool (formerly list_job_pipeline_public_staging, now model.job_market_pipeline.int_job_skills_exploded)
[0m15:00:55.919419 [debug] [Thread-3  ]: Began compiling node model.job_market_pipeline.int_job_skills_exploded
[0m15:00:55.923307 [debug] [Thread-3  ]: Writing injected SQL for node "model.job_market_pipeline.int_job_skills_exploded"
[0m15:00:55.923964 [debug] [Thread-3  ]: Began executing node model.job_market_pipeline.int_job_skills_exploded
[0m15:00:55.948080 [debug] [Thread-3  ]: Writing runtime sql for node "model.job_market_pipeline.int_job_skills_exploded"
[0m15:00:55.948971 [debug] [Thread-3  ]: Using postgres connection "model.job_market_pipeline.int_job_skills_exploded"
[0m15:00:55.949469 [debug] [Thread-3  ]: On model.job_market_pipeline.int_job_skills_exploded: BEGIN
[0m15:00:55.950328 [debug] [Thread-3  ]: Opening a new connection, currently in state closed
[0m15:00:55.965668 [debug] [Thread-3  ]: SQL status: BEGIN in 0.015 seconds
[0m15:00:55.966272 [debug] [Thread-3  ]: Using postgres connection "model.job_market_pipeline.int_job_skills_exploded"
[0m15:00:55.966941 [debug] [Thread-3  ]: On model.job_market_pipeline.int_job_skills_exploded: /* {"app": "dbt", "dbt_version": "1.9.0b2", "profile_name": "job_market_pipeline", "target_name": "dev", "node_id": "model.job_market_pipeline.int_job_skills_exploded"} */

  
    

  create  table "job_pipeline"."public"."int_job_skills_exploded__dbt_tmp"
  
  
    as
  
  (
    

-- CTE 1: Get data from staging
WITH staging_data AS (
    SELECT 
        job_id,
        skills 
    FROM "job_pipeline"."public_staging"."stg_job_postings"
    WHERE skills IS NOT NULL 
      AND skills != ''
), -- <-- THIS COMMA IS MANDATORY

-- CTE 2: Break the strings apart
exploded_skills AS (
    SELECT
        job_id,
        TRIM(UNNEST(STRING_TO_ARRAY(skills, ','))) AS skill_name
    FROM staging_data
) -- <-- NO COMMA HERE

-- Final Output
SELECT 
    md5(cast(coalesce(cast(job_id as TEXT), '_dbt_utils_surrogate_key_null_') || '-' || coalesce(cast(skill_name as TEXT), '_dbt_utils_surrogate_key_null_') as TEXT)) AS job_skill_id,
    job_id,
    skill_name
FROM exploded_skills
  );
  
[0m15:01:00.683897 [debug] [Thread-3  ]: SQL status: SELECT 1251358 in 4.716 seconds
[0m15:01:00.692564 [debug] [Thread-3  ]: Using postgres connection "model.job_market_pipeline.int_job_skills_exploded"
[0m15:01:00.692950 [debug] [Thread-3  ]: On model.job_market_pipeline.int_job_skills_exploded: /* {"app": "dbt", "dbt_version": "1.9.0b2", "profile_name": "job_market_pipeline", "target_name": "dev", "node_id": "model.job_market_pipeline.int_job_skills_exploded"} */
alter table "job_pipeline"."public"."int_job_skills_exploded" rename to "int_job_skills_exploded__dbt_backup"
[0m15:01:00.693942 [debug] [Thread-3  ]: SQL status: ALTER TABLE in 0.001 seconds
[0m15:01:00.696460 [debug] [Thread-3  ]: Using postgres connection "model.job_market_pipeline.int_job_skills_exploded"
[0m15:01:00.696780 [debug] [Thread-3  ]: On model.job_market_pipeline.int_job_skills_exploded: /* {"app": "dbt", "dbt_version": "1.9.0b2", "profile_name": "job_market_pipeline", "target_name": "dev", "node_id": "model.job_market_pipeline.int_job_skills_exploded"} */
alter table "job_pipeline"."public"."int_job_skills_exploded__dbt_tmp" rename to "int_job_skills_exploded"
[0m15:01:00.769867 [debug] [Thread-3  ]: SQL status: ALTER TABLE in 0.072 seconds
[0m15:01:00.779869 [debug] [Thread-3  ]: On model.job_market_pipeline.int_job_skills_exploded: COMMIT
[0m15:01:00.780217 [debug] [Thread-3  ]: Using postgres connection "model.job_market_pipeline.int_job_skills_exploded"
[0m15:01:00.780510 [debug] [Thread-3  ]: On model.job_market_pipeline.int_job_skills_exploded: COMMIT
[0m15:01:00.783149 [debug] [Thread-3  ]: SQL status: COMMIT in 0.002 seconds
[0m15:01:00.785605 [debug] [Thread-3  ]: Applying DROP to: "job_pipeline"."public"."int_job_skills_exploded__dbt_backup"
[0m15:01:00.787583 [debug] [Thread-3  ]: Using postgres connection "model.job_market_pipeline.int_job_skills_exploded"
[0m15:01:00.787903 [debug] [Thread-3  ]: On model.job_market_pipeline.int_job_skills_exploded: /* {"app": "dbt", "dbt_version": "1.9.0b2", "profile_name": "job_market_pipeline", "target_name": "dev", "node_id": "model.job_market_pipeline.int_job_skills_exploded"} */
drop table if exists "job_pipeline"."public"."int_job_skills_exploded__dbt_backup" cascade
[0m15:01:00.871508 [debug] [Thread-3  ]: SQL status: DROP TABLE in 0.083 seconds
[0m15:01:00.877334 [debug] [Thread-3  ]: On model.job_market_pipeline.int_job_skills_exploded: Close
[0m15:01:00.878991 [debug] [Thread-3  ]: Sending event: {'category': 'dbt', 'action': 'run_model', 'label': 'c502fc62-5565-4f56-a80e-011099bfc690', 'context': [<snowplow_tracker.self_describing_json.SelfDescribingJson object at 0x7fc8b0941c70>]}
[0m15:01:00.880471 [info ] [Thread-3  ]: 2 of 3 OK created sql table model public.int_job_skills_exploded ............... [[32mSELECT 1251358[0m in 4.96s]
[0m15:01:00.881023 [debug] [Thread-3  ]: Finished running node model.job_market_pipeline.int_job_skills_exploded
[0m15:01:00.881671 [debug] [Thread-2  ]: Began running node model.job_market_pipeline.mart_job_market_insights
[0m15:01:00.882116 [info ] [Thread-2  ]: 3 of 3 START sql table model public_marts.mart_job_market_insights ............. [RUN]
[0m15:01:00.882559 [debug] [Thread-2  ]: Re-using an available connection from the pool (formerly list_job_pipeline_public_marts, now model.job_market_pipeline.mart_job_market_insights)
[0m15:01:00.882875 [debug] [Thread-2  ]: Began compiling node model.job_market_pipeline.mart_job_market_insights
[0m15:01:00.885970 [debug] [Thread-2  ]: Writing injected SQL for node "model.job_market_pipeline.mart_job_market_insights"
[0m15:01:00.886673 [debug] [Thread-2  ]: Began executing node model.job_market_pipeline.mart_job_market_insights
[0m15:01:00.890274 [debug] [Thread-2  ]: Writing runtime sql for node "model.job_market_pipeline.mart_job_market_insights"
[0m15:01:00.890930 [debug] [Thread-2  ]: Using postgres connection "model.job_market_pipeline.mart_job_market_insights"
[0m15:01:00.891251 [debug] [Thread-2  ]: On model.job_market_pipeline.mart_job_market_insights: BEGIN
[0m15:01:00.891545 [debug] [Thread-2  ]: Opening a new connection, currently in state closed
[0m15:01:00.904596 [debug] [Thread-2  ]: SQL status: BEGIN in 0.013 seconds
[0m15:01:00.905018 [debug] [Thread-2  ]: Using postgres connection "model.job_market_pipeline.mart_job_market_insights"
[0m15:01:00.905373 [debug] [Thread-2  ]: On model.job_market_pipeline.mart_job_market_insights: /* {"app": "dbt", "dbt_version": "1.9.0b2", "profile_name": "job_market_pipeline", "target_name": "dev", "node_id": "model.job_market_pipeline.mart_job_market_insights"} */

  
    

  create  table "job_pipeline"."public_marts"."mart_job_market_insights__dbt_tmp"
  
  
    as
  
  (
    

SELECT 
    skill_name,
    COUNT(DISTINCT job_id) AS demand_count,
    ROUND(AVG((salary_min + salary_max) / 2), 2) AS avg_market_salary,
    -- Calculate what % of these jobs are remote
    ROUND(100.0 * COUNT(CASE WHEN is_remote THEN 1 END) / COUNT(*), 2) AS remote_pct
FROM "job_pipeline"."public"."int_job_skills_exploded"
JOIN "job_pipeline"."public_staging"."stg_job_postings" USING (job_id)
GROUP BY 1
HAVING COUNT(DISTINCT job_id) > 5 -- Filter out outliers
ORDER BY demand_count DESC
  );
  
[0m15:01:00.917166 [debug] [Thread-2  ]: Postgres adapter: Postgres error: column "is_remote" does not exist
LINE 19:     ROUND(100.0 * COUNT(CASE WHEN is_remote THEN 1 END) / CO...
                                           ^

[0m15:01:00.917603 [debug] [Thread-2  ]: On model.job_market_pipeline.mart_job_market_insights: ROLLBACK
[0m15:01:00.918194 [debug] [Thread-2  ]: On model.job_market_pipeline.mart_job_market_insights: Close
[0m15:01:00.924147 [debug] [Thread-2  ]: Database Error in model mart_job_market_insights (models/marts/mart_job_market_insights.sql)
  column "is_remote" does not exist
  LINE 19:     ROUND(100.0 * COUNT(CASE WHEN is_remote THEN 1 END) / CO...
                                             ^
  compiled code at target/run/job_market_pipeline/models/marts/mart_job_market_insights.sql
[0m15:01:00.924545 [debug] [Thread-2  ]: Sending event: {'category': 'dbt', 'action': 'run_model', 'label': 'c502fc62-5565-4f56-a80e-011099bfc690', 'context': [<snowplow_tracker.self_describing_json.SelfDescribingJson object at 0x7fc8b11efa90>]}
[0m15:01:00.925069 [error] [Thread-2  ]: 3 of 3 ERROR creating sql table model public_marts.mart_job_market_insights .... [[31mERROR[0m in 0.04s]
[0m15:01:00.925561 [debug] [Thread-2  ]: Finished running node model.job_market_pipeline.mart_job_market_insights
[0m15:01:00.925985 [debug] [Thread-7  ]: Marking all children of 'model.job_market_pipeline.mart_job_market_insights' to be skipped because of status 'error'.  Reason: Database Error in model mart_job_market_insights (models/marts/mart_job_market_insights.sql)
  column "is_remote" does not exist
  LINE 19:     ROUND(100.0 * COUNT(CASE WHEN is_remote THEN 1 END) / CO...
                                             ^
  compiled code at target/run/job_market_pipeline/models/marts/mart_job_market_insights.sql.
[0m15:01:00.926852 [debug] [MainThread]: Using postgres connection "master"
[0m15:01:00.927111 [debug] [MainThread]: On master: BEGIN
[0m15:01:00.927342 [debug] [MainThread]: Opening a new connection, currently in state closed
[0m15:01:00.939788 [debug] [MainThread]: SQL status: BEGIN in 0.012 seconds
[0m15:01:00.940165 [debug] [MainThread]: On master: COMMIT
[0m15:01:00.940413 [debug] [MainThread]: Using postgres connection "master"
[0m15:01:00.940655 [debug] [MainThread]: On master: COMMIT
[0m15:01:00.941138 [debug] [MainThread]: SQL status: COMMIT in 0.000 seconds
[0m15:01:00.941390 [debug] [MainThread]: On master: Close
[0m15:01:00.941748 [debug] [MainThread]: Connection 'master' was properly closed.
[0m15:01:00.941993 [debug] [MainThread]: Connection 'model.job_market_pipeline.stg_job_postings' was properly closed.
[0m15:01:00.942230 [debug] [MainThread]: Connection 'model.job_market_pipeline.mart_job_market_insights' was properly closed.
[0m15:01:00.942461 [debug] [MainThread]: Connection 'model.job_market_pipeline.int_job_skills_exploded' was properly closed.
[0m15:01:00.942770 [info ] [MainThread]: 
[0m15:01:00.943051 [info ] [MainThread]: Finished running 2 table models, 1 view model in 0 hours 0 minutes and 5.56 seconds (5.56s).
[0m15:01:00.943798 [debug] [MainThread]: Command end result
[0m15:01:01.010079 [info ] [MainThread]: 
[0m15:01:01.010507 [info ] [MainThread]: [31mCompleted with 1 error, 0 partial successs, and 0 warnings:[0m
[0m15:01:01.010784 [info ] [MainThread]: 
[0m15:01:01.011108 [error] [MainThread]:   Database Error in model mart_job_market_insights (models/marts/mart_job_market_insights.sql)
  column "is_remote" does not exist
  LINE 19:     ROUND(100.0 * COUNT(CASE WHEN is_remote THEN 1 END) / CO...
                                             ^
  compiled code at target/run/job_market_pipeline/models/marts/mart_job_market_insights.sql
[0m15:01:01.011376 [info ] [MainThread]: 
[0m15:01:01.011646 [info ] [MainThread]: Done. PASS=2 WARN=0 ERROR=1 SKIP=0 TOTAL=3
[0m15:01:01.015064 [debug] [MainThread]: Resource report: {"command_name": "run", "command_wall_clock_time": 7.266053, "process_user_time": 2.78001, "process_kernel_time": 0.299818, "process_mem_max_rss": "120664064", "command_success": false, "process_in_blocks": "0", "process_out_blocks": "0"}
[0m15:01:01.015434 [debug] [MainThread]: Command `dbt run` failed at 15:01:01.015364 after 7.27 seconds
[0m15:01:01.015762 [debug] [MainThread]: Sending event: {'category': 'dbt', 'action': 'invocation', 'label': 'end', 'context': [<snowplow_tracker.self_describing_json.SelfDescribingJson object at 0x7fc8a1081eb0>, <snowplow_tracker.self_describing_json.SelfDescribingJson object at 0x7fc8b0e02850>, <snowplow_tracker.self_describing_json.SelfDescribingJson object at 0x7fc8b10201f0>]}
[0m15:01:01.016218 [debug] [MainThread]: Flushing usage events
[0m15:01:01.229192 [debug] [MainThread]: An error was encountered while trying to flush usage events
[0m15:03:30.477295 [debug] [MainThread]: Sending event: {'category': 'dbt', 'action': 'invocation', 'label': 'start', 'context': [<snowplow_tracker.self_describing_json.SelfDescribingJson object at 0x7fe591ce9eb0>, <snowplow_tracker.self_describing_json.SelfDescribingJson object at 0x7fe5924243d0>, <snowplow_tracker.self_describing_json.SelfDescribingJson object at 0x7fe5924796d0>]}


============================== 15:03:30.482623 | c0565edd-89c8-498c-a6ba-aaab7c632b0c ==============================
[0m15:03:30.482623 [info ] [MainThread]: Running with dbt=1.9.0-b2
[0m15:03:30.483144 [debug] [MainThread]: running dbt with arguments {'printer_width': '80', 'indirect_selection': 'eager', 'write_json': 'True', 'log_cache_events': 'False', 'partial_parse': 'True', 'cache_selected_only': 'False', 'warn_error': 'None', 'debug': 'False', 'version_check': 'True', 'log_path': '/Users/lbaba/job_market_pipeline/dbt_project/logs', 'fail_fast': 'False', 'profiles_dir': '/Users/lbaba/job_market_pipeline/dbt_project', 'use_colors': 'True', 'use_experimental_parser': 'False', 'no_print': 'None', 'quiet': 'False', 'empty': 'None', 'log_format': 'default', 'static_parser': 'True', 'warn_error_options': 'WarnErrorOptions(include=[], exclude=[])', 'introspect': 'True', 'target_path': 'None', 'invocation_command': 'dbt clean', 'send_anonymous_usage_stats': 'True'}
[0m15:03:30.587539 [debug] [MainThread]: Sending event: {'category': 'dbt', 'action': 'project_id', 'label': 'c0565edd-89c8-498c-a6ba-aaab7c632b0c', 'context': [<snowplow_tracker.self_describing_json.SelfDescribingJson object at 0x7fe590e06fa0>]}
[0m15:03:30.633165 [debug] [MainThread]: Resource report: {"command_name": "clean", "command_success": true, "command_wall_clock_time": 0.25112796, "process_user_time": 1.024921, "process_kernel_time": 0.525687, "process_mem_max_rss": "95203328", "process_in_blocks": "0", "process_out_blocks": "0"}
[0m15:03:30.633827 [debug] [MainThread]: Command `dbt clean` succeeded at 15:03:30.633569 after 0.25 seconds
[0m15:03:30.634197 [debug] [MainThread]: Sending event: {'category': 'dbt', 'action': 'invocation', 'label': 'end', 'context': [<snowplow_tracker.self_describing_json.SelfDescribingJson object at 0x7fe591ce9eb0>, <snowplow_tracker.self_describing_json.SelfDescribingJson object at 0x7fe590e06fa0>, <snowplow_tracker.self_describing_json.SelfDescribingJson object at 0x7fe5808a9ee0>]}
[0m15:03:30.634569 [debug] [MainThread]: Flushing usage events
[0m15:03:32.210540 [debug] [MainThread]: An error was encountered while trying to flush usage events
[0m15:04:20.414115 [debug] [MainThread]: Sending event: {'category': 'dbt', 'action': 'invocation', 'label': 'start', 'context': [<snowplow_tracker.self_describing_json.SelfDescribingJson object at 0x7fc289cf1e80>, <snowplow_tracker.self_describing_json.SelfDescribingJson object at 0x7fc26826ab50>, <snowplow_tracker.self_describing_json.SelfDescribingJson object at 0x7fc26829d460>]}


============================== 15:04:20.419309 | 04d506ca-9f72-418b-8e5d-9d9e7495c776 ==============================
[0m15:04:20.419309 [info ] [MainThread]: Running with dbt=1.9.0-b2
[0m15:04:20.419835 [debug] [MainThread]: running dbt with arguments {'printer_width': '80', 'indirect_selection': 'eager', 'log_cache_events': 'False', 'write_json': 'True', 'partial_parse': 'True', 'cache_selected_only': 'False', 'warn_error': 'None', 'debug': 'False', 'fail_fast': 'False', 'log_path': '/Users/lbaba/job_market_pipeline/dbt_project/logs', 'profiles_dir': '/Users/lbaba/job_market_pipeline/dbt_project', 'version_check': 'True', 'use_colors': 'True', 'use_experimental_parser': 'False', 'empty': 'None', 'quiet': 'False', 'no_print': 'None', 'warn_error_options': 'WarnErrorOptions(include=[], exclude=[])', 'introspect': 'True', 'log_format': 'default', 'static_parser': 'True', 'target_path': 'None', 'invocation_command': 'dbt deps', 'send_anonymous_usage_stats': 'True'}
[0m15:04:20.523443 [debug] [MainThread]: Sending event: {'category': 'dbt', 'action': 'project_id', 'label': '04d506ca-9f72-418b-8e5d-9d9e7495c776', 'context': [<snowplow_tracker.self_describing_json.SelfDescribingJson object at 0x7fc288de6e80>]}
[0m15:04:20.542940 [debug] [MainThread]: Set downloads directory='/var/folders/bw/8q0mpdln5pz7n5zwj5j1_7jr0000gn/T/dbt-downloads-fhgqvg92'
[0m15:04:20.543327 [debug] [MainThread]: Making package index registry request: GET https://hub.getdbt.com/api/v1/index.json
[0m15:04:20.987001 [debug] [MainThread]: Response from registry index: GET https://hub.getdbt.com/api/v1/index.json 200
[0m15:04:20.989413 [debug] [MainThread]: Making package registry request: GET https://hub.getdbt.com/api/v1/dbt-labs/dbt_utils.json
[0m15:04:21.061534 [debug] [MainThread]: Response from registry: GET https://hub.getdbt.com/api/v1/dbt-labs/dbt_utils.json 200
[0m15:04:21.071126 [info ] [MainThread]: Installing dbt-labs/dbt_utils
[0m15:04:22.589583 [info ] [MainThread]: Installed from version 1.3.3
[0m15:04:22.590006 [info ] [MainThread]: Up to date!
[0m15:04:22.590340 [debug] [MainThread]: Sending event: {'category': 'dbt', 'action': 'package', 'label': '04d506ca-9f72-418b-8e5d-9d9e7495c776', 'property_': 'install', 'context': [<snowplow_tracker.self_describing_json.SelfDescribingJson object at 0x7fc258498f40>, <snowplow_tracker.self_describing_json.SelfDescribingJson object at 0x7fc2682e9d90>]}
[0m15:04:22.594283 [debug] [MainThread]: Resource report: {"command_name": "deps", "command_success": true, "command_wall_clock_time": 2.273357, "process_user_time": 1.123179, "process_kernel_time": 0.202497, "process_mem_max_rss": "99627008", "process_in_blocks": "0", "process_out_blocks": "0"}
[0m15:04:22.594856 [debug] [MainThread]: Command `dbt deps` succeeded at 15:04:22.594637 after 2.27 seconds
[0m15:04:22.595204 [debug] [MainThread]: Sending event: {'category': 'dbt', 'action': 'invocation', 'label': 'end', 'context': [<snowplow_tracker.self_describing_json.SelfDescribingJson object at 0x7fc289cf1e80>, <snowplow_tracker.self_describing_json.SelfDescribingJson object at 0x7fc289f18a30>, <snowplow_tracker.self_describing_json.SelfDescribingJson object at 0x7fc2682cbd00>]}
[0m15:04:22.595529 [debug] [MainThread]: Flushing usage events
[0m15:04:22.777842 [debug] [MainThread]: An error was encountered while trying to flush usage events
[0m15:04:28.159229 [debug] [MainThread]: Sending event: {'category': 'dbt', 'action': 'invocation', 'label': 'start', 'context': [<snowplow_tracker.self_describing_json.SelfDescribingJson object at 0x7fcca1661e80>, <snowplow_tracker.self_describing_json.SelfDescribingJson object at 0x7fcc885e12e0>, <snowplow_tracker.self_describing_json.SelfDescribingJson object at 0x7fcc909d18b0>]}


============================== 15:04:28.163983 | 65c3021d-9a20-4d1e-a015-28acc9730579 ==============================
[0m15:04:28.163983 [info ] [MainThread]: Running with dbt=1.9.0-b2
[0m15:04:28.164542 [debug] [MainThread]: running dbt with arguments {'printer_width': '80', 'indirect_selection': 'eager', 'write_json': 'True', 'log_cache_events': 'False', 'partial_parse': 'True', 'cache_selected_only': 'False', 'profiles_dir': '/Users/lbaba/job_market_pipeline/dbt_project', 'version_check': 'True', 'warn_error': 'None', 'log_path': '/Users/lbaba/job_market_pipeline/dbt_project/logs', 'debug': 'False', 'fail_fast': 'False', 'use_colors': 'True', 'use_experimental_parser': 'False', 'no_print': 'None', 'quiet': 'False', 'empty': 'False', 'warn_error_options': 'WarnErrorOptions(include=[], exclude=[])', 'invocation_command': 'dbt run', 'introspect': 'True', 'log_format': 'default', 'target_path': 'None', 'static_parser': 'True', 'send_anonymous_usage_stats': 'True'}
[0m15:04:28.330085 [debug] [MainThread]: Sending event: {'category': 'dbt', 'action': 'project_id', 'label': '65c3021d-9a20-4d1e-a015-28acc9730579', 'context': [<snowplow_tracker.self_describing_json.SelfDescribingJson object at 0x7fcc909c7640>]}
[0m15:04:28.375149 [debug] [MainThread]: Sending event: {'category': 'dbt', 'action': 'adapter_info', 'label': '65c3021d-9a20-4d1e-a015-28acc9730579', 'context': [<snowplow_tracker.self_describing_json.SelfDescribingJson object at 0x7fcc886ec460>]}
[0m15:04:28.375968 [info ] [MainThread]: Registered adapter: postgres=1.8.2
[0m15:04:28.403932 [debug] [MainThread]: checksum: 4cfbbe2a671212f062e88a43cba5322b30b7e3e8e91b953aa4de249eeaade60f, vars: {}, profile: , target: , version: 1.9.0b2
[0m15:04:28.404981 [info ] [MainThread]: Unable to do partial parsing because saved manifest not found. Starting full parse.
[0m15:04:28.405462 [debug] [MainThread]: Sending event: {'category': 'dbt', 'action': 'partial_parser', 'label': '65c3021d-9a20-4d1e-a015-28acc9730579', 'context': [<snowplow_tracker.self_describing_json.SelfDescribingJson object at 0x7fcc90793730>]}
[0m15:04:29.711936 [debug] [MainThread]: Sending event: {'category': 'dbt', 'action': 'load_project', 'label': '65c3021d-9a20-4d1e-a015-28acc9730579', 'context': [<snowplow_tracker.self_describing_json.SelfDescribingJson object at 0x7fcc8832bb80>]}
[0m15:04:29.803581 [debug] [MainThread]: Sending event: {'category': 'dbt', 'action': 'resource_counts', 'label': '65c3021d-9a20-4d1e-a015-28acc9730579', 'context': [<snowplow_tracker.self_describing_json.SelfDescribingJson object at 0x7fcc80438df0>]}
[0m15:04:29.804095 [info ] [MainThread]: Found 3 models, 3 sources, 539 macros
[0m15:04:29.804408 [debug] [MainThread]: Sending event: {'category': 'dbt', 'action': 'runnable_timing', 'label': '65c3021d-9a20-4d1e-a015-28acc9730579', 'context': [<snowplow_tracker.self_describing_json.SelfDescribingJson object at 0x7fcc8832bd60>]}
[0m15:04:29.805551 [info ] [MainThread]: 
[0m15:04:29.805870 [info ] [MainThread]: Concurrency: 4 threads (target='dev')
[0m15:04:29.806129 [info ] [MainThread]: 
[0m15:04:29.806535 [debug] [MainThread]: Acquiring new postgres connection 'master'
[0m15:04:29.810178 [debug] [ThreadPool]: Acquiring new postgres connection 'list_job_pipeline'
[0m15:04:29.817786 [debug] [ThreadPool]: Acquiring new postgres connection 'list_job_pipeline'
[0m15:04:29.820879 [debug] [ThreadPool]: Acquiring new postgres connection 'list_job_pipeline'
[0m15:04:29.861507 [debug] [ThreadPool]: Using postgres connection "list_job_pipeline"
[0m15:04:29.861897 [debug] [ThreadPool]: Using postgres connection "list_job_pipeline"
[0m15:04:29.862198 [debug] [ThreadPool]: Using postgres connection "list_job_pipeline"
[0m15:04:29.862485 [debug] [ThreadPool]: On list_job_pipeline: /* {"app": "dbt", "dbt_version": "1.9.0b2", "profile_name": "job_market_pipeline", "target_name": "dev", "connection_name": "list_job_pipeline"} */

    select distinct nspname from pg_namespace
  
[0m15:04:29.862823 [debug] [ThreadPool]: On list_job_pipeline: /* {"app": "dbt", "dbt_version": "1.9.0b2", "profile_name": "job_market_pipeline", "target_name": "dev", "connection_name": "list_job_pipeline"} */

    select distinct nspname from pg_namespace
  
[0m15:04:29.863152 [debug] [ThreadPool]: On list_job_pipeline: /* {"app": "dbt", "dbt_version": "1.9.0b2", "profile_name": "job_market_pipeline", "target_name": "dev", "connection_name": "list_job_pipeline"} */

    select distinct nspname from pg_namespace
  
[0m15:04:29.863442 [debug] [ThreadPool]: Opening a new connection, currently in state init
[0m15:04:29.863718 [debug] [ThreadPool]: Opening a new connection, currently in state init
[0m15:04:29.863981 [debug] [ThreadPool]: Opening a new connection, currently in state init
[0m15:04:30.130473 [debug] [ThreadPool]: SQL status: SELECT 9 in 0.266 seconds
[0m15:04:30.130892 [debug] [ThreadPool]: SQL status: SELECT 9 in 0.267 seconds
[0m15:04:30.131916 [debug] [ThreadPool]: On list_job_pipeline: Close
[0m15:04:30.132185 [debug] [ThreadPool]: SQL status: SELECT 9 in 0.269 seconds
[0m15:04:30.133000 [debug] [ThreadPool]: On list_job_pipeline: Close
[0m15:04:30.133915 [debug] [ThreadPool]: On list_job_pipeline: Close
[0m15:04:30.135109 [debug] [ThreadPool]: Re-using an available connection from the pool (formerly list_job_pipeline, now list_job_pipeline_public_staging)
[0m15:04:30.140211 [debug] [ThreadPool]: Using postgres connection "list_job_pipeline_public_staging"
[0m15:04:30.140635 [debug] [ThreadPool]: On list_job_pipeline_public_staging: BEGIN
[0m15:04:30.141015 [debug] [ThreadPool]: Re-using an available connection from the pool (formerly list_job_pipeline, now list_job_pipeline_public_marts)
[0m15:04:30.141291 [debug] [ThreadPool]: Opening a new connection, currently in state closed
[0m15:04:30.141676 [debug] [ThreadPool]: Re-using an available connection from the pool (formerly list_job_pipeline, now list_job_pipeline_public)
[0m15:04:30.143547 [debug] [ThreadPool]: Using postgres connection "list_job_pipeline_public_marts"
[0m15:04:30.145969 [debug] [ThreadPool]: Using postgres connection "list_job_pipeline_public"
[0m15:04:30.146270 [debug] [ThreadPool]: On list_job_pipeline_public_marts: BEGIN
[0m15:04:30.146533 [debug] [ThreadPool]: On list_job_pipeline_public: BEGIN
[0m15:04:30.146801 [debug] [ThreadPool]: Opening a new connection, currently in state closed
[0m15:04:30.147066 [debug] [ThreadPool]: Opening a new connection, currently in state closed
[0m15:04:30.159669 [debug] [ThreadPool]: SQL status: BEGIN in 0.018 seconds
[0m15:04:30.159955 [debug] [ThreadPool]: Using postgres connection "list_job_pipeline_public_staging"
[0m15:04:30.160231 [debug] [ThreadPool]: On list_job_pipeline_public_staging: /* {"app": "dbt", "dbt_version": "1.9.0b2", "profile_name": "job_market_pipeline", "target_name": "dev", "connection_name": "list_job_pipeline_public_staging"} */
select
      'job_pipeline' as database,
      tablename as name,
      schemaname as schema,
      'table' as type
    from pg_tables
    where schemaname ilike 'public_staging'
    union all
    select
      'job_pipeline' as database,
      viewname as name,
      schemaname as schema,
      'view' as type
    from pg_views
    where schemaname ilike 'public_staging'
    union all
    select
      'job_pipeline' as database,
      matviewname as name,
      schemaname as schema,
      'materialized_view' as type
    from pg_matviews
    where schemaname ilike 'public_staging'
  
[0m15:04:30.162280 [debug] [ThreadPool]: SQL status: BEGIN in 0.015 seconds
[0m15:04:30.162535 [debug] [ThreadPool]: Using postgres connection "list_job_pipeline_public_marts"
[0m15:04:30.162810 [debug] [ThreadPool]: On list_job_pipeline_public_marts: /* {"app": "dbt", "dbt_version": "1.9.0b2", "profile_name": "job_market_pipeline", "target_name": "dev", "connection_name": "list_job_pipeline_public_marts"} */
select
      'job_pipeline' as database,
      tablename as name,
      schemaname as schema,
      'table' as type
    from pg_tables
    where schemaname ilike 'public_marts'
    union all
    select
      'job_pipeline' as database,
      viewname as name,
      schemaname as schema,
      'view' as type
    from pg_views
    where schemaname ilike 'public_marts'
    union all
    select
      'job_pipeline' as database,
      matviewname as name,
      schemaname as schema,
      'materialized_view' as type
    from pg_matviews
    where schemaname ilike 'public_marts'
  
[0m15:04:30.163099 [debug] [ThreadPool]: SQL status: BEGIN in 0.016 seconds
[0m15:04:30.163415 [debug] [ThreadPool]: Using postgres connection "list_job_pipeline_public"
[0m15:04:30.163683 [debug] [ThreadPool]: On list_job_pipeline_public: /* {"app": "dbt", "dbt_version": "1.9.0b2", "profile_name": "job_market_pipeline", "target_name": "dev", "connection_name": "list_job_pipeline_public"} */
select
      'job_pipeline' as database,
      tablename as name,
      schemaname as schema,
      'table' as type
    from pg_tables
    where schemaname ilike 'public'
    union all
    select
      'job_pipeline' as database,
      viewname as name,
      schemaname as schema,
      'view' as type
    from pg_views
    where schemaname ilike 'public'
    union all
    select
      'job_pipeline' as database,
      matviewname as name,
      schemaname as schema,
      'materialized_view' as type
    from pg_matviews
    where schemaname ilike 'public'
  
[0m15:04:30.171948 [debug] [ThreadPool]: SQL status: SELECT 1 in 0.009 seconds
[0m15:04:30.172913 [debug] [ThreadPool]: On list_job_pipeline_public_marts: ROLLBACK
[0m15:04:30.173237 [debug] [ThreadPool]: SQL status: SELECT 1 in 0.009 seconds
[0m15:04:30.174071 [debug] [ThreadPool]: On list_job_pipeline_public: ROLLBACK
[0m15:04:30.174390 [debug] [ThreadPool]: SQL status: SELECT 1 in 0.014 seconds
[0m15:04:30.175166 [debug] [ThreadPool]: On list_job_pipeline_public_staging: ROLLBACK
[0m15:04:30.175461 [debug] [ThreadPool]: On list_job_pipeline_public_marts: Close
[0m15:04:30.175747 [debug] [ThreadPool]: On list_job_pipeline_public: Close
[0m15:04:30.176015 [debug] [ThreadPool]: On list_job_pipeline_public_staging: Close
[0m15:04:30.180645 [debug] [MainThread]: Using postgres connection "master"
[0m15:04:30.180946 [debug] [MainThread]: On master: BEGIN
[0m15:04:30.181200 [debug] [MainThread]: Opening a new connection, currently in state init
[0m15:04:30.195993 [debug] [MainThread]: SQL status: BEGIN in 0.015 seconds
[0m15:04:30.196269 [debug] [MainThread]: Using postgres connection "master"
[0m15:04:30.196605 [debug] [MainThread]: On master: /* {"app": "dbt", "dbt_version": "1.9.0b2", "profile_name": "job_market_pipeline", "target_name": "dev", "connection_name": "master"} */
with relation as (
        select
            pg_rewrite.ev_class as class,
            pg_rewrite.oid as id
        from pg_rewrite
    ),
    class as (
        select
            oid as id,
            relname as name,
            relnamespace as schema,
            relkind as kind
        from pg_class
    ),
    dependency as (
        select distinct
            pg_depend.objid as id,
            pg_depend.refobjid as ref
        from pg_depend
    ),
    schema as (
        select
            pg_namespace.oid as id,
            pg_namespace.nspname as name
        from pg_namespace
        where nspname != 'information_schema' and nspname not like 'pg\_%'
    ),
    referenced as (
        select
            relation.id AS id,
            referenced_class.name ,
            referenced_class.schema ,
            referenced_class.kind
        from relation
        join class as referenced_class on relation.class=referenced_class.id
        where referenced_class.kind in ('r', 'v', 'm')
    ),
    relationships as (
        select
            referenced.name as referenced_name,
            referenced.schema as referenced_schema_id,
            dependent_class.name as dependent_name,
            dependent_class.schema as dependent_schema_id,
            referenced.kind as kind
        from referenced
        join dependency on referenced.id=dependency.id
        join class as dependent_class on dependency.ref=dependent_class.id
        where
            (referenced.name != dependent_class.name or
             referenced.schema != dependent_class.schema)
    )

    select
        referenced_schema.name as referenced_schema,
        relationships.referenced_name as referenced_name,
        dependent_schema.name as dependent_schema,
        relationships.dependent_name as dependent_name
    from relationships
    join schema as dependent_schema on relationships.dependent_schema_id=dependent_schema.id
    join schema as referenced_schema on relationships.referenced_schema_id=referenced_schema.id
    group by referenced_schema, referenced_name, dependent_schema, dependent_name
    order by referenced_schema, referenced_name, dependent_schema, dependent_name;
[0m15:04:30.208183 [debug] [MainThread]: SQL status: SELECT 1 in 0.011 seconds
[0m15:04:30.209099 [debug] [MainThread]: Sending event: {'category': 'dbt', 'action': 'runnable_timing', 'label': '65c3021d-9a20-4d1e-a015-28acc9730579', 'context': [<snowplow_tracker.self_describing_json.SelfDescribingJson object at 0x7fcc80385160>]}
[0m15:04:30.209486 [debug] [MainThread]: On master: ROLLBACK
[0m15:04:30.210093 [debug] [MainThread]: Using postgres connection "master"
[0m15:04:30.210346 [debug] [MainThread]: On master: BEGIN
[0m15:04:30.211276 [debug] [MainThread]: SQL status: BEGIN in 0.001 seconds
[0m15:04:30.211529 [debug] [MainThread]: On master: COMMIT
[0m15:04:30.211771 [debug] [MainThread]: Using postgres connection "master"
[0m15:04:30.212005 [debug] [MainThread]: On master: COMMIT
[0m15:04:30.212545 [debug] [MainThread]: SQL status: COMMIT in 0.000 seconds
[0m15:04:30.212813 [debug] [MainThread]: On master: Close
[0m15:04:30.214756 [debug] [Thread-1  ]: Began running node model.job_market_pipeline.stg_job_postings
[0m15:04:30.215196 [info ] [Thread-1  ]: 1 of 3 START sql view model public_staging.stg_job_postings .................... [RUN]
[0m15:04:30.215568 [debug] [Thread-1  ]: Re-using an available connection from the pool (formerly list_job_pipeline_public_staging, now model.job_market_pipeline.stg_job_postings)
[0m15:04:30.215875 [debug] [Thread-1  ]: Began compiling node model.job_market_pipeline.stg_job_postings
[0m15:04:30.223748 [debug] [Thread-1  ]: Writing injected SQL for node "model.job_market_pipeline.stg_job_postings"
[0m15:04:30.224562 [debug] [Thread-1  ]: Began executing node model.job_market_pipeline.stg_job_postings
[0m15:04:30.253389 [debug] [Thread-1  ]: Writing runtime sql for node "model.job_market_pipeline.stg_job_postings"
[0m15:04:30.254200 [debug] [Thread-1  ]: Using postgres connection "model.job_market_pipeline.stg_job_postings"
[0m15:04:30.254512 [debug] [Thread-1  ]: On model.job_market_pipeline.stg_job_postings: BEGIN
[0m15:04:30.254806 [debug] [Thread-1  ]: Opening a new connection, currently in state closed
[0m15:04:30.267838 [debug] [Thread-1  ]: SQL status: BEGIN in 0.013 seconds
[0m15:04:30.268185 [debug] [Thread-1  ]: Using postgres connection "model.job_market_pipeline.stg_job_postings"
[0m15:04:30.268518 [debug] [Thread-1  ]: On model.job_market_pipeline.stg_job_postings: /* {"app": "dbt", "dbt_version": "1.9.0b2", "profile_name": "job_market_pipeline", "target_name": "dev", "node_id": "model.job_market_pipeline.stg_job_postings"} */

  create view "job_pipeline"."public_staging"."stg_job_postings__dbt_tmp"
    
    
  as (
    

WITH raw_data AS (
    SELECT * FROM "job_pipeline"."raw"."job_postings"
),

final AS (
    SELECT
        job_id,
        TRIM(title) AS job_title,
        company_name,
        location,
        skills, 
        CAST(salary_min AS NUMERIC) AS salary_min,
        CAST(salary_max AS NUMERIC) AS salary_max,
        CAST(posted_date AS DATE) AS posted_date,
        -- ADD THIS LOGIC HERE:
        CASE 
            WHEN LOWER(location) LIKE '%remote%' THEN TRUE 
            ELSE FALSE 
        END AS is_remote
    FROM raw_data
)

SELECT * FROM final
  );
[0m15:04:30.277836 [debug] [Thread-1  ]: SQL status: CREATE VIEW in 0.009 seconds
[0m15:04:30.283836 [debug] [Thread-1  ]: Using postgres connection "model.job_market_pipeline.stg_job_postings"
[0m15:04:30.284191 [debug] [Thread-1  ]: On model.job_market_pipeline.stg_job_postings: /* {"app": "dbt", "dbt_version": "1.9.0b2", "profile_name": "job_market_pipeline", "target_name": "dev", "node_id": "model.job_market_pipeline.stg_job_postings"} */
alter table "job_pipeline"."public_staging"."stg_job_postings" rename to "stg_job_postings__dbt_backup"
[0m15:04:30.285912 [debug] [Thread-1  ]: SQL status: ALTER TABLE in 0.001 seconds
[0m15:04:30.288424 [debug] [Thread-1  ]: Using postgres connection "model.job_market_pipeline.stg_job_postings"
[0m15:04:30.288744 [debug] [Thread-1  ]: On model.job_market_pipeline.stg_job_postings: /* {"app": "dbt", "dbt_version": "1.9.0b2", "profile_name": "job_market_pipeline", "target_name": "dev", "node_id": "model.job_market_pipeline.stg_job_postings"} */
alter table "job_pipeline"."public_staging"."stg_job_postings__dbt_tmp" rename to "stg_job_postings"
[0m15:04:30.289837 [debug] [Thread-1  ]: SQL status: ALTER TABLE in 0.001 seconds
[0m15:04:30.304510 [debug] [Thread-1  ]: On model.job_market_pipeline.stg_job_postings: COMMIT
[0m15:04:30.304978 [debug] [Thread-1  ]: Using postgres connection "model.job_market_pipeline.stg_job_postings"
[0m15:04:30.305302 [debug] [Thread-1  ]: On model.job_market_pipeline.stg_job_postings: COMMIT
[0m15:04:30.306291 [debug] [Thread-1  ]: SQL status: COMMIT in 0.001 seconds
[0m15:04:30.312205 [debug] [Thread-1  ]: Applying DROP to: "job_pipeline"."public_staging"."stg_job_postings__dbt_backup"
[0m15:04:30.315973 [debug] [Thread-1  ]: Using postgres connection "model.job_market_pipeline.stg_job_postings"
[0m15:04:30.316394 [debug] [Thread-1  ]: On model.job_market_pipeline.stg_job_postings: /* {"app": "dbt", "dbt_version": "1.9.0b2", "profile_name": "job_market_pipeline", "target_name": "dev", "node_id": "model.job_market_pipeline.stg_job_postings"} */
drop view if exists "job_pipeline"."public_staging"."stg_job_postings__dbt_backup" cascade
[0m15:04:30.319580 [debug] [Thread-1  ]: SQL status: DROP VIEW in 0.003 seconds
[0m15:04:30.321471 [debug] [Thread-1  ]: On model.job_market_pipeline.stg_job_postings: Close
[0m15:04:30.322678 [debug] [Thread-1  ]: Sending event: {'category': 'dbt', 'action': 'run_model', 'label': '65c3021d-9a20-4d1e-a015-28acc9730579', 'context': [<snowplow_tracker.self_describing_json.SelfDescribingJson object at 0x7fcc88c16b50>]}
[0m15:04:30.323212 [info ] [Thread-1  ]: 1 of 3 OK created sql view model public_staging.stg_job_postings ............... [[32mCREATE VIEW[0m in 0.11s]
[0m15:04:30.323698 [debug] [Thread-1  ]: Finished running node model.job_market_pipeline.stg_job_postings
[0m15:04:30.324302 [debug] [Thread-3  ]: Began running node model.job_market_pipeline.int_job_skills_exploded
[0m15:04:30.324724 [info ] [Thread-3  ]: 2 of 3 START sql table model public.int_job_skills_exploded .................... [RUN]
[0m15:04:30.325110 [debug] [Thread-3  ]: Re-using an available connection from the pool (formerly list_job_pipeline_public, now model.job_market_pipeline.int_job_skills_exploded)
[0m15:04:30.325429 [debug] [Thread-3  ]: Began compiling node model.job_market_pipeline.int_job_skills_exploded
[0m15:04:30.329473 [debug] [Thread-3  ]: Writing injected SQL for node "model.job_market_pipeline.int_job_skills_exploded"
[0m15:04:30.330158 [debug] [Thread-3  ]: Began executing node model.job_market_pipeline.int_job_skills_exploded
[0m15:04:30.349347 [debug] [Thread-3  ]: Writing runtime sql for node "model.job_market_pipeline.int_job_skills_exploded"
[0m15:04:30.350212 [debug] [Thread-3  ]: Using postgres connection "model.job_market_pipeline.int_job_skills_exploded"
[0m15:04:30.350604 [debug] [Thread-3  ]: On model.job_market_pipeline.int_job_skills_exploded: BEGIN
[0m15:04:30.350912 [debug] [Thread-3  ]: Opening a new connection, currently in state closed
[0m15:04:30.366710 [debug] [Thread-3  ]: SQL status: BEGIN in 0.016 seconds
[0m15:04:30.367155 [debug] [Thread-3  ]: Using postgres connection "model.job_market_pipeline.int_job_skills_exploded"
[0m15:04:30.367515 [debug] [Thread-3  ]: On model.job_market_pipeline.int_job_skills_exploded: /* {"app": "dbt", "dbt_version": "1.9.0b2", "profile_name": "job_market_pipeline", "target_name": "dev", "node_id": "model.job_market_pipeline.int_job_skills_exploded"} */

  
    

  create  table "job_pipeline"."public"."int_job_skills_exploded__dbt_tmp"
  
  
    as
  
  (
    

-- CTE 1: Get data from staging
WITH staging_data AS (
    SELECT 
        job_id,
        skills 
    FROM "job_pipeline"."public_staging"."stg_job_postings"
    WHERE skills IS NOT NULL 
      AND skills != ''
), -- <-- THIS COMMA IS MANDATORY

-- CTE 2: Break the strings apart
exploded_skills AS (
    SELECT
        job_id,
        TRIM(UNNEST(STRING_TO_ARRAY(skills, ','))) AS skill_name
    FROM staging_data
) -- <-- NO COMMA HERE

-- Final Output
SELECT 
    md5(cast(coalesce(cast(job_id as TEXT), '_dbt_utils_surrogate_key_null_') || '-' || coalesce(cast(skill_name as TEXT), '_dbt_utils_surrogate_key_null_') as TEXT)) AS job_skill_id,
    job_id,
    skill_name
FROM exploded_skills
  );
  
[0m15:04:35.120637 [debug] [Thread-3  ]: SQL status: SELECT 1251358 in 4.752 seconds
[0m15:04:35.131096 [debug] [Thread-3  ]: Using postgres connection "model.job_market_pipeline.int_job_skills_exploded"
[0m15:04:35.131556 [debug] [Thread-3  ]: On model.job_market_pipeline.int_job_skills_exploded: /* {"app": "dbt", "dbt_version": "1.9.0b2", "profile_name": "job_market_pipeline", "target_name": "dev", "node_id": "model.job_market_pipeline.int_job_skills_exploded"} */
alter table "job_pipeline"."public"."int_job_skills_exploded" rename to "int_job_skills_exploded__dbt_backup"
[0m15:04:35.132361 [debug] [Thread-3  ]: SQL status: ALTER TABLE in 0.000 seconds
[0m15:04:35.135180 [debug] [Thread-3  ]: Using postgres connection "model.job_market_pipeline.int_job_skills_exploded"
[0m15:04:35.135521 [debug] [Thread-3  ]: On model.job_market_pipeline.int_job_skills_exploded: /* {"app": "dbt", "dbt_version": "1.9.0b2", "profile_name": "job_market_pipeline", "target_name": "dev", "node_id": "model.job_market_pipeline.int_job_skills_exploded"} */
alter table "job_pipeline"."public"."int_job_skills_exploded__dbt_tmp" rename to "int_job_skills_exploded"
[0m15:04:35.275443 [debug] [Thread-3  ]: SQL status: ALTER TABLE in 0.139 seconds
[0m15:04:35.286509 [debug] [Thread-3  ]: On model.job_market_pipeline.int_job_skills_exploded: COMMIT
[0m15:04:35.286897 [debug] [Thread-3  ]: Using postgres connection "model.job_market_pipeline.int_job_skills_exploded"
[0m15:04:35.287202 [debug] [Thread-3  ]: On model.job_market_pipeline.int_job_skills_exploded: COMMIT
[0m15:04:35.288495 [debug] [Thread-3  ]: SQL status: COMMIT in 0.001 seconds
[0m15:04:35.290927 [debug] [Thread-3  ]: Applying DROP to: "job_pipeline"."public"."int_job_skills_exploded__dbt_backup"
[0m15:04:35.292922 [debug] [Thread-3  ]: Using postgres connection "model.job_market_pipeline.int_job_skills_exploded"
[0m15:04:35.293252 [debug] [Thread-3  ]: On model.job_market_pipeline.int_job_skills_exploded: /* {"app": "dbt", "dbt_version": "1.9.0b2", "profile_name": "job_market_pipeline", "target_name": "dev", "node_id": "model.job_market_pipeline.int_job_skills_exploded"} */
drop table if exists "job_pipeline"."public"."int_job_skills_exploded__dbt_backup" cascade
[0m15:04:35.317125 [debug] [Thread-3  ]: SQL status: DROP TABLE in 0.024 seconds
[0m15:04:35.318212 [debug] [Thread-3  ]: On model.job_market_pipeline.int_job_skills_exploded: Close
[0m15:04:35.318685 [debug] [Thread-3  ]: Sending event: {'category': 'dbt', 'action': 'run_model', 'label': '65c3021d-9a20-4d1e-a015-28acc9730579', 'context': [<snowplow_tracker.self_describing_json.SelfDescribingJson object at 0x7fcca15c1130>]}
[0m15:04:35.319248 [info ] [Thread-3  ]: 2 of 3 OK created sql table model public.int_job_skills_exploded ............... [[32mSELECT 1251358[0m in 4.99s]
[0m15:04:35.319738 [debug] [Thread-3  ]: Finished running node model.job_market_pipeline.int_job_skills_exploded
[0m15:04:35.320291 [debug] [Thread-2  ]: Began running node model.job_market_pipeline.mart_job_market_insights
[0m15:04:35.320675 [info ] [Thread-2  ]: 3 of 3 START sql table model public_marts.mart_job_market_insights ............. [RUN]
[0m15:04:35.321040 [debug] [Thread-2  ]: Re-using an available connection from the pool (formerly list_job_pipeline_public_marts, now model.job_market_pipeline.mart_job_market_insights)
[0m15:04:35.321349 [debug] [Thread-2  ]: Began compiling node model.job_market_pipeline.mart_job_market_insights
[0m15:04:35.324234 [debug] [Thread-2  ]: Writing injected SQL for node "model.job_market_pipeline.mart_job_market_insights"
[0m15:04:35.324956 [debug] [Thread-2  ]: Began executing node model.job_market_pipeline.mart_job_market_insights
[0m15:04:35.329026 [debug] [Thread-2  ]: Writing runtime sql for node "model.job_market_pipeline.mart_job_market_insights"
[0m15:04:35.329886 [debug] [Thread-2  ]: Using postgres connection "model.job_market_pipeline.mart_job_market_insights"
[0m15:04:35.330223 [debug] [Thread-2  ]: On model.job_market_pipeline.mart_job_market_insights: BEGIN
[0m15:04:35.330526 [debug] [Thread-2  ]: Opening a new connection, currently in state closed
[0m15:04:35.342446 [debug] [Thread-2  ]: SQL status: BEGIN in 0.012 seconds
[0m15:04:35.342828 [debug] [Thread-2  ]: Using postgres connection "model.job_market_pipeline.mart_job_market_insights"
[0m15:04:35.343157 [debug] [Thread-2  ]: On model.job_market_pipeline.mart_job_market_insights: /* {"app": "dbt", "dbt_version": "1.9.0b2", "profile_name": "job_market_pipeline", "target_name": "dev", "node_id": "model.job_market_pipeline.mart_job_market_insights"} */

  
    

  create  table "job_pipeline"."public_marts"."mart_job_market_insights__dbt_tmp"
  
  
    as
  
  (
    

SELECT 
    skills.skill_name,
    COUNT(DISTINCT skills.job_id) AS demand_count,
    ROUND(AVG((stg.salary_min + stg.salary_max) / 2), 2) AS avg_market_salary,
    -- This is the line that was failing:
    ROUND(100.0 * COUNT(CASE WHEN stg.is_remote THEN 1 END) / COUNT(*), 2) AS remote_pct
FROM "job_pipeline"."public"."int_job_skills_exploded" AS skills
JOIN "job_pipeline"."public_staging"."stg_job_postings" AS stg 
    ON skills.job_id = stg.job_id
GROUP BY 1
HAVING COUNT(DISTINCT skills.job_id) > 5
ORDER BY demand_count DESC
  );
  
[0m15:04:36.299543 [debug] [Thread-2  ]: SQL status: SELECT 10 in 0.955 seconds
[0m15:04:36.307973 [debug] [Thread-2  ]: Using postgres connection "model.job_market_pipeline.mart_job_market_insights"
[0m15:04:36.308364 [debug] [Thread-2  ]: On model.job_market_pipeline.mart_job_market_insights: /* {"app": "dbt", "dbt_version": "1.9.0b2", "profile_name": "job_market_pipeline", "target_name": "dev", "node_id": "model.job_market_pipeline.mart_job_market_insights"} */
alter table "job_pipeline"."public_marts"."mart_job_market_insights" rename to "mart_job_market_insights__dbt_backup"
[0m15:04:36.309069 [debug] [Thread-2  ]: SQL status: ALTER TABLE in 0.000 seconds
[0m15:04:36.312478 [debug] [Thread-2  ]: Using postgres connection "model.job_market_pipeline.mart_job_market_insights"
[0m15:04:36.312805 [debug] [Thread-2  ]: On model.job_market_pipeline.mart_job_market_insights: /* {"app": "dbt", "dbt_version": "1.9.0b2", "profile_name": "job_market_pipeline", "target_name": "dev", "node_id": "model.job_market_pipeline.mart_job_market_insights"} */
alter table "job_pipeline"."public_marts"."mart_job_market_insights__dbt_tmp" rename to "mart_job_market_insights"
[0m15:04:36.313472 [debug] [Thread-2  ]: SQL status: ALTER TABLE in 0.000 seconds
[0m15:04:36.314887 [debug] [Thread-2  ]: On model.job_market_pipeline.mart_job_market_insights: COMMIT
[0m15:04:36.315204 [debug] [Thread-2  ]: Using postgres connection "model.job_market_pipeline.mart_job_market_insights"
[0m15:04:36.315494 [debug] [Thread-2  ]: On model.job_market_pipeline.mart_job_market_insights: COMMIT
[0m15:04:36.316432 [debug] [Thread-2  ]: SQL status: COMMIT in 0.001 seconds
[0m15:04:36.352334 [debug] [Thread-2  ]: Applying DROP to: "job_pipeline"."public_marts"."mart_job_market_insights__dbt_backup"
[0m15:04:36.353090 [debug] [Thread-2  ]: Using postgres connection "model.job_market_pipeline.mart_job_market_insights"
[0m15:04:36.353410 [debug] [Thread-2  ]: On model.job_market_pipeline.mart_job_market_insights: /* {"app": "dbt", "dbt_version": "1.9.0b2", "profile_name": "job_market_pipeline", "target_name": "dev", "node_id": "model.job_market_pipeline.mart_job_market_insights"} */
drop table if exists "job_pipeline"."public_marts"."mart_job_market_insights__dbt_backup" cascade
[0m15:04:36.355549 [debug] [Thread-2  ]: SQL status: DROP TABLE in 0.002 seconds
[0m15:04:36.356559 [debug] [Thread-2  ]: On model.job_market_pipeline.mart_job_market_insights: Close
[0m15:04:36.357000 [debug] [Thread-2  ]: Sending event: {'category': 'dbt', 'action': 'run_model', 'label': '65c3021d-9a20-4d1e-a015-28acc9730579', 'context': [<snowplow_tracker.self_describing_json.SelfDescribingJson object at 0x7fcc88c72430>]}
[0m15:04:36.357539 [info ] [Thread-2  ]: 3 of 3 OK created sql table model public_marts.mart_job_market_insights ........ [[32mSELECT 10[0m in 1.04s]
[0m15:04:36.358026 [debug] [Thread-2  ]: Finished running node model.job_market_pipeline.mart_job_market_insights
[0m15:04:36.358963 [debug] [MainThread]: Using postgres connection "master"
[0m15:04:36.359240 [debug] [MainThread]: On master: BEGIN
[0m15:04:36.359482 [debug] [MainThread]: Opening a new connection, currently in state closed
[0m15:04:36.371710 [debug] [MainThread]: SQL status: BEGIN in 0.012 seconds
[0m15:04:36.372352 [debug] [MainThread]: On master: COMMIT
[0m15:04:36.372633 [debug] [MainThread]: Using postgres connection "master"
[0m15:04:36.372892 [debug] [MainThread]: On master: COMMIT
[0m15:04:36.373303 [debug] [MainThread]: SQL status: COMMIT in 0.000 seconds
[0m15:04:36.373558 [debug] [MainThread]: On master: Close
[0m15:04:36.373928 [debug] [MainThread]: Connection 'master' was properly closed.
[0m15:04:36.374177 [debug] [MainThread]: Connection 'model.job_market_pipeline.stg_job_postings' was properly closed.
[0m15:04:36.374416 [debug] [MainThread]: Connection 'model.job_market_pipeline.mart_job_market_insights' was properly closed.
[0m15:04:36.374649 [debug] [MainThread]: Connection 'model.job_market_pipeline.int_job_skills_exploded' was properly closed.
[0m15:04:36.374985 [info ] [MainThread]: 
[0m15:04:36.375272 [info ] [MainThread]: Finished running 2 table models, 1 view model in 0 hours 0 minutes and 6.57 seconds (6.57s).
[0m15:04:36.376042 [debug] [MainThread]: Command end result
[0m15:04:36.404354 [info ] [MainThread]: 
[0m15:04:36.404806 [info ] [MainThread]: [32mCompleted successfully[0m
[0m15:04:36.405087 [info ] [MainThread]: 
[0m15:04:36.405384 [info ] [MainThread]: Done. PASS=3 WARN=0 ERROR=0 SKIP=0 TOTAL=3
[0m15:04:36.408925 [debug] [MainThread]: Resource report: {"command_name": "run", "command_success": true, "command_wall_clock_time": 8.335151, "process_user_time": 2.867072, "process_kernel_time": 0.301331, "process_mem_max_rss": "121974784", "process_in_blocks": "0", "process_out_blocks": "0"}
[0m15:04:36.409330 [debug] [MainThread]: Command `dbt run` succeeded at 15:04:36.409251 after 8.34 seconds
[0m15:04:36.409699 [debug] [MainThread]: Sending event: {'category': 'dbt', 'action': 'invocation', 'label': 'end', 'context': [<snowplow_tracker.self_describing_json.SelfDescribingJson object at 0x7fcca1661e80>, <snowplow_tracker.self_describing_json.SelfDescribingJson object at 0x7fcca0925670>, <snowplow_tracker.self_describing_json.SelfDescribingJson object at 0x7fcc90e10e80>]}
[0m15:04:36.410118 [debug] [MainThread]: Flushing usage events
[0m15:04:36.612359 [debug] [MainThread]: An error was encountered while trying to flush usage events
[0m16:09:30.653485 [debug] [MainThread]: Sending event: {'category': 'dbt', 'action': 'invocation', 'label': 'start', 'context': [<snowplow_tracker.self_describing_json.SelfDescribingJson object at 0x7f8628bf1d60>, <snowplow_tracker.self_describing_json.SelfDescribingJson object at 0x7f8629535640>, <snowplow_tracker.self_describing_json.SelfDescribingJson object at 0x7f862955f700>]}


============================== 16:09:30.659316 | c74fa737-f877-416c-a3e2-6a47baf429cb ==============================
[0m16:09:30.659316 [info ] [MainThread]: Running with dbt=1.9.0-b2
[0m16:09:30.659929 [debug] [MainThread]: running dbt with arguments {'printer_width': '80', 'indirect_selection': 'eager', 'log_cache_events': 'False', 'write_json': 'True', 'partial_parse': 'True', 'cache_selected_only': 'False', 'warn_error': 'None', 'fail_fast': 'False', 'version_check': 'True', 'log_path': '/Users/lbaba/job_market_pipeline/dbt_project/logs', 'profiles_dir': '/Users/lbaba/job_market_pipeline/dbt_project', 'debug': 'False', 'use_colors': 'True', 'use_experimental_parser': 'False', 'empty': 'False', 'quiet': 'False', 'no_print': 'None', 'warn_error_options': 'WarnErrorOptions(include=[], exclude=[])', 'static_parser': 'True', 'introspect': 'True', 'log_format': 'default', 'target_path': 'None', 'invocation_command': 'dbt run', 'send_anonymous_usage_stats': 'True'}
[0m16:09:34.033782 [debug] [MainThread]: Sending event: {'category': 'dbt', 'action': 'project_id', 'label': 'c74fa737-f877-416c-a3e2-6a47baf429cb', 'context': [<snowplow_tracker.self_describing_json.SelfDescribingJson object at 0x7f860833f820>]}
[0m16:09:34.083416 [debug] [MainThread]: Sending event: {'category': 'dbt', 'action': 'adapter_info', 'label': 'c74fa737-f877-416c-a3e2-6a47baf429cb', 'context': [<snowplow_tracker.self_describing_json.SelfDescribingJson object at 0x7f8608a52cd0>]}
[0m16:09:34.084498 [info ] [MainThread]: Registered adapter: postgres=1.8.2
[0m16:09:34.268109 [debug] [MainThread]: checksum: 4cfbbe2a671212f062e88a43cba5322b30b7e3e8e91b953aa4de249eeaade60f, vars: {}, profile: , target: , version: 1.9.0b2
[0m16:09:34.424279 [debug] [MainThread]: Partial parsing enabled: 0 files deleted, 0 files added, 0 files changed.
[0m16:09:34.424749 [debug] [MainThread]: Partial parsing enabled, no changes found, skipping parsing
[0m16:09:34.460149 [debug] [MainThread]: Sending event: {'category': 'dbt', 'action': 'load_project', 'label': 'c74fa737-f877-416c-a3e2-6a47baf429cb', 'context': [<snowplow_tracker.self_describing_json.SelfDescribingJson object at 0x7f86104c0a60>]}
[0m16:09:34.562347 [debug] [MainThread]: Sending event: {'category': 'dbt', 'action': 'resource_counts', 'label': 'c74fa737-f877-416c-a3e2-6a47baf429cb', 'context': [<snowplow_tracker.self_describing_json.SelfDescribingJson object at 0x7f861035a6d0>]}
[0m16:09:34.562973 [info ] [MainThread]: Found 3 models, 3 sources, 539 macros
[0m16:09:34.563336 [debug] [MainThread]: Sending event: {'category': 'dbt', 'action': 'runnable_timing', 'label': 'c74fa737-f877-416c-a3e2-6a47baf429cb', 'context': [<snowplow_tracker.self_describing_json.SelfDescribingJson object at 0x7f8608c6c550>]}
[0m16:09:34.564872 [info ] [MainThread]: 
[0m16:09:34.565280 [info ] [MainThread]: Concurrency: 4 threads (target='dev')
[0m16:09:34.565550 [info ] [MainThread]: 
[0m16:09:34.566100 [debug] [MainThread]: Acquiring new postgres connection 'master'
[0m16:09:34.570740 [debug] [ThreadPool]: Acquiring new postgres connection 'list_job_pipeline'
[0m16:09:34.579849 [debug] [ThreadPool]: Acquiring new postgres connection 'list_job_pipeline'
[0m16:09:34.590924 [debug] [ThreadPool]: Acquiring new postgres connection 'list_job_pipeline'
[0m16:09:34.681292 [debug] [ThreadPool]: Using postgres connection "list_job_pipeline"
[0m16:09:34.683267 [debug] [ThreadPool]: Using postgres connection "list_job_pipeline"
[0m16:09:34.684225 [debug] [ThreadPool]: Using postgres connection "list_job_pipeline"
[0m16:09:34.685324 [debug] [ThreadPool]: On list_job_pipeline: /* {"app": "dbt", "dbt_version": "1.9.0b2", "profile_name": "job_market_pipeline", "target_name": "dev", "connection_name": "list_job_pipeline"} */

    select distinct nspname from pg_namespace
  
[0m16:09:34.686373 [debug] [ThreadPool]: On list_job_pipeline: /* {"app": "dbt", "dbt_version": "1.9.0b2", "profile_name": "job_market_pipeline", "target_name": "dev", "connection_name": "list_job_pipeline"} */

    select distinct nspname from pg_namespace
  
[0m16:09:34.686771 [debug] [ThreadPool]: On list_job_pipeline: /* {"app": "dbt", "dbt_version": "1.9.0b2", "profile_name": "job_market_pipeline", "target_name": "dev", "connection_name": "list_job_pipeline"} */

    select distinct nspname from pg_namespace
  
[0m16:09:34.687092 [debug] [ThreadPool]: Opening a new connection, currently in state init
[0m16:09:34.688352 [debug] [ThreadPool]: Opening a new connection, currently in state init
[0m16:09:34.689079 [debug] [ThreadPool]: Opening a new connection, currently in state init
[0m16:09:35.440950 [debug] [ThreadPool]: SQL status: SELECT 9 in 0.753 seconds
[0m16:09:35.441550 [debug] [ThreadPool]: SQL status: SELECT 9 in 0.753 seconds
[0m16:09:35.441899 [debug] [ThreadPool]: SQL status: SELECT 9 in 0.755 seconds
[0m16:09:35.443132 [debug] [ThreadPool]: On list_job_pipeline: Close
[0m16:09:35.444122 [debug] [ThreadPool]: On list_job_pipeline: Close
[0m16:09:35.445136 [debug] [ThreadPool]: On list_job_pipeline: Close
[0m16:09:35.447292 [debug] [ThreadPool]: Re-using an available connection from the pool (formerly list_job_pipeline, now list_job_pipeline_public_marts)
[0m16:09:35.447924 [debug] [ThreadPool]: Re-using an available connection from the pool (formerly list_job_pipeline, now list_job_pipeline_public_staging)
[0m16:09:35.455016 [debug] [ThreadPool]: Re-using an available connection from the pool (formerly list_job_pipeline, now list_job_pipeline_public)
[0m16:09:35.455528 [debug] [ThreadPool]: Using postgres connection "list_job_pipeline_public_marts"
[0m16:09:35.458048 [debug] [ThreadPool]: Using postgres connection "list_job_pipeline_public_staging"
[0m16:09:35.460536 [debug] [ThreadPool]: Using postgres connection "list_job_pipeline_public"
[0m16:09:35.460966 [debug] [ThreadPool]: On list_job_pipeline_public_marts: BEGIN
[0m16:09:35.461254 [debug] [ThreadPool]: On list_job_pipeline_public_staging: BEGIN
[0m16:09:35.461511 [debug] [ThreadPool]: On list_job_pipeline_public: BEGIN
[0m16:09:35.461782 [debug] [ThreadPool]: Opening a new connection, currently in state closed
[0m16:09:35.462046 [debug] [ThreadPool]: Opening a new connection, currently in state closed
[0m16:09:35.462299 [debug] [ThreadPool]: Opening a new connection, currently in state closed
[0m16:09:35.498849 [debug] [ThreadPool]: SQL status: BEGIN in 0.036 seconds
[0m16:09:35.499391 [debug] [ThreadPool]: SQL status: BEGIN in 0.038 seconds
[0m16:09:35.499677 [debug] [ThreadPool]: Using postgres connection "list_job_pipeline_public"
[0m16:09:35.499951 [debug] [ThreadPool]: SQL status: BEGIN in 0.038 seconds
[0m16:09:35.500232 [debug] [ThreadPool]: Using postgres connection "list_job_pipeline_public_marts"
[0m16:09:35.500525 [debug] [ThreadPool]: On list_job_pipeline_public: /* {"app": "dbt", "dbt_version": "1.9.0b2", "profile_name": "job_market_pipeline", "target_name": "dev", "connection_name": "list_job_pipeline_public"} */
select
      'job_pipeline' as database,
      tablename as name,
      schemaname as schema,
      'table' as type
    from pg_tables
    where schemaname ilike 'public'
    union all
    select
      'job_pipeline' as database,
      viewname as name,
      schemaname as schema,
      'view' as type
    from pg_views
    where schemaname ilike 'public'
    union all
    select
      'job_pipeline' as database,
      matviewname as name,
      schemaname as schema,
      'materialized_view' as type
    from pg_matviews
    where schemaname ilike 'public'
  
[0m16:09:35.500819 [debug] [ThreadPool]: Using postgres connection "list_job_pipeline_public_staging"
[0m16:09:35.501102 [debug] [ThreadPool]: On list_job_pipeline_public_marts: /* {"app": "dbt", "dbt_version": "1.9.0b2", "profile_name": "job_market_pipeline", "target_name": "dev", "connection_name": "list_job_pipeline_public_marts"} */
select
      'job_pipeline' as database,
      tablename as name,
      schemaname as schema,
      'table' as type
    from pg_tables
    where schemaname ilike 'public_marts'
    union all
    select
      'job_pipeline' as database,
      viewname as name,
      schemaname as schema,
      'view' as type
    from pg_views
    where schemaname ilike 'public_marts'
    union all
    select
      'job_pipeline' as database,
      matviewname as name,
      schemaname as schema,
      'materialized_view' as type
    from pg_matviews
    where schemaname ilike 'public_marts'
  
[0m16:09:35.501511 [debug] [ThreadPool]: On list_job_pipeline_public_staging: /* {"app": "dbt", "dbt_version": "1.9.0b2", "profile_name": "job_market_pipeline", "target_name": "dev", "connection_name": "list_job_pipeline_public_staging"} */
select
      'job_pipeline' as database,
      tablename as name,
      schemaname as schema,
      'table' as type
    from pg_tables
    where schemaname ilike 'public_staging'
    union all
    select
      'job_pipeline' as database,
      viewname as name,
      schemaname as schema,
      'view' as type
    from pg_views
    where schemaname ilike 'public_staging'
    union all
    select
      'job_pipeline' as database,
      matviewname as name,
      schemaname as schema,
      'materialized_view' as type
    from pg_matviews
    where schemaname ilike 'public_staging'
  
[0m16:09:35.557487 [debug] [ThreadPool]: SQL status: SELECT 1 in 0.056 seconds
[0m16:09:35.557907 [debug] [ThreadPool]: SQL status: SELECT 1 in 0.057 seconds
[0m16:09:35.558152 [debug] [ThreadPool]: SQL status: SELECT 1 in 0.056 seconds
[0m16:09:35.559273 [debug] [ThreadPool]: On list_job_pipeline_public_staging: ROLLBACK
[0m16:09:35.560197 [debug] [ThreadPool]: On list_job_pipeline_public: ROLLBACK
[0m16:09:35.561055 [debug] [ThreadPool]: On list_job_pipeline_public_marts: ROLLBACK
[0m16:09:35.561838 [debug] [ThreadPool]: On list_job_pipeline_public: Close
[0m16:09:35.562125 [debug] [ThreadPool]: On list_job_pipeline_public_staging: Close
[0m16:09:35.562365 [debug] [ThreadPool]: On list_job_pipeline_public_marts: Close
[0m16:09:35.568534 [debug] [MainThread]: Using postgres connection "master"
[0m16:09:35.568938 [debug] [MainThread]: On master: BEGIN
[0m16:09:35.569194 [debug] [MainThread]: Opening a new connection, currently in state init
[0m16:09:35.585210 [debug] [MainThread]: SQL status: BEGIN in 0.016 seconds
[0m16:09:35.585600 [debug] [MainThread]: Using postgres connection "master"
[0m16:09:35.585950 [debug] [MainThread]: On master: /* {"app": "dbt", "dbt_version": "1.9.0b2", "profile_name": "job_market_pipeline", "target_name": "dev", "connection_name": "master"} */
with relation as (
        select
            pg_rewrite.ev_class as class,
            pg_rewrite.oid as id
        from pg_rewrite
    ),
    class as (
        select
            oid as id,
            relname as name,
            relnamespace as schema,
            relkind as kind
        from pg_class
    ),
    dependency as (
        select distinct
            pg_depend.objid as id,
            pg_depend.refobjid as ref
        from pg_depend
    ),
    schema as (
        select
            pg_namespace.oid as id,
            pg_namespace.nspname as name
        from pg_namespace
        where nspname != 'information_schema' and nspname not like 'pg\_%'
    ),
    referenced as (
        select
            relation.id AS id,
            referenced_class.name ,
            referenced_class.schema ,
            referenced_class.kind
        from relation
        join class as referenced_class on relation.class=referenced_class.id
        where referenced_class.kind in ('r', 'v', 'm')
    ),
    relationships as (
        select
            referenced.name as referenced_name,
            referenced.schema as referenced_schema_id,
            dependent_class.name as dependent_name,
            dependent_class.schema as dependent_schema_id,
            referenced.kind as kind
        from referenced
        join dependency on referenced.id=dependency.id
        join class as dependent_class on dependency.ref=dependent_class.id
        where
            (referenced.name != dependent_class.name or
             referenced.schema != dependent_class.schema)
    )

    select
        referenced_schema.name as referenced_schema,
        relationships.referenced_name as referenced_name,
        dependent_schema.name as dependent_schema,
        relationships.dependent_name as dependent_name
    from relationships
    join schema as dependent_schema on relationships.dependent_schema_id=dependent_schema.id
    join schema as referenced_schema on relationships.referenced_schema_id=referenced_schema.id
    group by referenced_schema, referenced_name, dependent_schema, dependent_name
    order by referenced_schema, referenced_name, dependent_schema, dependent_name;
[0m16:09:35.687814 [debug] [MainThread]: SQL status: SELECT 1 in 0.101 seconds
[0m16:09:35.688979 [debug] [MainThread]: Sending event: {'category': 'dbt', 'action': 'runnable_timing', 'label': 'c74fa737-f877-416c-a3e2-6a47baf429cb', 'context': [<snowplow_tracker.self_describing_json.SelfDescribingJson object at 0x7f862893a4f0>]}
[0m16:09:35.689441 [debug] [MainThread]: On master: ROLLBACK
[0m16:09:35.690441 [debug] [MainThread]: Using postgres connection "master"
[0m16:09:35.690751 [debug] [MainThread]: On master: BEGIN
[0m16:09:35.692086 [debug] [MainThread]: SQL status: BEGIN in 0.001 seconds
[0m16:09:35.692486 [debug] [MainThread]: On master: COMMIT
[0m16:09:35.692760 [debug] [MainThread]: Using postgres connection "master"
[0m16:09:35.693015 [debug] [MainThread]: On master: COMMIT
[0m16:09:35.694080 [debug] [MainThread]: SQL status: COMMIT in 0.001 seconds
[0m16:09:35.694400 [debug] [MainThread]: On master: Close
[0m16:09:35.698785 [debug] [Thread-1  ]: Began running node model.job_market_pipeline.stg_job_postings
[0m16:09:35.699441 [info ] [Thread-1  ]: 1 of 3 START sql view model public_staging.stg_job_postings .................... [RUN]
[0m16:09:35.699910 [debug] [Thread-1  ]: Re-using an available connection from the pool (formerly list_job_pipeline_public_marts, now model.job_market_pipeline.stg_job_postings)
[0m16:09:35.700240 [debug] [Thread-1  ]: Began compiling node model.job_market_pipeline.stg_job_postings
[0m16:09:35.711836 [debug] [Thread-1  ]: Writing injected SQL for node "model.job_market_pipeline.stg_job_postings"
[0m16:09:35.712837 [debug] [Thread-1  ]: Began executing node model.job_market_pipeline.stg_job_postings
[0m16:09:35.778436 [debug] [Thread-1  ]: Writing runtime sql for node "model.job_market_pipeline.stg_job_postings"
[0m16:09:35.780690 [debug] [Thread-1  ]: Using postgres connection "model.job_market_pipeline.stg_job_postings"
[0m16:09:35.781171 [debug] [Thread-1  ]: On model.job_market_pipeline.stg_job_postings: BEGIN
[0m16:09:35.781485 [debug] [Thread-1  ]: Opening a new connection, currently in state closed
[0m16:09:35.871070 [debug] [Thread-1  ]: SQL status: BEGIN in 0.089 seconds
[0m16:09:35.871672 [debug] [Thread-1  ]: Using postgres connection "model.job_market_pipeline.stg_job_postings"
[0m16:09:35.872025 [debug] [Thread-1  ]: On model.job_market_pipeline.stg_job_postings: /* {"app": "dbt", "dbt_version": "1.9.0b2", "profile_name": "job_market_pipeline", "target_name": "dev", "node_id": "model.job_market_pipeline.stg_job_postings"} */

  create view "job_pipeline"."public_staging"."stg_job_postings__dbt_tmp"
    
    
  as (
    

WITH raw_data AS (
    SELECT * FROM "job_pipeline"."raw"."job_postings"
),

final AS (
    SELECT
        job_id,
        TRIM(title) AS job_title,
        company_name,
        location,
        skills, 
        CAST(salary_min AS NUMERIC) AS salary_min,
        CAST(salary_max AS NUMERIC) AS salary_max,
        CAST(posted_date AS DATE) AS posted_date,
        -- ADD THIS LOGIC HERE:
        CASE 
            WHEN LOWER(location) LIKE '%remote%' THEN TRUE 
            ELSE FALSE 
        END AS is_remote
    FROM raw_data
)

SELECT * FROM final
  );
[0m16:09:36.974478 [debug] [Thread-1  ]: SQL status: CREATE VIEW in 1.101 seconds
[0m16:09:36.987108 [debug] [Thread-1  ]: Using postgres connection "model.job_market_pipeline.stg_job_postings"
[0m16:09:36.987620 [debug] [Thread-1  ]: On model.job_market_pipeline.stg_job_postings: /* {"app": "dbt", "dbt_version": "1.9.0b2", "profile_name": "job_market_pipeline", "target_name": "dev", "node_id": "model.job_market_pipeline.stg_job_postings"} */
alter table "job_pipeline"."public_staging"."stg_job_postings" rename to "stg_job_postings__dbt_backup"
[0m16:09:37.048110 [debug] [Thread-1  ]: SQL status: ALTER TABLE in 0.060 seconds
[0m16:09:37.052847 [debug] [Thread-1  ]: Using postgres connection "model.job_market_pipeline.stg_job_postings"
[0m16:09:37.053409 [debug] [Thread-1  ]: On model.job_market_pipeline.stg_job_postings: /* {"app": "dbt", "dbt_version": "1.9.0b2", "profile_name": "job_market_pipeline", "target_name": "dev", "node_id": "model.job_market_pipeline.stg_job_postings"} */
alter table "job_pipeline"."public_staging"."stg_job_postings__dbt_tmp" rename to "stg_job_postings"
[0m16:09:37.054617 [debug] [Thread-1  ]: SQL status: ALTER TABLE in 0.001 seconds
[0m16:09:37.075000 [debug] [Thread-1  ]: On model.job_market_pipeline.stg_job_postings: COMMIT
[0m16:09:37.075501 [debug] [Thread-1  ]: Using postgres connection "model.job_market_pipeline.stg_job_postings"
[0m16:09:37.075818 [debug] [Thread-1  ]: On model.job_market_pipeline.stg_job_postings: COMMIT
[0m16:09:37.213797 [debug] [Thread-1  ]: SQL status: COMMIT in 0.138 seconds
[0m16:09:37.223841 [debug] [Thread-1  ]: Applying DROP to: "job_pipeline"."public_staging"."stg_job_postings__dbt_backup"
[0m16:09:37.228339 [debug] [Thread-1  ]: Using postgres connection "model.job_market_pipeline.stg_job_postings"
[0m16:09:37.228833 [debug] [Thread-1  ]: On model.job_market_pipeline.stg_job_postings: /* {"app": "dbt", "dbt_version": "1.9.0b2", "profile_name": "job_market_pipeline", "target_name": "dev", "node_id": "model.job_market_pipeline.stg_job_postings"} */
drop view if exists "job_pipeline"."public_staging"."stg_job_postings__dbt_backup" cascade
[0m16:09:37.449163 [debug] [Thread-1  ]: SQL status: DROP VIEW in 0.220 seconds
[0m16:09:37.454277 [debug] [Thread-1  ]: On model.job_market_pipeline.stg_job_postings: Close
[0m16:09:37.460547 [debug] [Thread-1  ]: Sending event: {'category': 'dbt', 'action': 'run_model', 'label': 'c74fa737-f877-416c-a3e2-6a47baf429cb', 'context': [<snowplow_tracker.self_describing_json.SelfDescribingJson object at 0x7f860832ddc0>]}
[0m16:09:37.462082 [info ] [Thread-1  ]: 1 of 3 OK created sql view model public_staging.stg_job_postings ............... [[32mCREATE VIEW[0m in 1.76s]
[0m16:09:37.463471 [debug] [Thread-1  ]: Finished running node model.job_market_pipeline.stg_job_postings
[0m16:09:37.466258 [debug] [Thread-3  ]: Began running node model.job_market_pipeline.int_job_skills_exploded
[0m16:09:37.467618 [info ] [Thread-3  ]: 2 of 3 START sql table model public.int_job_skills_exploded .................... [RUN]
[0m16:09:37.468542 [debug] [Thread-3  ]: Re-using an available connection from the pool (formerly list_job_pipeline_public, now model.job_market_pipeline.int_job_skills_exploded)
[0m16:09:37.468971 [debug] [Thread-3  ]: Began compiling node model.job_market_pipeline.int_job_skills_exploded
[0m16:09:37.503097 [debug] [Thread-3  ]: Writing injected SQL for node "model.job_market_pipeline.int_job_skills_exploded"
[0m16:09:37.504319 [debug] [Thread-3  ]: Began executing node model.job_market_pipeline.int_job_skills_exploded
[0m16:09:37.546677 [debug] [Thread-3  ]: Writing runtime sql for node "model.job_market_pipeline.int_job_skills_exploded"
[0m16:09:37.548408 [debug] [Thread-3  ]: Using postgres connection "model.job_market_pipeline.int_job_skills_exploded"
[0m16:09:37.549466 [debug] [Thread-3  ]: On model.job_market_pipeline.int_job_skills_exploded: BEGIN
[0m16:09:37.549980 [debug] [Thread-3  ]: Opening a new connection, currently in state closed
[0m16:09:37.580015 [debug] [Thread-3  ]: SQL status: BEGIN in 0.030 seconds
[0m16:09:37.580566 [debug] [Thread-3  ]: Using postgres connection "model.job_market_pipeline.int_job_skills_exploded"
[0m16:09:37.580942 [debug] [Thread-3  ]: On model.job_market_pipeline.int_job_skills_exploded: /* {"app": "dbt", "dbt_version": "1.9.0b2", "profile_name": "job_market_pipeline", "target_name": "dev", "node_id": "model.job_market_pipeline.int_job_skills_exploded"} */

  
    

  create  table "job_pipeline"."public"."int_job_skills_exploded__dbt_tmp"
  
  
    as
  
  (
    

-- CTE 1: Get data from staging
WITH staging_data AS (
    SELECT 
        job_id,
        skills 
    FROM "job_pipeline"."public_staging"."stg_job_postings"
    WHERE skills IS NOT NULL 
      AND skills != ''
), -- <-- THIS COMMA IS MANDATORY

-- CTE 2: Break the strings apart
exploded_skills AS (
    SELECT
        job_id,
        TRIM(UNNEST(STRING_TO_ARRAY(skills, ','))) AS skill_name
    FROM staging_data
) -- <-- NO COMMA HERE

-- Final Output
SELECT 
    md5(cast(coalesce(cast(job_id as TEXT), '_dbt_utils_surrogate_key_null_') || '-' || coalesce(cast(skill_name as TEXT), '_dbt_utils_surrogate_key_null_') as TEXT)) AS job_skill_id,
    job_id,
    skill_name
FROM exploded_skills
  );
  
[0m16:09:45.466708 [debug] [Thread-3  ]: SQL status: SELECT 1251358 in 7.878 seconds
[0m16:09:45.484191 [debug] [Thread-3  ]: Using postgres connection "model.job_market_pipeline.int_job_skills_exploded"
[0m16:09:45.484794 [debug] [Thread-3  ]: On model.job_market_pipeline.int_job_skills_exploded: /* {"app": "dbt", "dbt_version": "1.9.0b2", "profile_name": "job_market_pipeline", "target_name": "dev", "node_id": "model.job_market_pipeline.int_job_skills_exploded"} */
alter table "job_pipeline"."public"."int_job_skills_exploded" rename to "int_job_skills_exploded__dbt_backup"
[0m16:09:45.490898 [debug] [Thread-3  ]: SQL status: ALTER TABLE in 0.006 seconds
[0m16:09:45.494122 [debug] [Thread-3  ]: Using postgres connection "model.job_market_pipeline.int_job_skills_exploded"
[0m16:09:45.494551 [debug] [Thread-3  ]: On model.job_market_pipeline.int_job_skills_exploded: /* {"app": "dbt", "dbt_version": "1.9.0b2", "profile_name": "job_market_pipeline", "target_name": "dev", "node_id": "model.job_market_pipeline.int_job_skills_exploded"} */
alter table "job_pipeline"."public"."int_job_skills_exploded__dbt_tmp" rename to "int_job_skills_exploded"
[0m16:09:45.528778 [debug] [Thread-3  ]: SQL status: ALTER TABLE in 0.034 seconds
[0m16:09:45.536467 [debug] [Thread-3  ]: On model.job_market_pipeline.int_job_skills_exploded: COMMIT
[0m16:09:45.536932 [debug] [Thread-3  ]: Using postgres connection "model.job_market_pipeline.int_job_skills_exploded"
[0m16:09:45.537236 [debug] [Thread-3  ]: On model.job_market_pipeline.int_job_skills_exploded: COMMIT
[0m16:09:45.541167 [debug] [Thread-3  ]: SQL status: COMMIT in 0.003 seconds
[0m16:09:45.619303 [debug] [Thread-3  ]: Applying DROP to: "job_pipeline"."public"."int_job_skills_exploded__dbt_backup"
[0m16:09:45.622218 [debug] [Thread-3  ]: Using postgres connection "model.job_market_pipeline.int_job_skills_exploded"
[0m16:09:45.622674 [debug] [Thread-3  ]: On model.job_market_pipeline.int_job_skills_exploded: /* {"app": "dbt", "dbt_version": "1.9.0b2", "profile_name": "job_market_pipeline", "target_name": "dev", "node_id": "model.job_market_pipeline.int_job_skills_exploded"} */
drop table if exists "job_pipeline"."public"."int_job_skills_exploded__dbt_backup" cascade
[0m16:09:45.695863 [debug] [Thread-3  ]: SQL status: DROP TABLE in 0.073 seconds
[0m16:09:45.697191 [debug] [Thread-3  ]: On model.job_market_pipeline.int_job_skills_exploded: Close
[0m16:09:45.697860 [debug] [Thread-3  ]: Sending event: {'category': 'dbt', 'action': 'run_model', 'label': 'c74fa737-f877-416c-a3e2-6a47baf429cb', 'context': [<snowplow_tracker.self_describing_json.SelfDescribingJson object at 0x7f85f8064a00>]}
[0m16:09:45.698734 [info ] [Thread-3  ]: 2 of 3 OK created sql table model public.int_job_skills_exploded ............... [[32mSELECT 1251358[0m in 8.23s]
[0m16:09:45.699394 [debug] [Thread-3  ]: Finished running node model.job_market_pipeline.int_job_skills_exploded
[0m16:09:45.701336 [debug] [Thread-2  ]: Began running node model.job_market_pipeline.mart_job_market_insights
[0m16:09:45.701868 [info ] [Thread-2  ]: 3 of 3 START sql table model public_marts.mart_job_market_insights ............. [RUN]
[0m16:09:45.702444 [debug] [Thread-2  ]: Re-using an available connection from the pool (formerly list_job_pipeline_public_staging, now model.job_market_pipeline.mart_job_market_insights)
[0m16:09:45.702795 [debug] [Thread-2  ]: Began compiling node model.job_market_pipeline.mart_job_market_insights
[0m16:09:45.706871 [debug] [Thread-2  ]: Writing injected SQL for node "model.job_market_pipeline.mart_job_market_insights"
[0m16:09:45.707878 [debug] [Thread-2  ]: Began executing node model.job_market_pipeline.mart_job_market_insights
[0m16:09:45.711910 [debug] [Thread-2  ]: Writing runtime sql for node "model.job_market_pipeline.mart_job_market_insights"
[0m16:09:45.712809 [debug] [Thread-2  ]: Using postgres connection "model.job_market_pipeline.mart_job_market_insights"
[0m16:09:45.713158 [debug] [Thread-2  ]: On model.job_market_pipeline.mart_job_market_insights: BEGIN
[0m16:09:45.713466 [debug] [Thread-2  ]: Opening a new connection, currently in state closed
[0m16:09:45.787109 [debug] [Thread-2  ]: SQL status: BEGIN in 0.074 seconds
[0m16:09:45.787597 [debug] [Thread-2  ]: Using postgres connection "model.job_market_pipeline.mart_job_market_insights"
[0m16:09:45.787957 [debug] [Thread-2  ]: On model.job_market_pipeline.mart_job_market_insights: /* {"app": "dbt", "dbt_version": "1.9.0b2", "profile_name": "job_market_pipeline", "target_name": "dev", "node_id": "model.job_market_pipeline.mart_job_market_insights"} */

  
    

  create  table "job_pipeline"."public_marts"."mart_job_market_insights__dbt_tmp"
  
  
    as
  
  (
    

SELECT 
    skills.skill_name,
    COUNT(DISTINCT skills.job_id) AS demand_count,
    ROUND(AVG((stg.salary_min + stg.salary_max) / 2), 2) AS avg_market_salary,
    -- This is the line that was failing:
    ROUND(100.0 * COUNT(CASE WHEN stg.is_remote THEN 1 END) / COUNT(*), 2) AS remote_pct
FROM "job_pipeline"."public"."int_job_skills_exploded" AS skills
JOIN "job_pipeline"."public_staging"."stg_job_postings" AS stg 
    ON skills.job_id = stg.job_id
GROUP BY 1
HAVING COUNT(DISTINCT skills.job_id) > 5
ORDER BY demand_count DESC
  );
  
[0m16:09:47.060016 [debug] [Thread-2  ]: SQL status: SELECT 10 in 1.272 seconds
[0m16:09:47.063765 [debug] [Thread-2  ]: Using postgres connection "model.job_market_pipeline.mart_job_market_insights"
[0m16:09:47.064178 [debug] [Thread-2  ]: On model.job_market_pipeline.mart_job_market_insights: /* {"app": "dbt", "dbt_version": "1.9.0b2", "profile_name": "job_market_pipeline", "target_name": "dev", "node_id": "model.job_market_pipeline.mart_job_market_insights"} */
alter table "job_pipeline"."public_marts"."mart_job_market_insights" rename to "mart_job_market_insights__dbt_backup"
[0m16:09:47.065102 [debug] [Thread-2  ]: SQL status: ALTER TABLE in 0.001 seconds
[0m16:09:47.068345 [debug] [Thread-2  ]: Using postgres connection "model.job_market_pipeline.mart_job_market_insights"
[0m16:09:47.068771 [debug] [Thread-2  ]: On model.job_market_pipeline.mart_job_market_insights: /* {"app": "dbt", "dbt_version": "1.9.0b2", "profile_name": "job_market_pipeline", "target_name": "dev", "node_id": "model.job_market_pipeline.mart_job_market_insights"} */
alter table "job_pipeline"."public_marts"."mart_job_market_insights__dbt_tmp" rename to "mart_job_market_insights"
[0m16:09:47.069695 [debug] [Thread-2  ]: SQL status: ALTER TABLE in 0.001 seconds
[0m16:09:47.071362 [debug] [Thread-2  ]: On model.job_market_pipeline.mart_job_market_insights: COMMIT
[0m16:09:47.071730 [debug] [Thread-2  ]: Using postgres connection "model.job_market_pipeline.mart_job_market_insights"
[0m16:09:47.072028 [debug] [Thread-2  ]: On model.job_market_pipeline.mart_job_market_insights: COMMIT
[0m16:09:47.073168 [debug] [Thread-2  ]: SQL status: COMMIT in 0.001 seconds
[0m16:09:47.075714 [debug] [Thread-2  ]: Applying DROP to: "job_pipeline"."public_marts"."mart_job_market_insights__dbt_backup"
[0m16:09:47.076451 [debug] [Thread-2  ]: Using postgres connection "model.job_market_pipeline.mart_job_market_insights"
[0m16:09:47.076782 [debug] [Thread-2  ]: On model.job_market_pipeline.mart_job_market_insights: /* {"app": "dbt", "dbt_version": "1.9.0b2", "profile_name": "job_market_pipeline", "target_name": "dev", "node_id": "model.job_market_pipeline.mart_job_market_insights"} */
drop table if exists "job_pipeline"."public_marts"."mart_job_market_insights__dbt_backup" cascade
[0m16:09:47.078574 [debug] [Thread-2  ]: SQL status: DROP TABLE in 0.001 seconds
[0m16:09:47.079872 [debug] [Thread-2  ]: On model.job_market_pipeline.mart_job_market_insights: Close
[0m16:09:47.080433 [debug] [Thread-2  ]: Sending event: {'category': 'dbt', 'action': 'run_model', 'label': 'c74fa737-f877-416c-a3e2-6a47baf429cb', 'context': [<snowplow_tracker.self_describing_json.SelfDescribingJson object at 0x7f8618c1a5b0>]}
[0m16:09:47.081034 [info ] [Thread-2  ]: 3 of 3 OK created sql table model public_marts.mart_job_market_insights ........ [[32mSELECT 10[0m in 1.38s]
[0m16:09:47.081642 [debug] [Thread-2  ]: Finished running node model.job_market_pipeline.mart_job_market_insights
[0m16:09:47.082837 [debug] [MainThread]: Using postgres connection "master"
[0m16:09:47.083204 [debug] [MainThread]: On master: BEGIN
[0m16:09:47.083473 [debug] [MainThread]: Opening a new connection, currently in state closed
[0m16:09:47.099069 [debug] [MainThread]: SQL status: BEGIN in 0.015 seconds
[0m16:09:47.099502 [debug] [MainThread]: On master: COMMIT
[0m16:09:47.099776 [debug] [MainThread]: Using postgres connection "master"
[0m16:09:47.100031 [debug] [MainThread]: On master: COMMIT
[0m16:09:47.100599 [debug] [MainThread]: SQL status: COMMIT in 0.000 seconds
[0m16:09:47.100870 [debug] [MainThread]: On master: Close
[0m16:09:47.101270 [debug] [MainThread]: Connection 'master' was properly closed.
[0m16:09:47.101514 [debug] [MainThread]: Connection 'model.job_market_pipeline.stg_job_postings' was properly closed.
[0m16:09:47.101796 [debug] [MainThread]: Connection 'model.job_market_pipeline.mart_job_market_insights' was properly closed.
[0m16:09:47.102114 [debug] [MainThread]: Connection 'model.job_market_pipeline.int_job_skills_exploded' was properly closed.
[0m16:09:47.104522 [info ] [MainThread]: 
[0m16:09:47.104999 [info ] [MainThread]: Finished running 2 table models, 1 view model in 0 hours 0 minutes and 12.54 seconds (12.54s).
[0m16:09:47.105839 [debug] [MainThread]: Command end result
[0m16:09:47.139349 [info ] [MainThread]: 
[0m16:09:47.139891 [info ] [MainThread]: [32mCompleted successfully[0m
[0m16:09:47.140189 [info ] [MainThread]: 
[0m16:09:47.140823 [info ] [MainThread]: Done. PASS=3 WARN=0 ERROR=0 SKIP=0 TOTAL=3
[0m16:09:47.197712 [debug] [MainThread]: Resource report: {"command_name": "run", "command_success": true, "command_wall_clock_time": 16.655035, "process_user_time": 2.033221, "process_kernel_time": 0.840233, "process_mem_max_rss": "101523456", "process_in_blocks": "0", "process_out_blocks": "0"}
[0m16:09:47.198267 [debug] [MainThread]: Command `dbt run` succeeded at 16:09:47.198173 after 16.66 seconds
[0m16:09:47.198630 [debug] [MainThread]: Sending event: {'category': 'dbt', 'action': 'invocation', 'label': 'end', 'context': [<snowplow_tracker.self_describing_json.SelfDescribingJson object at 0x7f8628bf1d60>, <snowplow_tracker.self_describing_json.SelfDescribingJson object at 0x7f8618c3a910>, <snowplow_tracker.self_describing_json.SelfDescribingJson object at 0x7f861035af40>]}
[0m16:09:47.198986 [debug] [MainThread]: Flushing usage events
[0m16:09:47.774829 [debug] [MainThread]: An error was encountered while trying to flush usage events
[0m19:07:08.626904 [debug] [MainThread]: Sending event: {'category': 'dbt', 'action': 'invocation', 'label': 'start', 'context': [<snowplow_tracker.self_describing_json.SelfDescribingJson object at 0x109d87e50>, <snowplow_tracker.self_describing_json.SelfDescribingJson object at 0x10ae331c0>, <snowplow_tracker.self_describing_json.SelfDescribingJson object at 0x10ae33550>]}


============================== 19:07:08.630274 | f13f9573-9d33-4b7e-85ba-8718ed010916 ==============================
[0m19:07:08.630274 [info ] [MainThread]: Running with dbt=1.11.0-b3
[0m19:07:08.630667 [debug] [MainThread]: running dbt with arguments {'target_path': 'None', 'partial_parse': 'True', 'cache_selected_only': 'False', 'use_colors': 'True', 'send_anonymous_usage_stats': 'True', 'no_print': 'None', 'quiet': 'False', 'log_cache_events': 'False', 'empty': 'None', 'warn_error_options': 'WarnErrorOptionsV2(error=[], warn=[], silence=[])', 'static_parser': 'True', 'fail_fast': 'False', 'indirect_selection': 'eager', 'use_experimental_parser': 'False', 'log_format': 'default', 'debug': 'False', 'write_json': 'True', 'printer_width': '80', 'profiles_dir': '/Users/lbaba/job_market_pipeline/dbt_project', 'version_check': 'True', 'warn_error': 'None', 'log_path': '/Users/lbaba/job_market_pipeline/dbt_project/logs', 'invocation_command': 'dbt deps', 'introspect': 'True'}
[0m19:07:08.717242 [debug] [MainThread]: Sending event: {'category': 'dbt', 'action': 'project_id', 'label': 'f13f9573-9d33-4b7e-85ba-8718ed010916', 'context': [<snowplow_tracker.self_describing_json.SelfDescribingJson object at 0x10ae02250>]}
[0m19:07:08.758147 [debug] [MainThread]: Set downloads directory='/var/folders/bw/8q0mpdln5pz7n5zwj5j1_7jr0000gn/T/dbt-downloads-hlebvprw'
[0m19:07:08.758490 [debug] [MainThread]: Making package index registry request: GET https://hub.getdbt.com/api/v1/index.json
[0m19:07:09.429755 [debug] [MainThread]: Response from registry index: GET https://hub.getdbt.com/api/v1/index.json 200
[0m19:07:09.435039 [debug] [MainThread]: Making package registry request: GET https://hub.getdbt.com/api/v1/dbt-labs/dbt_utils.json
[0m19:07:09.539571 [debug] [MainThread]: Response from registry: GET https://hub.getdbt.com/api/v1/dbt-labs/dbt_utils.json 200
[0m19:07:09.549003 [info ] [MainThread]: Installing dbt-labs/dbt_utils
[0m19:07:10.017341 [info ] [MainThread]: Installed from version 1.3.3
[0m19:07:10.017790 [info ] [MainThread]: Up to date!
[0m19:07:10.018081 [debug] [MainThread]: Sending event: {'category': 'dbt', 'action': 'package', 'label': 'f13f9573-9d33-4b7e-85ba-8718ed010916', 'property_': 'install', 'context': [<snowplow_tracker.self_describing_json.SelfDescribingJson object at 0x10a01ac40>, <snowplow_tracker.self_describing_json.SelfDescribingJson object at 0x10b038c40>]}
[0m19:07:10.041182 [debug] [MainThread]: Resource report: {"command_name": "deps", "command_success": true, "command_wall_clock_time": 1.4666041, "process_in_blocks": "0", "process_kernel_time": 0.283969, "process_mem_max_rss": "108642304", "process_out_blocks": "0", "process_user_time": 1.103476}
[0m19:07:10.041620 [debug] [MainThread]: Command `dbt deps` succeeded at 19:07:10.041555 after 1.47 seconds
[0m19:07:10.041883 [debug] [MainThread]: Sending event: {'category': 'dbt', 'action': 'invocation', 'label': 'end', 'context': [<snowplow_tracker.self_describing_json.SelfDescribingJson object at 0x109d87e50>, <snowplow_tracker.self_describing_json.SelfDescribingJson object at 0x1082dc1f0>, <snowplow_tracker.self_describing_json.SelfDescribingJson object at 0x10a0892e0>]}
[0m19:07:10.042145 [debug] [MainThread]: Flushing usage events
[0m19:07:11.651301 [debug] [MainThread]: An error was encountered while trying to flush usage events
[0m12:55:44.675209 [debug] [MainThread]: Sending event: {'category': 'dbt', 'action': 'invocation', 'label': 'start', 'context': [<snowplow_tracker.self_describing_json.SelfDescribingJson object at 0x10c252a50>, <snowplow_tracker.self_describing_json.SelfDescribingJson object at 0x10c33e390>, <snowplow_tracker.self_describing_json.SelfDescribingJson object at 0x10c33d290>]}


============================== 12:55:44.678287 | 4810dcd3-3a10-405e-8456-5566271eca2f ==============================
[0m12:55:44.678287 [info ] [MainThread]: Running with dbt=1.12.0-b1
[0m12:55:44.678648 [debug] [MainThread]: running dbt with arguments {'printer_width': '80', 'introspect': 'True', 'profiles_dir': '/Users/lbaba/job_market_pipeline/dbt_project', 'fail_fast': 'False', 'target_path': 'None', 'send_anonymous_usage_stats': 'True', 'partial_parse': 'True', 'write_json': 'True', 'indirect_selection': 'eager', 'log_format': 'default', 'quiet': 'False', 'no_print': 'None', 'cache_selected_only': 'False', 'invocation_command': 'dbt run', 'use_colors': 'True', 'log_path': '/Users/lbaba/job_market_pipeline/dbt_project/logs', 'warn_error': 'None', 'version_check': 'True', 'log_cache_events': 'False', 'static_parser': 'True', 'debug': 'False', 'use_experimental_parser': 'False', 'empty': 'False', 'warn_error_options': 'WarnErrorOptionsV2(error=[], warn=[], silence=[])'}
[0m12:55:44.788977 [debug] [MainThread]: Sending event: {'category': 'dbt', 'action': 'project_id', 'label': '4810dcd3-3a10-405e-8456-5566271eca2f', 'context': [<snowplow_tracker.self_describing_json.SelfDescribingJson object at 0x10c2b7550>]}
[0m12:55:44.822842 [debug] [MainThread]: Sending event: {'category': 'dbt', 'action': 'adapter_info', 'label': '4810dcd3-3a10-405e-8456-5566271eca2f', 'context': [<snowplow_tracker.self_describing_json.SelfDescribingJson object at 0x1095cf990>]}
[0m12:55:44.823472 [info ] [MainThread]: Registered adapter: postgres=1.10.0
[0m12:55:45.055547 [debug] [MainThread]: checksum: 8c6ed4860827cb3f33d0f9545b6eba7b04a1d6e0616b855ebb32b8e5718e01ba, vars: {}, profile: job_market_pipeline, target: dev, version: 1.12.0b1
[0m12:55:45.107720 [info ] [MainThread]: Unable to do partial parsing because of a version mismatch
[0m12:55:45.108062 [debug] [MainThread]: Sending event: {'category': 'dbt', 'action': 'partial_parser', 'label': '4810dcd3-3a10-405e-8456-5566271eca2f', 'context': [<snowplow_tracker.self_describing_json.SelfDescribingJson object at 0x10b5491d0>]}
[0m12:55:45.847145 [debug] [MainThread]: Sending event: {'category': 'dbt', 'action': 'load_project', 'label': '4810dcd3-3a10-405e-8456-5566271eca2f', 'context': [<snowplow_tracker.self_describing_json.SelfDescribingJson object at 0x10d62b810>]}
[0m12:55:45.893437 [debug] [MainThread]: Wrote artifact WritableManifest to /Users/lbaba/job_market_pipeline/dbt_project/target/manifest.json
[0m12:55:45.896400 [debug] [MainThread]: Wrote artifact SemanticManifest to /Users/lbaba/job_market_pipeline/dbt_project/target/semantic_manifest.json
[0m12:55:45.903459 [debug] [MainThread]: Sending event: {'category': 'dbt', 'action': 'resource_counts', 'label': '4810dcd3-3a10-405e-8456-5566271eca2f', 'context': [<snowplow_tracker.self_describing_json.SelfDescribingJson object at 0x10d049750>]}
[0m12:55:45.903761 [info ] [MainThread]: Found 3 models, 3 sources, 591 macros
[0m12:55:45.903955 [debug] [MainThread]: Sending event: {'category': 'dbt', 'action': 'runnable_timing', 'label': '4810dcd3-3a10-405e-8456-5566271eca2f', 'context': [<snowplow_tracker.self_describing_json.SelfDescribingJson object at 0x10d0f3350>]}
[0m12:55:45.904914 [info ] [MainThread]: 
[0m12:55:45.905111 [info ] [MainThread]: Concurrency: 4 threads (target='dev')
[0m12:55:45.905268 [info ] [MainThread]: 
[0m12:55:45.905522 [debug] [MainThread]: Acquiring new postgres connection 'master'
[0m12:55:45.907679 [debug] [ThreadPool]: Acquiring new postgres connection 'list_job_pipeline'
[0m12:55:45.907953 [debug] [ThreadPool]: Acquiring new postgres connection 'list_job_pipeline'
[0m12:55:45.914123 [debug] [ThreadPool]: Acquiring new postgres connection 'list_job_pipeline'
[0m12:55:45.981142 [debug] [ThreadPool]: Using postgres connection "list_job_pipeline"
[0m12:55:45.981385 [debug] [ThreadPool]: Using postgres connection "list_job_pipeline"
[0m12:55:45.981574 [debug] [ThreadPool]: Using postgres connection "list_job_pipeline"
[0m12:55:45.981774 [debug] [ThreadPool]: On list_job_pipeline: /* {"app": "dbt", "dbt_version": "1.12.0b1", "profile_name": "job_market_pipeline", "target_name": "dev", "connection_name": "list_job_pipeline"} */

    select distinct nspname from pg_namespace
  
[0m12:55:45.981982 [debug] [ThreadPool]: On list_job_pipeline: /* {"app": "dbt", "dbt_version": "1.12.0b1", "profile_name": "job_market_pipeline", "target_name": "dev", "connection_name": "list_job_pipeline"} */

    select distinct nspname from pg_namespace
  
[0m12:55:45.982158 [debug] [ThreadPool]: On list_job_pipeline: /* {"app": "dbt", "dbt_version": "1.12.0b1", "profile_name": "job_market_pipeline", "target_name": "dev", "connection_name": "list_job_pipeline"} */

    select distinct nspname from pg_namespace
  
[0m12:55:45.982330 [debug] [ThreadPool]: Opening a new connection, currently in state init
[0m12:55:45.982512 [debug] [ThreadPool]: Opening a new connection, currently in state init
[0m12:55:45.982700 [debug] [ThreadPool]: Opening a new connection, currently in state init
[0m12:55:46.038492 [debug] [ThreadPool]: SQL status: SELECT 9 in 0.056 seconds
[0m12:55:46.038769 [debug] [ThreadPool]: SQL status: SELECT 9 in 0.056 seconds
[0m12:55:46.038950 [debug] [ThreadPool]: SQL status: SELECT 9 in 0.056 seconds
[0m12:55:46.039742 [debug] [ThreadPool]: On list_job_pipeline: Close
[0m12:55:46.040340 [debug] [ThreadPool]: On list_job_pipeline: Close
[0m12:55:46.040885 [debug] [ThreadPool]: On list_job_pipeline: Close
[0m12:55:46.042069 [debug] [ThreadPool]: Re-using an available connection from the pool (formerly list_job_pipeline, now list_job_pipeline_public_staging)
[0m12:55:46.042363 [debug] [ThreadPool]: Re-using an available connection from the pool (formerly list_job_pipeline, now list_job_pipeline_public)
[0m12:55:46.042611 [debug] [ThreadPool]: Re-using an available connection from the pool (formerly list_job_pipeline, now list_job_pipeline_public_marts)
[0m12:55:46.046196 [debug] [ThreadPool]: Using postgres connection "list_job_pipeline_public_staging"
[0m12:55:46.047520 [debug] [ThreadPool]: Using postgres connection "list_job_pipeline_public"
[0m12:55:46.048730 [debug] [ThreadPool]: Using postgres connection "list_job_pipeline_public_marts"
[0m12:55:46.048947 [debug] [ThreadPool]: On list_job_pipeline_public_staging: /* {"app": "dbt", "dbt_version": "1.12.0b1", "profile_name": "job_market_pipeline", "target_name": "dev", "connection_name": "list_job_pipeline_public_staging"} */
select
      'job_pipeline' as database,
      tablename as name,
      schemaname as schema,
      'table' as type
    from pg_tables
    where schemaname ilike 'public_staging'
    union all
    select
      'job_pipeline' as database,
      viewname as name,
      schemaname as schema,
      'view' as type
    from pg_views
    where schemaname ilike 'public_staging'
    union all
    select
      'job_pipeline' as database,
      matviewname as name,
      schemaname as schema,
      'materialized_view' as type
    from pg_matviews
    where schemaname ilike 'public_staging'
  
[0m12:55:46.049167 [debug] [ThreadPool]: On list_job_pipeline_public: /* {"app": "dbt", "dbt_version": "1.12.0b1", "profile_name": "job_market_pipeline", "target_name": "dev", "connection_name": "list_job_pipeline_public"} */
select
      'job_pipeline' as database,
      tablename as name,
      schemaname as schema,
      'table' as type
    from pg_tables
    where schemaname ilike 'public'
    union all
    select
      'job_pipeline' as database,
      viewname as name,
      schemaname as schema,
      'view' as type
    from pg_views
    where schemaname ilike 'public'
    union all
    select
      'job_pipeline' as database,
      matviewname as name,
      schemaname as schema,
      'materialized_view' as type
    from pg_matviews
    where schemaname ilike 'public'
  
[0m12:55:46.049376 [debug] [ThreadPool]: On list_job_pipeline_public_marts: /* {"app": "dbt", "dbt_version": "1.12.0b1", "profile_name": "job_market_pipeline", "target_name": "dev", "connection_name": "list_job_pipeline_public_marts"} */
select
      'job_pipeline' as database,
      tablename as name,
      schemaname as schema,
      'table' as type
    from pg_tables
    where schemaname ilike 'public_marts'
    union all
    select
      'job_pipeline' as database,
      viewname as name,
      schemaname as schema,
      'view' as type
    from pg_views
    where schemaname ilike 'public_marts'
    union all
    select
      'job_pipeline' as database,
      matviewname as name,
      schemaname as schema,
      'materialized_view' as type
    from pg_matviews
    where schemaname ilike 'public_marts'
  
[0m12:55:46.049561 [debug] [ThreadPool]: Opening a new connection, currently in state closed
[0m12:55:46.049720 [debug] [ThreadPool]: Opening a new connection, currently in state closed
[0m12:55:46.049874 [debug] [ThreadPool]: Opening a new connection, currently in state closed
[0m12:55:46.082935 [debug] [ThreadPool]: SQL status: SELECT 1 in 0.033 seconds
[0m12:55:46.083702 [debug] [ThreadPool]: On list_job_pipeline_public_staging: ROLLBACK
[0m12:55:46.083911 [debug] [ThreadPool]: SQL status: SELECT 1 in 0.034 seconds
[0m12:55:46.084478 [debug] [ThreadPool]: On list_job_pipeline_public: ROLLBACK
[0m12:55:46.084659 [debug] [ThreadPool]: SQL status: SELECT 1 in 0.035 seconds
[0m12:55:46.085195 [debug] [ThreadPool]: On list_job_pipeline_public_marts: ROLLBACK
[0m12:55:46.085365 [debug] [ThreadPool]: On list_job_pipeline_public_staging: Close
[0m12:55:46.085529 [debug] [ThreadPool]: On list_job_pipeline_public: Close
[0m12:55:46.085690 [debug] [ThreadPool]: On list_job_pipeline_public_marts: Close
[0m12:55:46.088550 [debug] [MainThread]: Using postgres connection "master"
[0m12:55:46.088798 [debug] [MainThread]: On master: /* {"app": "dbt", "dbt_version": "1.12.0b1", "profile_name": "job_market_pipeline", "target_name": "dev", "connection_name": "master"} */
select distinct
        dependent_namespace.nspname as dependent_schema,
        dependent_class.relname as dependent_name,
        referenced_namespace.nspname as referenced_schema,
        referenced_class.relname as referenced_name

    -- Query for views: views are entries in pg_class with an entry in pg_rewrite, but we avoid
    -- a seq scan on pg_rewrite by leveraging the fact there is an "internal" row in pg_depend for
    -- the view...
    from pg_class as dependent_class
    join pg_namespace as dependent_namespace on dependent_namespace.oid = dependent_class.relnamespace
    join pg_depend as dependent_depend on dependent_depend.refobjid = dependent_class.oid
        and dependent_depend.classid = 'pg_rewrite'::regclass
        and dependent_depend.refclassid = 'pg_class'::regclass
        and dependent_depend.deptype = 'i'

    -- ... and via pg_depend (that has a row per column, hence the need for "distinct" above, and
    -- making sure to exclude the internal row to avoid a view appearing to depend on itself)...
    join pg_depend as joining_depend on joining_depend.objid = dependent_depend.objid
        and joining_depend.classid = 'pg_rewrite'::regclass
        and joining_depend.refclassid = 'pg_class'::regclass
        and joining_depend.refobjid != dependent_depend.refobjid

    -- ... we can find the tables they query from in pg_class, but excluding system tables. Note we
    -- don't need need to exclude _dependent_ system tables, because they only query from other
    -- system tables, and so are automatically excluded by excluding _referenced_ system tables
    join pg_class as referenced_class on referenced_class.oid = joining_depend.refobjid
    join pg_namespace as referenced_namespace on referenced_namespace.oid = referenced_class.relnamespace
        and referenced_namespace.nspname != 'information_schema'
        and referenced_namespace.nspname not like 'pg\_%'

    order by
        dependent_schema, dependent_name, referenced_schema, referenced_name;
[0m12:55:46.089007 [debug] [MainThread]: Opening a new connection, currently in state init
[0m12:55:46.106695 [debug] [MainThread]: SQL status: SELECT 1 in 0.018 seconds
[0m12:55:46.107293 [debug] [MainThread]: Sending event: {'category': 'dbt', 'action': 'runnable_timing', 'label': '4810dcd3-3a10-405e-8456-5566271eca2f', 'context': [<snowplow_tracker.self_describing_json.SelfDescribingJson object at 0x10d1316d0>]}
[0m12:55:46.107540 [debug] [MainThread]: On master: ROLLBACK
[0m12:55:46.107922 [debug] [MainThread]: On master: COMMIT
[0m12:55:46.108079 [debug] [MainThread]: Using postgres connection "master"
[0m12:55:46.108225 [debug] [MainThread]: On master: COMMIT
[0m12:55:46.108773 [debug] [MainThread]: SQL status: COMMIT in 0.000 seconds
[0m12:55:46.108927 [debug] [MainThread]: On master: Close
[0m12:55:46.110352 [debug] [Thread-1 (]: Began running node model.job_market_pipeline.stg_job_postings
[0m12:55:46.110629 [info ] [Thread-1 (]: 1 of 3 START sql view model public_staging.stg_job_postings .................... [RUN]
[0m12:55:46.110876 [debug] [Thread-1 (]: Re-using an available connection from the pool (formerly list_job_pipeline_public_staging, now model.job_market_pipeline.stg_job_postings)
[0m12:55:46.111063 [debug] [Thread-1 (]: Began compiling node model.job_market_pipeline.stg_job_postings
[0m12:55:46.116188 [debug] [Thread-1 (]: Writing injected SQL for node "model.job_market_pipeline.stg_job_postings"
[0m12:55:46.116600 [debug] [Thread-1 (]: Began executing node model.job_market_pipeline.stg_job_postings
[0m12:55:46.135959 [debug] [Thread-1 (]: Writing runtime sql for node "model.job_market_pipeline.stg_job_postings"
[0m12:55:46.136736 [debug] [Thread-1 (]: Using postgres connection "model.job_market_pipeline.stg_job_postings"
[0m12:55:46.136964 [debug] [Thread-1 (]: On model.job_market_pipeline.stg_job_postings: /* {"app": "dbt", "dbt_version": "1.12.0b1", "profile_name": "job_market_pipeline", "target_name": "dev", "node_id": "model.job_market_pipeline.stg_job_postings"} */

  create view "job_pipeline"."public_staging"."stg_job_postings__dbt_tmp"
    
    
  as (
    

WITH raw_data AS (
    SELECT * FROM "job_pipeline"."raw"."job_postings"
),

final AS (
    SELECT
        job_id,
        TRIM(title) AS job_title,
        company_name,
        location,
        skills, 
        CAST(salary_min AS NUMERIC) AS salary_min,
        CAST(salary_max AS NUMERIC) AS salary_max,
        CAST(posted_date AS DATE) AS posted_date,
        -- ADD THIS LOGIC HERE:
        CASE 
            WHEN LOWER(location) LIKE '%remote%' THEN TRUE 
            ELSE FALSE 
        END AS is_remote
    FROM raw_data
)

SELECT * FROM final
  );
[0m12:55:46.137174 [debug] [Thread-1 (]: Opening a new connection, currently in state closed
[0m12:55:46.171562 [debug] [Thread-1 (]: SQL status: CREATE VIEW in 0.034 seconds
[0m12:55:46.175201 [debug] [Thread-1 (]: Using postgres connection "model.job_market_pipeline.stg_job_postings"
[0m12:55:46.175420 [debug] [Thread-1 (]: On model.job_market_pipeline.stg_job_postings: /* {"app": "dbt", "dbt_version": "1.12.0b1", "profile_name": "job_market_pipeline", "target_name": "dev", "node_id": "model.job_market_pipeline.stg_job_postings"} */
alter table "job_pipeline"."public_staging"."stg_job_postings" rename to "stg_job_postings__dbt_backup"
[0m12:55:46.177092 [debug] [Thread-1 (]: SQL status: ALTER TABLE in 0.001 seconds
[0m12:55:46.178699 [debug] [Thread-1 (]: Using postgres connection "model.job_market_pipeline.stg_job_postings"
[0m12:55:46.178898 [debug] [Thread-1 (]: On model.job_market_pipeline.stg_job_postings: /* {"app": "dbt", "dbt_version": "1.12.0b1", "profile_name": "job_market_pipeline", "target_name": "dev", "node_id": "model.job_market_pipeline.stg_job_postings"} */
alter table "job_pipeline"."public_staging"."stg_job_postings__dbt_tmp" rename to "stg_job_postings"
[0m12:55:46.179535 [debug] [Thread-1 (]: SQL status: ALTER TABLE in 0.000 seconds
[0m12:55:46.189001 [debug] [Thread-1 (]: On model.job_market_pipeline.stg_job_postings: COMMIT
[0m12:55:46.189217 [debug] [Thread-1 (]: Using postgres connection "model.job_market_pipeline.stg_job_postings"
[0m12:55:46.189400 [debug] [Thread-1 (]: On model.job_market_pipeline.stg_job_postings: COMMIT
[0m12:55:46.190885 [debug] [Thread-1 (]: SQL status: COMMIT in 0.001 seconds
[0m12:55:46.194084 [debug] [Thread-1 (]: Applying DROP to: "job_pipeline"."public_staging"."stg_job_postings__dbt_backup"
[0m12:55:46.196602 [debug] [Thread-1 (]: Using postgres connection "model.job_market_pipeline.stg_job_postings"
[0m12:55:46.196807 [debug] [Thread-1 (]: On model.job_market_pipeline.stg_job_postings: /* {"app": "dbt", "dbt_version": "1.12.0b1", "profile_name": "job_market_pipeline", "target_name": "dev", "node_id": "model.job_market_pipeline.stg_job_postings"} */
drop view if exists "job_pipeline"."public_staging"."stg_job_postings__dbt_backup" cascade
[0m12:55:46.201032 [debug] [Thread-1 (]: SQL status: DROP VIEW in 0.004 seconds
[0m12:55:46.202269 [debug] [Thread-1 (]: On model.job_market_pipeline.stg_job_postings: Close
[0m12:55:46.203529 [debug] [Thread-1 (]: Sending event: {'category': 'dbt', 'action': 'run_model', 'label': '4810dcd3-3a10-405e-8456-5566271eca2f', 'context': [<snowplow_tracker.self_describing_json.SelfDescribingJson object at 0x10c9aa550>]}
[0m12:55:46.203861 [info ] [Thread-1 (]: 1 of 3 OK created sql view model public_staging.stg_job_postings ............... [[32mCREATE VIEW[0m in 0.09s]
[0m12:55:46.204160 [debug] [Thread-1 (]: Finished running node model.job_market_pipeline.stg_job_postings
[0m12:55:46.204508 [debug] [Thread-3 (]: Began running node model.job_market_pipeline.int_job_skills_exploded
[0m12:55:46.204833 [info ] [Thread-3 (]: 2 of 3 START sql table model public.int_job_skills_exploded .................... [RUN]
[0m12:55:46.205061 [debug] [Thread-3 (]: Re-using an available connection from the pool (formerly list_job_pipeline_public_marts, now model.job_market_pipeline.int_job_skills_exploded)
[0m12:55:46.205250 [debug] [Thread-3 (]: Began compiling node model.job_market_pipeline.int_job_skills_exploded
[0m12:55:46.207594 [debug] [Thread-3 (]: Writing injected SQL for node "model.job_market_pipeline.int_job_skills_exploded"
[0m12:55:46.207984 [debug] [Thread-3 (]: Began executing node model.job_market_pipeline.int_job_skills_exploded
[0m12:55:46.221477 [debug] [Thread-3 (]: Writing runtime sql for node "model.job_market_pipeline.int_job_skills_exploded"
[0m12:55:46.222279 [debug] [Thread-3 (]: Using postgres connection "model.job_market_pipeline.int_job_skills_exploded"
[0m12:55:46.222523 [debug] [Thread-3 (]: On model.job_market_pipeline.int_job_skills_exploded: /* {"app": "dbt", "dbt_version": "1.12.0b1", "profile_name": "job_market_pipeline", "target_name": "dev", "node_id": "model.job_market_pipeline.int_job_skills_exploded"} */

  
    

  create  table "job_pipeline"."public"."int_job_skills_exploded__dbt_tmp"
  
  
    as
  
  (
    

-- CTE 1: Get data from staging
WITH staging_data AS (
    SELECT 
        job_id,
        skills 
    FROM "job_pipeline"."public_staging"."stg_job_postings"
    WHERE skills IS NOT NULL 
      AND skills != ''
), -- <-- THIS COMMA IS MANDATORY

-- CTE 2: Break the strings apart
exploded_skills AS (
    SELECT
        job_id,
        TRIM(UNNEST(STRING_TO_ARRAY(skills, ','))) AS skill_name
    FROM staging_data
) -- <-- NO COMMA HERE

-- Final Output
SELECT 
    md5(cast(coalesce(cast(job_id as TEXT), '_dbt_utils_surrogate_key_null_') || '-' || coalesce(cast(skill_name as TEXT), '_dbt_utils_surrogate_key_null_') as TEXT)) AS job_skill_id,
    job_id,
    skill_name
FROM exploded_skills
  );
  
[0m12:55:46.222743 [debug] [Thread-3 (]: Opening a new connection, currently in state closed
[0m12:55:51.226542 [debug] [Thread-3 (]: SQL status: SELECT 1251358 in 5.002 seconds
[0m12:55:51.240230 [debug] [Thread-3 (]: Using postgres connection "model.job_market_pipeline.int_job_skills_exploded"
[0m12:55:51.240504 [debug] [Thread-3 (]: On model.job_market_pipeline.int_job_skills_exploded: /* {"app": "dbt", "dbt_version": "1.12.0b1", "profile_name": "job_market_pipeline", "target_name": "dev", "node_id": "model.job_market_pipeline.int_job_skills_exploded"} */
alter table "job_pipeline"."public"."int_job_skills_exploded" rename to "int_job_skills_exploded__dbt_backup"
[0m12:55:51.241581 [debug] [Thread-3 (]: SQL status: ALTER TABLE in 0.001 seconds
[0m12:55:51.243211 [debug] [Thread-3 (]: Using postgres connection "model.job_market_pipeline.int_job_skills_exploded"
[0m12:55:51.243407 [debug] [Thread-3 (]: On model.job_market_pipeline.int_job_skills_exploded: /* {"app": "dbt", "dbt_version": "1.12.0b1", "profile_name": "job_market_pipeline", "target_name": "dev", "node_id": "model.job_market_pipeline.int_job_skills_exploded"} */
alter table "job_pipeline"."public"."int_job_skills_exploded__dbt_tmp" rename to "int_job_skills_exploded"
[0m12:55:51.267164 [debug] [Thread-3 (]: SQL status: ALTER TABLE in 0.023 seconds
[0m12:55:51.270076 [debug] [Thread-3 (]: On model.job_market_pipeline.int_job_skills_exploded: COMMIT
[0m12:55:51.270424 [debug] [Thread-3 (]: Using postgres connection "model.job_market_pipeline.int_job_skills_exploded"
[0m12:55:51.270625 [debug] [Thread-3 (]: On model.job_market_pipeline.int_job_skills_exploded: COMMIT
[0m12:55:51.273030 [debug] [Thread-3 (]: SQL status: COMMIT in 0.002 seconds
[0m12:55:51.274779 [debug] [Thread-3 (]: Applying DROP to: "job_pipeline"."public"."int_job_skills_exploded__dbt_backup"
[0m12:55:51.276500 [debug] [Thread-3 (]: Using postgres connection "model.job_market_pipeline.int_job_skills_exploded"
[0m12:55:51.276711 [debug] [Thread-3 (]: On model.job_market_pipeline.int_job_skills_exploded: /* {"app": "dbt", "dbt_version": "1.12.0b1", "profile_name": "job_market_pipeline", "target_name": "dev", "node_id": "model.job_market_pipeline.int_job_skills_exploded"} */
drop table if exists "job_pipeline"."public"."int_job_skills_exploded__dbt_backup" cascade
[0m12:55:51.297803 [debug] [Thread-3 (]: SQL status: DROP TABLE in 0.021 seconds
[0m12:55:51.300071 [debug] [Thread-3 (]: On model.job_market_pipeline.int_job_skills_exploded: Close
[0m12:55:51.301198 [debug] [Thread-3 (]: Sending event: {'category': 'dbt', 'action': 'run_model', 'label': '4810dcd3-3a10-405e-8456-5566271eca2f', 'context': [<snowplow_tracker.self_describing_json.SelfDescribingJson object at 0x10d51a890>]}
[0m12:55:51.301929 [info ] [Thread-3 (]: 2 of 3 OK created sql table model public.int_job_skills_exploded ............... [[32mSELECT 1251358[0m in 5.10s]
[0m12:55:51.302329 [debug] [Thread-3 (]: Finished running node model.job_market_pipeline.int_job_skills_exploded
[0m12:55:51.302940 [debug] [Thread-2 (]: Began running node model.job_market_pipeline.mart_job_market_insights
[0m12:55:51.303383 [info ] [Thread-2 (]: 3 of 3 START sql table model public_marts.mart_job_market_insights ............. [RUN]
[0m12:55:51.303744 [debug] [Thread-2 (]: Re-using an available connection from the pool (formerly list_job_pipeline_public, now model.job_market_pipeline.mart_job_market_insights)
[0m12:55:51.303960 [debug] [Thread-2 (]: Began compiling node model.job_market_pipeline.mart_job_market_insights
[0m12:55:51.306058 [debug] [Thread-2 (]: Writing injected SQL for node "model.job_market_pipeline.mart_job_market_insights"
[0m12:55:51.306555 [debug] [Thread-2 (]: Began executing node model.job_market_pipeline.mart_job_market_insights
[0m12:55:51.308704 [debug] [Thread-2 (]: Writing runtime sql for node "model.job_market_pipeline.mart_job_market_insights"
[0m12:55:51.309460 [debug] [Thread-2 (]: Using postgres connection "model.job_market_pipeline.mart_job_market_insights"
[0m12:55:51.309737 [debug] [Thread-2 (]: On model.job_market_pipeline.mart_job_market_insights: /* {"app": "dbt", "dbt_version": "1.12.0b1", "profile_name": "job_market_pipeline", "target_name": "dev", "node_id": "model.job_market_pipeline.mart_job_market_insights"} */

  
    

  create  table "job_pipeline"."public_marts"."mart_job_market_insights__dbt_tmp"
  
  
    as
  
  (
    

SELECT 
    skills.skill_name,
    COUNT(DISTINCT skills.job_id) AS demand_count,
    ROUND(AVG((stg.salary_min + stg.salary_max) / 2), 2) AS avg_market_salary,
    -- This is the line that was failing:
    ROUND(100.0 * COUNT(CASE WHEN stg.is_remote THEN 1 END) / COUNT(*), 2) AS remote_pct
FROM "job_pipeline"."public"."int_job_skills_exploded" AS skills
JOIN "job_pipeline"."public_staging"."stg_job_postings" AS stg 
    ON skills.job_id = stg.job_id
GROUP BY 1
HAVING COUNT(DISTINCT skills.job_id) > 5
ORDER BY demand_count DESC
  );
  
[0m12:55:51.309970 [debug] [Thread-2 (]: Opening a new connection, currently in state closed
[0m12:55:52.361264 [debug] [Thread-2 (]: SQL status: SELECT 10 in 1.051 seconds
[0m12:55:52.368029 [debug] [Thread-2 (]: Using postgres connection "model.job_market_pipeline.mart_job_market_insights"
[0m12:55:52.368640 [debug] [Thread-2 (]: On model.job_market_pipeline.mart_job_market_insights: /* {"app": "dbt", "dbt_version": "1.12.0b1", "profile_name": "job_market_pipeline", "target_name": "dev", "node_id": "model.job_market_pipeline.mart_job_market_insights"} */
alter table "job_pipeline"."public_marts"."mart_job_market_insights" rename to "mart_job_market_insights__dbt_backup"
[0m12:55:52.369588 [debug] [Thread-2 (]: SQL status: ALTER TABLE in 0.000 seconds
[0m12:55:52.371584 [debug] [Thread-2 (]: Using postgres connection "model.job_market_pipeline.mart_job_market_insights"
[0m12:55:52.371801 [debug] [Thread-2 (]: On model.job_market_pipeline.mart_job_market_insights: /* {"app": "dbt", "dbt_version": "1.12.0b1", "profile_name": "job_market_pipeline", "target_name": "dev", "node_id": "model.job_market_pipeline.mart_job_market_insights"} */
alter table "job_pipeline"."public_marts"."mart_job_market_insights__dbt_tmp" rename to "mart_job_market_insights"
[0m12:55:52.372297 [debug] [Thread-2 (]: SQL status: ALTER TABLE in 0.000 seconds
[0m12:55:52.373079 [debug] [Thread-2 (]: On model.job_market_pipeline.mart_job_market_insights: COMMIT
[0m12:55:52.373274 [debug] [Thread-2 (]: Using postgres connection "model.job_market_pipeline.mart_job_market_insights"
[0m12:55:52.373445 [debug] [Thread-2 (]: On model.job_market_pipeline.mart_job_market_insights: COMMIT
[0m12:55:52.373958 [debug] [Thread-2 (]: SQL status: COMMIT in 0.000 seconds
[0m12:55:52.375295 [debug] [Thread-2 (]: Applying DROP to: "job_pipeline"."public_marts"."mart_job_market_insights__dbt_backup"
[0m12:55:52.376777 [debug] [Thread-2 (]: Using postgres connection "model.job_market_pipeline.mart_job_market_insights"
[0m12:55:52.376971 [debug] [Thread-2 (]: On model.job_market_pipeline.mart_job_market_insights: /* {"app": "dbt", "dbt_version": "1.12.0b1", "profile_name": "job_market_pipeline", "target_name": "dev", "node_id": "model.job_market_pipeline.mart_job_market_insights"} */
drop table if exists "job_pipeline"."public_marts"."mart_job_market_insights__dbt_backup" cascade
[0m12:55:52.382814 [debug] [Thread-2 (]: SQL status: DROP TABLE in 0.006 seconds
[0m12:55:52.383460 [debug] [Thread-2 (]: On model.job_market_pipeline.mart_job_market_insights: Close
[0m12:55:52.383800 [debug] [Thread-2 (]: Sending event: {'category': 'dbt', 'action': 'run_model', 'label': '4810dcd3-3a10-405e-8456-5566271eca2f', 'context': [<snowplow_tracker.self_describing_json.SelfDescribingJson object at 0x10d505410>]}
[0m12:55:52.384137 [info ] [Thread-2 (]: 3 of 3 OK created sql table model public_marts.mart_job_market_insights ........ [[32mSELECT 10[0m in 1.08s]
[0m12:55:52.384506 [debug] [Thread-2 (]: Finished running node model.job_market_pipeline.mart_job_market_insights
[0m12:55:52.385350 [debug] [MainThread]: On master: COMMIT
[0m12:55:52.385557 [debug] [MainThread]: Using postgres connection "master"
[0m12:55:52.385718 [debug] [MainThread]: On master: COMMIT
[0m12:55:52.385868 [debug] [MainThread]: Opening a new connection, currently in state closed
[0m12:55:52.393220 [debug] [MainThread]: SQL status: COMMIT in 0.007 seconds
[0m12:55:52.393467 [debug] [MainThread]: On master: Close
[0m12:55:52.393717 [debug] [MainThread]: Connection 'master' was properly closed.
[0m12:55:52.393874 [debug] [MainThread]: Connection 'model.job_market_pipeline.stg_job_postings' was properly closed.
[0m12:55:52.394017 [debug] [MainThread]: Connection 'model.job_market_pipeline.mart_job_market_insights' was properly closed.
[0m12:55:52.394158 [debug] [MainThread]: Connection 'model.job_market_pipeline.int_job_skills_exploded' was properly closed.
[0m12:55:52.394418 [info ] [MainThread]: 
[0m12:55:52.394615 [info ] [MainThread]: Finished running 2 table models, 1 view model in 0 hours 0 minutes and 6.49 seconds (6.49s).
[0m12:55:52.395096 [debug] [MainThread]: Command end result
[0m12:55:52.418313 [debug] [MainThread]: Wrote artifact WritableManifest to /Users/lbaba/job_market_pipeline/dbt_project/target/manifest.json
[0m12:55:52.421105 [debug] [MainThread]: Wrote artifact SemanticManifest to /Users/lbaba/job_market_pipeline/dbt_project/target/semantic_manifest.json
[0m12:55:52.425328 [debug] [MainThread]: Wrote artifact RunExecutionResult to /Users/lbaba/job_market_pipeline/dbt_project/target/run_results.json
[0m12:55:52.425517 [info ] [MainThread]: 
[0m12:55:52.425752 [info ] [MainThread]: [32mCompleted successfully[0m
[0m12:55:52.426182 [info ] [MainThread]: 
[0m12:55:52.426486 [info ] [MainThread]: Done. PASS=3 WARN=0 ERROR=0 SKIP=0 NO-OP=0 TOTAL=3
[0m12:55:52.629453 [debug] [MainThread]: Resource report: {"command_name": "run", "command_success": true, "command_wall_clock_time": 8.011372, "process_in_blocks": "0", "process_kernel_time": 0.235569, "process_mem_max_rss": "145702912", "process_out_blocks": "0", "process_user_time": 2.008295}
[0m12:55:52.629878 [debug] [MainThread]: Command `dbt run` succeeded at 12:55:52.629823 after 8.01 seconds
[0m12:55:52.630171 [debug] [MainThread]: Sending event: {'category': 'dbt', 'action': 'invocation', 'label': 'end', 'context': [<snowplow_tracker.self_describing_json.SelfDescribingJson object at 0x10c363710>, <snowplow_tracker.self_describing_json.SelfDescribingJson object at 0x10c363610>, <snowplow_tracker.self_describing_json.SelfDescribingJson object at 0x10d8da5d0>]}
[0m12:55:52.630385 [debug] [MainThread]: Flushing usage events
[0m12:55:53.930311 [debug] [MainThread]: An error was encountered while trying to flush usage events
